-- phpMyAdmin SQL Dump
-- version 4.0.10.12
-- http://www.phpmyadmin.net
--
-- Хост: sankam.mysql.ukraine.com.ua
-- Время создания: Фев 12 2016 г., 12:20
-- Версия сервера: 5.6.27-75.0-log
-- Версия PHP: 5.6.17

SET SQL_MODE = "NO_AUTO_VALUE_ON_ZERO";
SET time_zone = "+00:00";


/*!40101 SET @OLD_CHARACTER_SET_CLIENT=@@CHARACTER_SET_CLIENT */;
/*!40101 SET @OLD_CHARACTER_SET_RESULTS=@@CHARACTER_SET_RESULTS */;
/*!40101 SET @OLD_COLLATION_CONNECTION=@@COLLATION_CONNECTION */;
/*!40101 SET NAMES utf8 */;

--
-- База данных: `sankam_demo`
--

-- --------------------------------------------------------

--
-- Структура таблицы `exercises`
--

CREATE TABLE IF NOT EXISTS `exercises` (
  `id` int(11) NOT NULL AUTO_INCREMENT,
  `user_id` int(11) NOT NULL,
  `name` varchar(255) NOT NULL,
  `name_desc` varchar(255) DEFAULT NULL,
  `order` int(11) DEFAULT '0',
  `image_1` varchar(255) DEFAULT NULL,
  `image_2` varchar(255) DEFAULT NULL,
  `image_3` varchar(255) DEFAULT NULL,
  `video` varchar(50) DEFAULT NULL,
  `description` text,
  `hash` varchar(32) NOT NULL,
  `created` datetime DEFAULT CURRENT_TIMESTAMP,
  `deleted` tinyint(1) DEFAULT '0',
  PRIMARY KEY (`id`),
  KEY `fk_exercise_user` (`user_id`)
) ENGINE=InnoDB  DEFAULT CHARSET=utf8 AUTO_INCREMENT=61 ;

--
-- Дамп данных таблицы `exercises`
--

INSERT INTO `exercises` (`id`, `user_id`, `name`, `name_desc`, `order`, `image_1`, `image_2`, `image_3`, `video`, `description`, `hash`, `created`, `deleted`) VALUES
(42, 1, 'Имитация ходьбы', 'с элементами сопротивления/облегчения сгибания/разгибания (попеременно каждой ногой)', 1, '8d33785aa046d8c9e4cc68a1b5586a79.png', '3aee966245636111aa84dba5b1d27c94.png', NULL, '', '<p><em>Дополнительное оборудование</em>: бедренная манжета, петля для стопы.<br></p><p><em>Исходное положение</em>: лежа на спине, одна нога согнута в тазобедренном и коленном суставах, другая - лежит на кушетке в положении разгибания. Каретки размещены над тазобедренным и голеностопным суставом. Натяжение голеностопного амортизатора - вертикально. Натяжение бедренного амортизатора – каретка смещается в краниальном направлении по оси ноги, сила натяжения зависит от того, что хотят получить сопротивление или облегчение.</p><p><em>Движение</em>: попеременное сгибание и разгибание в коленном и тазобедренном суставах. </p>', '266e60f118f5c64d76c4145e9d0c6ac9', '2016-02-10 19:38:24', 0),
(43, 1, 'Разгибание тазобедренного и коленного суставов', '', 2, 'cb636d9bdf4a2b7d0a36d72d0e7e5e4a.png', '5e9282d469a99b4e0fef6f2d4bfbbc11.png', NULL, '', '<p><em>Исходное положение</em>: коленно-кистевая стойка, каретка вертикально над манжетой, манжета на нижней трети голени</p><p><em>Движение</em>: разгибание тазобедренного и коленного сустава, до полного выпрямления ноги (желательно удерживать ногу параллельно полу), с одновременным разгибанием в позвоночнике в самой верхней точке разгибания.</p><p><em>Рекомендации</em>: при необходимости создать сопротивление, каретка передвигается в краниальном направлении. Возможно использование силового модуля. </p>', 'd45dadd46c383f7fc070c5ce04efa15e', '2016-02-10 19:42:01', 0),
(44, 1, 'Отведение согнутой ноги', 'стоя в коленно-кистевой стойке', 3, 'bef1e6213279441521fc67c955a1b8a3.png', '83cf6fcc486251180323b1435e1f9536.png', NULL, '', '<p><em>Дополнительное оборудование</em>: голеностопная манжета. Исходное положение: коленно-кистевая стойка, каретка вертикально над манжетой, голень разгружена.</p><p><em>Движение</em>: отведение согнутой ноги с кратковременной задержкой в положении максимального отведения</p><p><em>Рекомендации</em>: исключить разворот таза. При отведении бедро и голень параллельны полу. </p>', '574d5fa0a408f4a450cb61c813dd3981', '2016-02-10 19:45:18', 0),
(45, 1, 'Полукруг прямыми ногами', '', 4, '330f7ae99c2c8b269257cab1c0eb9df5.png', 'c89968e81572f084d91292672dafcacd.png', NULL, '', '<p><em>Дополнительное оборудование</em>: петля для стопы 2шт на голеностопный сустав, эластичный трос.<em><br></em></p><p><em>Исходное положение</em>: лежа на спине, ноги разогнуты , слегка разгружены и приподняты над плоскостью кушетки.<br></p><p><em>Движение</em>: плавно, без рывков отводим обе ноги в левую, а затем возвращаем в правую&nbsp; строну с максимальным приподниманием в центральной точке, очерчивая пятками полукруг.<br></p><p><em>Рекомендации</em>: следим за дыханием, не задерживаем его, в исходном положении&nbsp; - вдох, в момент наивысшего напряжения - выдох.</p>', 'ec06dfdbe567072b55869da6fb21ab90', '2016-02-10 19:46:56', 0),
(46, 1, 'Раскачивание прямых ног в стороны', '', 5, 'fff91865dd8a00c014f418acef9e40d6.png', 'abeb2d61868616f78dfcc33c575ce36c.png', NULL, '', '<p><em>Дополнительное оборудование</em>: петля для голеностопная 2шт. Исходное положение: ноги разогнуты в тазобедренном и коленном суставе, слегка разгружены и приподняты над плоскостью кушетки.</p><p><em>Движение</em>: раскачивание&nbsp; прямых ног вправо-влево.</p><p><em>Рекомендации</em>: вместе с движением ног стараемся делать боковой наклон в одноименную сторону. Следим за дыханием! В исходном положении- вдох. В момент наивысшего напряжения - выдох.</p>', 'e8ad9e74725c369b20db72c24c88343d', '2016-02-10 19:48:59', 0),
(47, 1, 'Разведение прямых ног', '', 6, 'f40580ae414cef953d2e770ad676f69c.png', '30858d56d363f90372647e39d1cccb2d.png', NULL, '', '<p><em>Дополнительное оборудование</em>: петля для стопы 2шт, голеностопный сустав. Исходное положение: ноги разогнуты в тазобедренном и коленном суставе, слегка разгружены и приподняты над плоскостью кушетки.</p><em>Движение</em>: пассивно-активное разведение ног с помощью специалиста, с дистальным сопротивлением при помощи изменения угла натяжения и длинны эластичного амортизатора. <br><p><em>Рекомендации</em>: для увеличения интенсивности упражнения, можно создать мануальное сопротивление или использовать дополнительный эластичный амортизатор, направление амортизатора идет параллельно главной оси движения. </p>', '5525581734273e75db6d2ad44d44cd00', '2016-02-10 19:52:03', 0),
(48, 1, 'Ходьба на прямых ногах ', '', 7, '007319fdfd445b6d60c15e5dc585b101.png', '5fc90724b8ff22993d5e44303da4486c.png', NULL, '', '<p><em>Дополнительное оборудование</em>: голеностопная манжета&nbsp; 2шт, петля для стопы, эластичный трос. </p><p><em>Исходное положение</em>: лежа на спине, ноги вместе , разгружены и немного приподняты над плоскостью кушетки, руки разведены в стороны ладонями в низ.<em><br></em></p><p><em>Движение</em>: попеременное поднимание&nbsp; ног, имитируя&nbsp; шаговые движения прямыми ногами.</p>', '3149d99054a8ad4d8b8804cb5fdf80ba', '2016-02-10 20:18:17', 0),
(49, 1, 'Отведение прямой ноги в строну ', '', 8, '257de4d4cb8a043d69b3c5ad1661d181.png', 'd086ec46744ecb30047091ea71c94a05.png', NULL, '', '<p><em>Дополнительное оборудование</em>: петля для стопы на голеностопный сустав. Статичный/эластичный трос</p><em>Исходное положение</em>: нога разогнута в тазобедренном и коленном суставах.<br><p><em>Движение</em>: пассивное или активное отведение, с сопротивлением и без него.</p><em>Рекомендации</em>: Для активного отведения ноги с сопротивлением, точка подвешивания перемещается в противоположном от движения направлении. Для увеличения интенсивности упражнения, можно создать мануальное сопротивление с помощью рук специалиста, использовать дополнительный эластичный амортизатор, размещая его на внешней стороне бедра или голени (направление амортизатора идет параллельно главной оси движения). Для максимального напряжения отводящих мышц можно использовать силовую колонну, отрегулировав направление троса параллельно оси движения. При поражении коленного сустава используется только проксимальное сопротивление. При нарушении координации движения, включают упражнения на стабилизацию ноги в максимально отведенном, супинированном/пронированном положении.<br><p><b>Важно!</b> Обратите внимание&nbsp; на боковое (ипсилатеральное) сгибание поясничного отдела позвоночника с группировкой косых мышц живота. </p>', '0c4963c0d38047fd3d9bcafe6938b335', '2016-02-10 20:23:10', 0),
(50, 1, 'Разгибание ноги', 'толчок ногой с преодолением отягощения от силовой колонны', 9, '9819e62dc24a897d2b924a35e52632d6.png', '8cbaa74e4cf6ac0e09ba3357bcd2500d.png', NULL, '', '<p><em>Дополнительное оборудование</em>: бедренная и голеностопная манжета, каретки вертикально над коленным и тазобедренным суставами, при необходимости сдвигаются дорсально/вентрально. Натяжение амортизаторов регулируется так, чтобы продольная ось ноги проходила параллельно плоскости кушетки.<em><br></em></p><p><em>Исходное положение</em>: лежа на боку, верхняя нога согнута в тазобедренном и коленном суставах.<br></p><p><em>Движение</em>: разгибание в коленном и тазобедренном суставе. Толчок ногой вниз</p><p><i>Рекомендации</i>: Внимание! Для предотвращения появления наружной ротации, приводящее к неправильному положению тазобедренного сустава требуется исключение из использования петли для стопы. Ограничивать амплитуду движения у пациентов с эндопротезами! </p>', '26a78282b4d88889adf7c166525dbe0a', '2016-02-10 20:25:32', 0),
(51, 1, 'Маховое движение ногой', '', 10, '2fe853d6c05f48d3b6ed768b78b56b56.png', '191dca2022dc4978fd33aca81fb3a3e2.png', NULL, '', '<p><em>Дополнительное оборудование</em>: бедренная и голеностопная манжета, точки подвешивания&nbsp; вертикально над коленным и тазобедренным суставами, при необходимости сдвигаются дорсально/вентрально. Натяжение тросов регулируется так, чтобы продольная ось ноги проходила параллельно плоскости кушетки.<br></p><p><em>Исходное положение</em>: лежа на боку, верхняя нога согнута в тазобедренном и коленном суставах.<em><br>Движение</em>: совершаем маховое движение ногой, имитируя удар по мячу.</p><p><em>Рекомендации</em>: Внимание! Для предотвращения появления наружной ротации, приводящее к неправильному положению тазобедренного сустава не рекомендуется использование&nbsp; петли для стопы. Ограничивать амплитуду движения у пациентов с эндопротезами! </p>', 'a8d13f2b487373504bc405d3be309c96', '2016-02-10 20:29:33', 0),
(52, 1, 'Отведение согнутой ноги', '', 11, '102407afab364e0733166f2e9e78c03b.png', 'a7e2dcfa97443f617b0cd40d86153f35.png', NULL, '', '<p><em>Дополнительное оборудование</em>: бедренная и голеностопная манжета, точки подвешивания вертикально над коленным и тазобедренным суставами, при необходимости сдвигаются дорсально/вентрально. Натяжение амортизаторов регулируется так, чтобы&nbsp; коленный сустав находился ниже голеностопного.<em><br></em></p><p><em>Исходное положение</em>: лежа на боку, верхняя нога согнута в тазобедренном и коленном суставах. <br></p><p><em>Движение</em>: отведение ноги вверх. </p><p><em>Рекомендации</em>: Внимание! Для предотвращения появления наружной ротации, приводящее к неправильному положению тазобедренного сустава необходимо исключить из использования петли для стопы. Ограничивать амплитуду движения у пациентов с эндопротезами! </p>', '8911da778bdeb4e1724a29bb472fc14f', '2016-02-10 20:30:47', 0),
(53, 1, 'Стойка на одном локте', '', 12, '4d1a5090b5cb971d88bf95c2afeaabf9.png', '7b88bb43c0b9adad86a6823414705e58.png', NULL, '', '<p><em>Исходное положение</em>: лежа на боку с опорой на локоть. Вторая рука за головой,&nbsp; ноги согнуты в тазобедренных и коленных суставах.</p><p><em>Движение</em>: плавно опустите локоть вперед&nbsp; перед грудью по направлению к кушетке, одновременно наклоняя и поворачивая&nbsp; торс.<em><br></em></p><p><em>Рекомендации</em>: Бедра остаются неподвижными. Следите за дыханием. В исходном положении - вдох. В момент наивысшего напряжения - выдох.</p>', 'fcc22a56012fbade66cfb13809c725ae', '2016-02-10 20:31:55', 0),
(54, 1, 'Отведение руки вверх', 'стоя на одном локте с отягощением', 13, '41ef533b52e983857e06d74ecdf0bcf1.png', '88e7c67325ce556be23df52f9b9ce0bb.png', NULL, '', '<p><em>Дополнительное оборудование</em>: гантель<br></p><p><em>Исходное положение</em>: лежа на боку с опорой на руку, согнутую в локте, вертикально под плечевым суставом. Ноги согнуты в тазобедренных&nbsp; и в коленных суставах. В верхней руке гантель ладонь обращена к телу. <br></p><p><em>Движение</em>: отводим прямую руку через сторону вверх одновременно округляя&nbsp; грудной отдел позвоночника.<br></p><p><i>Рекомендации</i>: не допускается вытягивать голову или подбородок вперед, отклонять верхнюю часть тела назад. </p>', '682cbbe29c46f87101237ba71122b556', '2016-02-10 20:33:13', 0),
(55, 1, 'Отведение руки вперед', 'с гантелью', 14, '80d2a2011d9de16aa9cea752b13e6822.png', '71cdda20daea1670686fd9b29f20b606.png', NULL, '', '<p><em>Дополнительное оборудование</em>: гантель.<em><br></em></p><p><em>Исходное положение</em>: лежа на боку с опорой на руку, согнутую в локте, вертикально под плечевым суставом. Позвоночник находится в нейтральном положении. Ноги согнуты в тазобедренных и в коленных суставах. Верхняя рука отведена в сторону на уровне плечевого сустава, ладонь направлена вперед. <br></p><p><em>Движение</em>: из исходного положения гантель движется дугообразно вперед по направлению к кушетке с одновременным&nbsp; спиральным скручиванием верхней части туловища. </p><p><em>Рекомендации</em>: не допускается вытягивать голову или подбородок вперед, отклонять верхнюю часть тела назад. Следите за дыханием. В исходном положении - вдох. В момент наивысшего напряжения - выдох.</p>', 'f18d94f0c0b0289ead2d9208f99c0738', '2016-02-10 20:35:02', 0),
(56, 1, 'Отведение руки параллельно полу', '', 15, '94a085c9ef1a2b799dd60725fcfabe5b.png', '46c8a225c0fd49c32300afbf9b0890ae.png', NULL, '', '<p><em>Дополнительное оборудование</em>: гантель<em><br></em></p><p><em>Исходное положение</em>: лежа на боку с опорой на руку, согнутую в локте, вертикально под плечевым суставом. Ноги согнуты в тазобедренных и в коленных суставах. В рабочей руке гантель, ладонь обращена к телу, рука выпрямлена к тазу вдоль оси позвоночника.<br></p><p><em>Движение</em>: удерживая все тело в фиксированном положении, отводим прямую руку через сторону вверх траектория движения параллельно полу.<em><br></em></p><p><em>Рекомендации</em>: не допускается вытягивать голову или подбородок вперед, отклонять верхнюю часть тела назад. </p>', '33461913e80d1dff96a0f2f3f4071953', '2016-02-10 20:36:23', 0),
(57, 10, 'Ходьба по ступенькам', '', 1, '0e6b0e124f6beccc103afa346fd05a5b.png', 'f2d3b4f9206b578729338cdbf79f2589.png', NULL, '', '<p>Во избежание рекурвации &nbsp;в переноса веса тела на пораженную конечность важно удерживать колено в полусогнутом состоянии&nbsp;</p>', 'ca6b2f82ebb5ca8b9bd2b252b7b7268c', '2016-02-11 17:29:09', 0),
(58, 10, 'Упражнения  на скользящей поверхности ', 'пластиковая панель ', 2, 'b026314da075bef1c3f7907abde97292.png', '4e35863182bcecd1acbe5f5d3a3a397e.png', NULL, '', 'разгибание возможно только &nbsp;максимально отведенном предплечье и выведением пр', '7afa853b70fd27be9de829ed6a8260ca', '2016-02-11 17:35:28', 0),
(59, 10, 'приседание', '', 3, 'a39e0d6e5df220d338d90e265257c062.png', NULL, NULL, '', '', '18439dd225866d995c675c8f00374f01', '2016-02-11 17:36:05', 0),
(60, 10, 'подтягивание', '', 4, '03bd51274929626ab0f09a896cf5df0f.png', NULL, NULL, '', '', '2e351b6eac9337884b7a8abc2a3dcb6b', '2016-02-11 17:36:36', 0);

-- --------------------------------------------------------

--
-- Структура таблицы `exercises_progress`
--

CREATE TABLE IF NOT EXISTS `exercises_progress` (
  `id` int(11) NOT NULL AUTO_INCREMENT,
  `exercise_id` int(11) NOT NULL,
  `progress_id` int(11) NOT NULL,
  `order` int(11) DEFAULT '0',
  PRIMARY KEY (`id`),
  KEY `fk_progress_exercise` (`exercise_id`),
  KEY `fk_progress` (`progress_id`)
) ENGINE=InnoDB  DEFAULT CHARSET=utf8 AUTO_INCREMENT=26 ;

--
-- Дамп данных таблицы `exercises_progress`
--

INSERT INTO `exercises_progress` (`id`, `exercise_id`, `progress_id`, `order`) VALUES
(17, 42, 43, 1),
(18, 42, 42, 2),
(19, 44, 42, 1),
(20, 44, 44, 2),
(21, 44, 46, 3),
(22, 57, 57, 1),
(23, 58, 58, 1),
(24, 59, 59, 1),
(25, 60, 60, 1);

-- --------------------------------------------------------

--
-- Структура таблицы `exercises_related`
--

CREATE TABLE IF NOT EXISTS `exercises_related` (
  `id` int(11) NOT NULL AUTO_INCREMENT,
  `exercise_id` int(11) NOT NULL,
  `related_id` int(11) NOT NULL,
  `order` int(11) DEFAULT '0',
  PRIMARY KEY (`id`),
  KEY `fk_exercises_related` (`exercise_id`),
  KEY `fk_related` (`related_id`)
) ENGINE=InnoDB  DEFAULT CHARSET=utf8 AUTO_INCREMENT=59 ;

--
-- Дамп данных таблицы `exercises_related`
--

INSERT INTO `exercises_related` (`id`, `exercise_id`, `related_id`, `order`) VALUES
(57, 42, 43, 1),
(58, 42, 46, 2);

-- --------------------------------------------------------

--
-- Структура таблицы `exercises_results`
--

CREATE TABLE IF NOT EXISTS `exercises_results` (
  `id` int(11) NOT NULL AUTO_INCREMENT,
  `exercise_id` int(11) NOT NULL,
  `program_id` int(11) NOT NULL,
  `tab_id` int(11) NOT NULL,
  `user_id` int(11) NOT NULL,
  `data` text,
  PRIMARY KEY (`id`),
  KEY `fk_results_user` (`user_id`),
  KEY `fk_results_tabs` (`tab_id`),
  KEY `fk_results_programs` (`program_id`),
  KEY `fk_results_exercise` (`exercise_id`)
) ENGINE=InnoDB DEFAULT CHARSET=utf8 AUTO_INCREMENT=1 ;

-- --------------------------------------------------------

--
-- Структура таблицы `exercises_tags`
--

CREATE TABLE IF NOT EXISTS `exercises_tags` (
  `id` int(11) NOT NULL AUTO_INCREMENT,
  `exercise_id` int(11) NOT NULL,
  `tag_id` int(11) NOT NULL,
  PRIMARY KEY (`id`),
  KEY `fk_tags_links_exercises` (`tag_id`),
  KEY `fk_exercises_links_tags` (`exercise_id`)
) ENGINE=InnoDB  DEFAULT CHARSET=utf8 AUTO_INCREMENT=188 ;

--
-- Дамп данных таблицы `exercises_tags`
--

INSERT INTO `exercises_tags` (`id`, `exercise_id`, `tag_id`) VALUES
(164, 42, 3),
(165, 42, 15),
(166, 42, 18),
(167, 42, 21),
(168, 42, 22),
(169, 42, 23),
(170, 42, 28),
(171, 42, 29),
(172, 42, 30),
(173, 42, 31),
(174, 43, 3),
(175, 43, 7),
(176, 43, 15),
(177, 43, 18),
(178, 43, 21),
(179, 43, 22),
(180, 43, 23),
(181, 43, 28),
(182, 43, 29),
(183, 43, 31),
(184, 43, 30),
(185, 44, 3),
(186, 44, 6),
(187, 44, 16);

-- --------------------------------------------------------

--
-- Структура таблицы `meta`
--

CREATE TABLE IF NOT EXISTS `meta` (
  `id` int(11) NOT NULL AUTO_INCREMENT,
  `key` varchar(255) NOT NULL,
  `method` varchar(32) DEFAULT NULL,
  `title` varchar(255) DEFAULT NULL,
  `description` varchar(255) DEFAULT NULL,
  `keywords` varchar(255) DEFAULT NULL,
  `hash` varchar(32) NOT NULL,
  `deleted` tinyint(1) DEFAULT '0',
  PRIMARY KEY (`id`),
  UNIQUE KEY `pk_key` (`key`),
  KEY `pk_method` (`method`)
) ENGINE=InnoDB  DEFAULT CHARSET=utf8 AUTO_INCREMENT=15 ;

--
-- Дамп данных таблицы `meta`
--

INSERT INTO `meta` (`id`, `key`, `method`, `title`, `description`, `keywords`, `hash`, `deleted`) VALUES
(1, 'site/index/', NULL, 'Главная', 'Описание главной страницы...', 'главная', '4c76c6a8512dd2f8941e431e7ea8eb8a', 0),
(2, 'site/feedback/', '', 'Обратная связь', 'Описание страницы...', 'обратная связь', 'a0d78d8cbf011a82e410e6948547b2d2', 0),
(6, 'user/login/', '', 'Авторизация', 'Описание страницы....', '', 'e4da3b7fbbce2345d7772b0674a318d5', 0);

-- --------------------------------------------------------

--
-- Структура таблицы `programs`
--

CREATE TABLE IF NOT EXISTS `programs` (
  `id` int(11) NOT NULL AUTO_INCREMENT,
  `name` varchar(255) NOT NULL,
  `mail` varchar(255) DEFAULT NULL,
  `image` varchar(255) DEFAULT NULL,
  `description` text,
  `user_id` int(11) NOT NULL,
  `order` int(11) DEFAULT '0',
  `created` datetime DEFAULT CURRENT_TIMESTAMP,
  `edited` datetime DEFAULT NULL,
  `hash` varchar(32) NOT NULL,
  `deleted` tinyint(1) DEFAULT '0',
  PRIMARY KEY (`id`),
  KEY `fk_program_user` (`user_id`),
  KEY `pk_program_hash` (`hash`)
) ENGINE=InnoDB  DEFAULT CHARSET=utf8 AUTO_INCREMENT=55 ;

--
-- Дамп данных таблицы `programs`
--

INSERT INTO `programs` (`id`, `name`, `mail`, `image`, `description`, `user_id`, `order`, `created`, `edited`, `hash`, `deleted`) VALUES
(35, 'отведение, имитация, разгибание', NULL, '506c9d67a18426c27df66443d728f39b.png', '<p>Следим за дыханием! В исходном положении- вдох. В момент наивысшего напряжения - выдох.</p>', 1, 1, '2016-02-10 20:41:56', NULL, 'a130544d38f3bc90b4a073fe30710ffd', 0),
(36, 'ноги 2', NULL, '7e21af6b9864895c86add13499096f01.png', '<p>текстовый редактор, режет все атрибуты, разрешено только теги</p>', 1, 2, '2016-02-10 20:54:57', NULL, 'c92d625b6aa7db02f4aa0650e3736d39', 0),
(37, 'моя программа', '', NULL, '', 9, 1, '2016-02-10 21:04:40', NULL, '62005141892d228734c9c748478bebd5', 0),
(38, 'Yjfdgdf', '79198889134@ya.ua', NULL, '79198889134@ya.ua', 9, 2, '2016-02-10 21:10:50', '2016-02-10 21:13:58', '4e9f04c9f4083e2fcce7c0b023341acb', 0),
(39, 'Третья программа', NULL, '0de83c762b5f42d8cee0fa2ba6fef106.png', '', 1, 3, '2016-02-10 21:52:12', NULL, 'a2abd7dde2a648c76dd82d5eccf772f8', 0),
(40, ' Порядок в списке 1', NULL, '6f419432d6eaf758ba0a431c4fa22830.png', '', 1, 1, '2016-02-11 12:05:36', NULL, '6328b35cff6b212ce533e4be39b23830', 0),
(41, '10', '', NULL, '', 9, 3, '2016-02-11 12:11:18', '2016-02-11 12:16:40', '35ffb3012dec991ead6ccb5f9b27efb3', 0),
(42, 'Иванов', '', NULL, '', 9, 4, '2016-02-11 14:02:46', '2016-02-11 14:03:36', '1681112fd8287bcdcbdfd7f50977b7c2', 0),
(43, 'коксатроз', 'k3456275@yandex.ru', NULL, 'лечение коксартроза ', 10, 1, '2016-02-11 15:38:42', NULL, '21050a7555a3a3499e073d3d5f35230d', 1),
(44, 'коксартроз', 'k3456275@yandex.ru', NULL, 'sfghsthaefkgjaflihIF', 10, 1, '2016-02-11 15:39:42', NULL, 'f2c1d2c81d73dcc6b9afe0493e2666d1', 1),
(45, '456', '', NULL, '', 10, 1, '2016-02-11 15:42:17', NULL, '1d012c785e652bcab7b07dbf865acd94', 0),
(46, '123', '', NULL, '', 10, 2, '2016-02-11 15:45:33', NULL, 'a38ae509f3a7c65071240cb22ff74cb1', 0),
(47, '3455', '', NULL, '', 10, 3, '2016-02-11 16:37:36', '2016-02-11 17:23:07', 'f2a4d5fef1ce617b3a03b9bd28f3ae03', 0),
(48, 'Комплекс упражнений ', '', NULL, 'ТБСМ упражнения для нижней параплегии ', 10, 4, '2016-02-11 16:55:58', NULL, 'a555b5166d864dae9c722fd12d7abd84', 0),
(49, 'Афаткина', '', NULL, '', 10, 5, '2016-02-11 17:24:55', '2016-02-12 10:27:23', 'e7989f5db925eb10c0eb4af8082a53f9', 0),
(50, '10', '', NULL, '', 9, 5, '2016-02-11 19:16:22', NULL, 'db08cf03ea4c01cc182b0ee56f228407', 0),
(51, '1', '', NULL, '', 9, 6, '2016-02-11 19:32:46', NULL, 'bacec8e945a0532824b271954704d0e1', 0),
(52, 'Иванов', '', NULL, 'Иван Петрович ', 10, 6, '2016-02-12 10:17:41', '2016-02-12 10:19:41', '64002e6570eb792d31623eda79cf6059', 0),
(53, 'Петров', '', NULL, 'Аркадий ', 10, 7, '2016-02-12 10:18:44', '2016-02-12 10:22:12', '0e9b2d98fcc0da94a56d9babed630dfe', 0),
(54, 'Васильев', '', NULL, 'Мстислав ', 10, 8, '2016-02-12 10:23:43', NULL, '7275504a1f31ac439f2c9fb8b7f88e71', 0);

-- --------------------------------------------------------

--
-- Структура таблицы `programs_exercises`
--

CREATE TABLE IF NOT EXISTS `programs_exercises` (
  `id` int(11) NOT NULL AUTO_INCREMENT,
  `program_id` int(11) NOT NULL,
  `tab_id` int(11) NOT NULL,
  `exercise_id` int(11) NOT NULL,
  `quantity` int(11) DEFAULT '0',
  `approaches` int(11) DEFAULT '0',
  `weight` float DEFAULT NULL,
  `comment` text,
  `order` int(11) DEFAULT '0',
  PRIMARY KEY (`id`),
  KEY `fk_program_exercises` (`exercise_id`),
  KEY `fk_program_tabs` (`tab_id`),
  KEY `fk_tab_exercise_program` (`program_id`)
) ENGINE=InnoDB  DEFAULT CHARSET=utf8 AUTO_INCREMENT=217 ;

--
-- Дамп данных таблицы `programs_exercises`
--

INSERT INTO `programs_exercises` (`id`, `program_id`, `tab_id`, `exercise_id`, `quantity`, `approaches`, `weight`, `comment`, `order`) VALUES
(83, 35, 39, 44, 0, 0, NULL, NULL, 1),
(84, 35, 39, 42, 0, 0, NULL, NULL, 2),
(85, 35, 39, 43, 0, 0, NULL, NULL, 3),
(86, 36, 40, 45, 0, 0, NULL, NULL, 1),
(87, 37, 41, 42, 0, 0, NULL, NULL, 1),
(88, 37, 41, 43, 0, 0, NULL, NULL, 2),
(89, 37, 41, 45, 0, 0, NULL, NULL, 3),
(90, 37, 41, 43, 0, 0, NULL, NULL, 4),
(91, 37, 42, 42, 0, 0, NULL, NULL, 1),
(92, 37, 43, 46, 0, 0, NULL, NULL, 1),
(93, 37, 43, 49, 0, 0, NULL, NULL, 2),
(94, 37, 43, 49, 0, 0, NULL, NULL, 3),
(95, 38, 44, 45, 0, 0, NULL, NULL, 2),
(96, 38, 44, 42, 0, 0, NULL, NULL, 1),
(97, 38, 44, 44, 0, 0, NULL, NULL, 3),
(98, 38, 44, 45, 0, 0, NULL, NULL, 4),
(99, 38, 44, 43, 0, 0, NULL, NULL, 5),
(100, 38, 45, 44, 0, 0, NULL, NULL, 1),
(101, 38, 45, 42, 0, 0, NULL, NULL, 2),
(102, 38, 45, 43, 0, 0, NULL, NULL, 3),
(103, 38, 45, 45, 0, 0, NULL, NULL, 4),
(104, 39, 46, 42, 0, 0, NULL, NULL, 1),
(105, 41, 48, 42, 0, 0, 0, '', 4),
(106, 41, 48, 43, 0, 0, NULL, NULL, 1),
(107, 41, 48, 45, 0, 0, NULL, NULL, 3),
(108, 41, 48, 45, 0, 0, NULL, NULL, 3),
(109, 42, 49, 42, 0, 0, 0, '10', 1),
(110, 46, 54, 42, 0, 0, NULL, NULL, 1),
(111, 46, 54, 43, 0, 0, NULL, NULL, 2),
(112, 46, 54, 44, 0, 0, NULL, NULL, 3),
(119, 47, 56, 43, 0, 0, NULL, NULL, 6),
(120, 47, 56, 43, 0, 0, NULL, NULL, 6),
(121, 47, 56, 43, 0, 0, NULL, NULL, 6),
(122, 47, 56, 43, 0, 0, NULL, NULL, 6),
(123, 47, 56, 43, 0, 0, NULL, NULL, 6),
(124, 47, 56, 43, 0, 0, NULL, NULL, 6),
(131, 47, 58, 48, 0, 0, NULL, NULL, 5),
(132, 47, 58, 48, 0, 0, NULL, NULL, 5),
(133, 47, 58, 48, 0, 0, NULL, NULL, 5),
(134, 47, 58, 48, 0, 0, NULL, NULL, 5),
(135, 47, 58, 48, 0, 0, NULL, NULL, 5),
(136, 47, 59, 54, 0, 0, NULL, NULL, 6),
(137, 47, 59, 54, 0, 0, NULL, NULL, 6),
(138, 47, 59, 54, 0, 0, NULL, NULL, 6),
(139, 47, 59, 54, 0, 0, NULL, NULL, 6),
(140, 47, 59, 54, 0, 0, NULL, NULL, 6),
(141, 47, 59, 54, 0, 0, NULL, NULL, 6),
(142, 47, 55, 43, 0, 0, 0, '', 4),
(143, 47, 55, 53, 0, 0, 0, '', 10),
(144, 47, 55, 51, 0, 0, 0, '', 5),
(145, 47, 55, 55, 0, 0, 0, '', 12),
(146, 47, 55, 51, 0, 0, NULL, NULL, 5),
(147, 47, 55, 52, 0, 0, NULL, NULL, 6),
(148, 47, 55, 53, 0, 0, NULL, NULL, 10),
(149, 47, 55, 53, 0, 0, NULL, NULL, 10),
(150, 47, 55, 53, 0, 0, NULL, NULL, 10),
(151, 47, 55, 53, 0, 0, NULL, NULL, 10),
(152, 47, 55, 56, 0, 0, NULL, NULL, 11),
(153, 47, 55, 55, 0, 0, NULL, NULL, 12),
(154, 47, 55, 48, 0, 0, NULL, NULL, 14),
(155, 47, 55, 48, 0, 0, NULL, NULL, 14),
(156, 47, 55, 46, 0, 0, NULL, NULL, 15),
(157, 48, 60, 53, 0, 0, NULL, NULL, 1),
(158, 48, 60, 55, 0, 0, NULL, NULL, 2),
(159, 48, 60, 51, 0, 0, NULL, NULL, 3),
(160, 48, 60, 43, 0, 0, NULL, NULL, 4),
(161, 48, 60, 51, 0, 0, NULL, NULL, 5),
(162, 48, 60, 52, 0, 0, NULL, NULL, 6),
(163, 48, 60, 53, 0, 0, NULL, NULL, 7),
(164, 48, 60, 53, 0, 0, NULL, NULL, 8),
(165, 48, 60, 53, 0, 0, NULL, NULL, 9),
(166, 48, 60, 53, 0, 0, NULL, NULL, 10),
(167, 48, 60, 56, 0, 0, NULL, NULL, 11),
(168, 48, 60, 55, 0, 0, NULL, NULL, 12),
(169, 48, 60, 48, 0, 0, NULL, NULL, 13),
(170, 48, 60, 48, 0, 0, NULL, NULL, 14),
(171, 48, 60, 46, 0, 0, NULL, NULL, 15),
(172, 48, 61, 43, 0, 0, NULL, NULL, 1),
(173, 48, 61, 43, 0, 0, NULL, NULL, 2),
(174, 48, 61, 43, 0, 0, NULL, NULL, 3),
(175, 48, 61, 43, 0, 0, NULL, NULL, 4),
(176, 48, 61, 43, 0, 0, NULL, NULL, 5),
(177, 48, 61, 43, 0, 0, NULL, NULL, 6),
(178, 48, 62, 50, 0, 0, NULL, NULL, 1),
(179, 48, 62, 50, 0, 0, NULL, NULL, 2),
(180, 48, 62, 50, 0, 0, NULL, NULL, 3),
(181, 48, 62, 50, 0, 0, NULL, NULL, 4),
(182, 48, 62, 50, 0, 0, NULL, NULL, 5),
(183, 48, 62, 50, 0, 0, NULL, NULL, 6),
(184, 48, 63, 48, 0, 0, NULL, NULL, 1),
(185, 48, 63, 48, 0, 0, NULL, NULL, 2),
(186, 48, 63, 48, 0, 0, NULL, NULL, 3),
(187, 48, 63, 48, 0, 0, NULL, NULL, 4),
(188, 48, 63, 48, 0, 0, NULL, NULL, 5),
(189, 48, 64, 54, 0, 0, NULL, NULL, 1),
(190, 48, 64, 54, 0, 0, NULL, NULL, 2),
(191, 48, 64, 54, 0, 0, NULL, NULL, 3),
(192, 48, 64, 54, 0, 0, NULL, NULL, 4),
(193, 48, 64, 54, 0, 0, NULL, NULL, 5),
(194, 48, 64, 54, 0, 0, NULL, NULL, 6),
(195, 47, 57, 45, 0, 0, NULL, NULL, 1),
(196, 47, 57, 44, 0, 0, NULL, NULL, 9),
(197, 47, 57, 42, 0, 0, NULL, NULL, 10),
(198, 47, 57, 43, 0, 0, NULL, NULL, 11),
(199, 47, 57, 42, 0, 0, NULL, NULL, 10),
(200, 47, 57, 44, 0, 0, NULL, NULL, 9),
(201, 47, 57, 42, 0, 0, NULL, NULL, 10),
(202, 47, 57, 43, 0, 0, NULL, NULL, 11),
(203, 47, 57, 44, 0, 0, NULL, NULL, 9),
(204, 47, 57, 42, 0, 0, NULL, NULL, 10),
(205, 47, 57, 43, 0, 0, NULL, NULL, 11),
(207, 50, 68, 42, 0, 0, NULL, NULL, 1),
(208, 50, 68, 42, 0, 0, NULL, NULL, 2),
(209, 50, 68, 42, 0, 0, NULL, NULL, 3),
(210, 50, 68, 42, 0, 0, NULL, NULL, 4),
(211, 51, 69, 42, 0, 0, NULL, NULL, 1),
(212, 54, 70, 57, 0, 0, 0, '', 1),
(213, 54, 70, 57, 0, 0, 0, '', 2),
(214, 54, 70, 57, 0, 0, 0, '', 3),
(215, 49, 71, 57, 0, 0, 0, '', 1),
(216, 49, 71, 58, 0, 0, 0, '', 2);

-- --------------------------------------------------------

--
-- Структура таблицы `programs_tabs`
--

CREATE TABLE IF NOT EXISTS `programs_tabs` (
  `id` int(11) NOT NULL AUTO_INCREMENT,
  `tab_name` varchar(255) NOT NULL,
  `program_id` int(11) NOT NULL,
  `hash` varchar(32) NOT NULL,
  PRIMARY KEY (`id`),
  KEY `fk_tab_program` (`program_id`)
) ENGINE=InnoDB  DEFAULT CHARSET=utf8 AUTO_INCREMENT=72 ;

--
-- Дамп данных таблицы `programs_tabs`
--

INSERT INTO `programs_tabs` (`id`, `tab_name`, `program_id`, `hash`) VALUES
(39, 'Упражнения', 35, '1de9fe4df3075964eed037b0bcd8ad1d'),
(40, 'Упражнения', 36, '8b542226bb74f3424f84277c5d755f35'),
(41, 'понедельник', 37, '4e29e878d5acb778ff9926665a1f9f20'),
(42, 'Вториник', 37, '72930a2490fbd7a3c77a1a96d66e01c2'),
(43, 'Среда', 37, '4931c70ab9578b6b864d56888d0d95bf'),
(44, '10', 38, '30fe1ecde01f512115b4fd9c18a34700'),
(45, '10', 38, '6e5af6821a70b4063cf7b5eadf6d284d'),
(46, 'Упражнения', 39, '38dfa30242c777c75b2e3eb169522f91'),
(47, 'Упражнения', 40, '4a456037ec49f1e2baa39acf351186d3'),
(48, '10', 41, '8cd31f4d2c57c296f9440fa7cc17f133'),
(49, 'Вторник', 42, 'b217c8aafc3a7ed935a9dc4beb5cff60'),
(50, '1', 43, 'c742d81fcb0925d96bdc9d82135db31a'),
(51, '1', 44, '0723c0ea5649da632bbce5c966e988a5'),
(52, '2', 44, 'a4f2bbd3bf1c548b9fad55435f19043a'),
(53, '1', 45, '96203c3802a8d80ca65b01acbb757d5e'),
(54, '1', 46, '3b3e6bdbb20342833aa8a3ea8f3198f4'),
(55, 'сидя ', 47, '3aabf0a84669057d2f0647676625ac4a'),
(56, 'лежа ', 47, '7c70420da1af62beb1cca7e4aaeb1866'),
(57, 'стоя', 47, '52b619636d0f724c874dc574d076491a'),
(58, 'Ходьба', 47, '1640793861ba9f15b6e64e0934abc582'),
(59, 'Дыхательная гимнастика ', 47, '9a0aa60ba5887114a073c8c0538d0a2a'),
(60, 'сидя ', 48, '227eb18c1ea02287c4b54ee6706fd45a'),
(61, 'лежа ', 48, 'd1d60f224172a0376355fe9373647768'),
(62, 'стоя', 48, '214a834c47f03e11addc726cac59747b'),
(63, 'Ходьба', 48, '0a17a68652e692b5ac772224ecd84e18'),
(64, 'Дыхательная гимнастика ', 48, '58c1bb7bdcfa847eae68c8d082d548f1'),
(68, '10', 50, 'c566f247cb741540bbdbafeaccbb731e'),
(69, '1', 51, '630e21fa91ebcce9c66e6daf7f25b268'),
(70, 'лежа', 54, 'c76a0ae12853cfc0db723fd00a4801ce'),
(71, 'ходьба ', 49, '40ef797675772bf34f68db2f2a955e96');

-- --------------------------------------------------------

--
-- Структура таблицы `settings`
--

CREATE TABLE IF NOT EXISTS `settings` (
  `id` int(11) NOT NULL AUTO_INCREMENT,
  `key` varchar(20) NOT NULL,
  `value` text,
  `type` varchar(20) DEFAULT NULL,
  `validation` varchar(255) DEFAULT NULL,
  `show` tinyint(1) DEFAULT '1',
  `order` int(11) DEFAULT '0',
  PRIMARY KEY (`id`),
  UNIQUE KEY `pk_key` (`key`)
) ENGINE=InnoDB  DEFAULT CHARSET=utf8 AUTO_INCREMENT=23 ;

--
-- Дамп данных таблицы `settings`
--

INSERT INTO `settings` (`id`, `key`, `value`, `type`, `validation`, `show`, `order`) VALUES
(1, 'site_name', 'Training Programme', 'input', 'required|trim', 1, 1),
(2, 'site_mail', 'info@domain.com', 'input', 'required|trim|valid_email', 1, 2),
(3, 'bot_mail', 'info@reafit.ru', 'input', 'required|trim|valid_email', 1, 3),
(4, 'recovery_text', '{EMAIL}\n{SURNAME}\n{NAME}\n{MIDDLE_NAME}\n{REGION}\n{PHONE}\n{STATUS}\n{DATE}\n{PASSWORD}', 'textarea', 'required', 1, 4),
(5, 'regions', 'Москва и Московская область\nСанкт-Петербург\nАдыгея\nАлтай\nБашкортостан\nБурятия\nДагестан\nИнгушетия\nКабардино-Балкария\nКалмыкия\nКарачаево-Черкесия\nКарелия\nКоми\nКрым\nМарий Эл\nМордовия\nСаха (Якутия)\nСеверная Осетия — Алания\nТатарстан\nТыва\nУдмуртия\nХакасия\nЧечня\nЧувашия\nАлтайский край\nЗабайкальский край\nКамчатский край\nКраснодарский край\nКрасноярский край\nПермский край\nПриморский край\nСтавропольский край\nХабаровский край\nАмурская область\nАрхангельская область\nАстраханская область\nБелгородская область\nБрянская област\nВладимирская область\nВолгоградская область\nВологодская область\nВоронежская область\nИвановская область\nИркутская область\nКалининградская область\nКалужская область\nКемеровская область\nКировская область\nКостромская область\nКурганская область\nКурская область\nЛенинградская область\nЛипецкая область\nМагаданская область\nМосковская область\nМурманская область\nНижегородская область\nНовгородская область\nНовосибирская область\nОмская область\nОренбургская область\nОрловская область\nПензенская область\nПсковская область\nРостовская область\nРязанская область\nСамарская область\nСаратовская область\nСахалинская область\nСвердловская область\nСмоленская область\nТамбовская область\nТверская область\nТомская область\nТульская область\nТюменская область\nУльяновская область\nЧелябинская область\nЯрославская область\nСевастополь\nЕврейская АО\nНенецкий АО\nХанты-Мансийский АО — Югра\nЧукотский АО\nЯмало-Ненецкий АО', 'textarea', 'required', 1, 10),
(6, 'register_text', '{EMAIL}\n{SURNAME}\n{NAME}\n{MIDDLE_NAME}\n{REGION}\n{PHONE}\n{STATUS}\n{LINK}\n{PASSWORD}', 'textarea', 'required', 1, 5),
(8, 'home_header', 'Главная страница', 'input', 'trim', 1, 11),
(9, 'home_text', '<p>статичный текст</p>', 'textarea', 'trim', 1, 12),
(10, 'home_video', '<p>видео инструкция</p>', 'textarea', 'trim', 1, 13),
(11, 'home_end_text', '<p>чтобы начать создавать программы необходимо зарегистрироваться или авторизироваться</p>', 'textarea', 'trim', 1, 14),
(12, 'forum_url', '#', 'input', 'trim', 1, 19),
(13, 'feedback_text', '{SUBJECT}\n{EMAIL}\n{PHONE}\n{MESSAGE}\n{DATE}', 'textarea', 'required', 1, 6),
(14, 'changes_text', '{SURNAME}\n{NAME}\n{MIDDLE_NAME}\n{REGION}\n{PHONE}\n{STATUS}\n{DATE}\n{EMAIL}\n{NEW_EMAIL}\n{NEW_SURNAME}\n{NEW_NAME}\n{NEW_MIDDLE_NAME}\n{NEW_REGION}\n{NEW_PHONE}\n{NEW_STATUS}\n{LINK}', 'textarea', 'required', 1, 7),
(15, 'main_add_prog', '<p>описание проццесса со скриншотами</p>', 'textarea', 'trim', 1, 15),
(16, 'main_open_prog', '<p>описание проццесса со скриншотами</p>', 'textarea', 'trim', 1, 16),
(17, 'main_add_app', '<p>описание проццесса со скриншотами</p>', 'textarea', 'trim', 1, 17),
(18, 'main_open_app', '<p>описание проццесса со скриншотами</p>', 'textarea', 'trim', 1, 18),
(19, 'image_width', '276', 'input', 'required|trim|integer', 1, 20),
(20, 'image_height', '276', 'input', 'required|trim|integer', 1, 21),
(21, 'program_mail_text', '{SITE_NAME}\n{PROGRAM_NAME}\n{PROGRAM_DESC}\n{PROGRAM_MAIL}\n{PRINT_LINK}\n{VIEW_LINK}\n{DATE}', 'textarea', 'required|trim', 1, 9),
(22, 'program_mail_subject', '{SITE_NAME} [{PROGRAM_NAME}] {DATE}', 'input', 'required|trim', 1, 8);

-- --------------------------------------------------------

--
-- Структура таблицы `tags`
--

CREATE TABLE IF NOT EXISTS `tags` (
  `id` int(11) NOT NULL AUTO_INCREMENT,
  `group_id` int(11) NOT NULL,
  `parent_id` int(11) DEFAULT NULL,
  `tag` varchar(255) NOT NULL,
  `order` int(11) DEFAULT '0',
  PRIMARY KEY (`id`),
  KEY `fk_tags_group` (`group_id`),
  KEY `fk_tags_parents` (`parent_id`)
) ENGINE=InnoDB  DEFAULT CHARSET=utf8 AUTO_INCREMENT=41 ;

--
-- Дамп данных таблицы `tags`
--

INSERT INTO `tags` (`id`, `group_id`, `parent_id`, `tag`, `order`) VALUES
(1, 1, NULL, 'Разогревающие упражнения', 1),
(2, 1, NULL, '- пассивные', 2),
(3, 1, NULL, '- активные', 3),
(4, 1, NULL, 'Упражнения на растяжку', 4),
(5, 1, NULL, '- пассивные', 5),
(6, 1, NULL, '- активные', 6),
(7, 1, NULL, 'Реабилитация', 7),
(8, 1, NULL, 'Баланс тренировки', 8),
(9, 1, NULL, 'Ходьба', 9),
(11, 1, NULL, '- ходунки', 10),
(13, 1, NULL, '- костыли и прочие приспособления', 11),
(14, 1, NULL, 'Укрепляющие упражнения', 12),
(15, 1, NULL, '- пассивно-активные', 13),
(16, 1, NULL, '- активные', 14),
(18, 2, NULL, 'Лежа', 1),
(19, 2, NULL, 'Сидя', 2),
(20, 2, NULL, 'Стоя', 3),
(21, 3, NULL, 'Легкий', 1),
(22, 3, NULL, 'Средний', 2),
(23, 3, NULL, 'Высокий', 3),
(24, 4, NULL, 'шея', 1),
(25, 4, NULL, 'руки', 2),
(26, 4, NULL, 'плечи', 3),
(27, 4, NULL, 'спина', 4),
(28, 4, NULL, 'живот', 5),
(29, 4, NULL, 'ноги', 6),
(30, 5, NULL, 'Разгрузочный модуль', 1),
(31, 5, NULL, 'Силовой модуль', 2),
(32, 5, NULL, 'Вертикализатор', 3),
(33, 5, NULL, 'Многофункциональная скамья', 4),
(34, 5, NULL, 'Тренажер для стопы', 5),
(35, 5, NULL, 'Фитбол', 6),
(36, 5, NULL, 'Гимнастическая палка', 7),
(37, 5, NULL, 'Лента-эспандер', 8),
(38, 5, NULL, 'Гантели', 9),
(39, 5, NULL, 'Штанга', 10),
(40, 5, NULL, 'Без оборудования', 11);

-- --------------------------------------------------------

--
-- Структура таблицы `tags_groups`
--

CREATE TABLE IF NOT EXISTS `tags_groups` (
  `id` int(11) NOT NULL AUTO_INCREMENT,
  `name` varchar(255) NOT NULL,
  `colum` tinyint(1) DEFAULT '0',
  PRIMARY KEY (`id`)
) ENGINE=InnoDB  DEFAULT CHARSET=utf8 AUTO_INCREMENT=6 ;

--
-- Дамп данных таблицы `tags_groups`
--

INSERT INTO `tags_groups` (`id`, `name`, `colum`) VALUES
(1, 'Тип упражнений', 1),
(2, 'Исходное положение', 2),
(3, 'Уровень сложности', 2),
(4, 'Фокус упражнений', 2),
(5, 'Оборудование', 3);

-- --------------------------------------------------------

--
-- Структура таблицы `users`
--

CREATE TABLE IF NOT EXISTS `users` (
  `id` int(11) NOT NULL AUTO_INCREMENT,
  `email` varchar(255) NOT NULL,
  `hash` varchar(512) NOT NULL,
  `surname` varchar(255) DEFAULT NULL,
  `name` varchar(255) DEFAULT NULL,
  `middle_name` varchar(255) DEFAULT NULL,
  `region` varchar(255) DEFAULT NULL,
  `phone` varchar(50) DEFAULT NULL,
  `is_admin` tinyint(1) DEFAULT '0',
  `registration` datetime DEFAULT CURRENT_TIMESTAMP,
  `last_login` datetime DEFAULT CURRENT_TIMESTAMP,
  `type` varchar(255) DEFAULT NULL,
  `status` tinyint(1) DEFAULT '0',
  `confirm` varchar(32) DEFAULT NULL,
  `changes` text,
  `autologin` varchar(32) DEFAULT NULL,
  `url` varchar(32) DEFAULT NULL,
  PRIMARY KEY (`id`),
  UNIQUE KEY `pk_mail` (`email`),
  KEY `pk_status` (`status`),
  KEY `pk_admin` (`is_admin`),
  KEY `pk_type` (`type`),
  KEY `pk_confirm` (`confirm`),
  KEY `pk_url` (`url`)
) ENGINE=InnoDB  DEFAULT CHARSET=utf8 AUTO_INCREMENT=11 ;

--
-- Дамп данных таблицы `users`
--

INSERT INTO `users` (`id`, `email`, `hash`, `surname`, `name`, `middle_name`, `region`, `phone`, `is_admin`, `registration`, `last_login`, `type`, `status`, `confirm`, `changes`, `autologin`, `url`) VALUES
(1, 'admin@admin.com', 'c7ad44cbad762a5da0a452f9e854fdc1e0e7a52a38015f23f3eab1d80b931dd472634dfac71cd34ebc35d16ab7fb8a90c81f975113d6c7538dc69dd8de9077ec', 'Admin3', 'Super3', 'TEST3', 'Москва и Московская область', '255 555-55-54', 1, '2016-01-30 00:24:13', '2016-02-12 12:05:41', '', 1, '', '', '83929f80f3b5ff360558f0b1a2077e86', 'b51cff9aaf6dc8a08920ffd28851e569'),
(8, '79198889134@yandex.ru', '4e2589ee5a155a86ac912a5d34755f0e3a7d1f595914373da638c20fecd7256ea1647069a2bb48ac421111a875d7f4294c7236292590302497f84f19e7227d80', 'Фамилия', '', 'Отчество', 'Регион', '(978) 722-47-89', 0, '2016-02-10 18:52:20', '2016-02-10 19:01:57', 'Пациент', 1, NULL, NULL, NULL, '7437c8423f5130c61bd98a6a3e55ecf9'),
(9, '79198889134@ya.ru', 'a7fe2e982179bb6ad7df336798f030c2fcac0d11619df938e336f2ada69dd76877c77a12a2fea62d3d6ffbab841e1b2af4d007a894a7ac049240a1d141597ef2', '', '', '', 'Новгородская область', '', 0, '2016-02-10 19:06:59', '2016-02-12 11:51:08', '', 1, '', NULL, NULL, '98774768de67771126ca47403816222b'),
(10, 'k3456275@yandex.ru', 'c041d754721798186594bf2bc0021d525327d643a8d057d640e735c5d9c027c9a3892cc349647696f056299def30db815d4c9783a450b94021ac0bf7f6d2cd70', '', 'Юрий', '', 'Москва и Московская область', '3456275', 0, '2016-02-11 15:05:22', '2016-02-12 10:12:46', 'Инструктор', 1, '', NULL, '94090beda5bc27b4955823d6879a8916', '8cfff49a346652e3dfbd152ac4f3d074');

-- --------------------------------------------------------

--
-- Структура таблицы `users_favorites`
--

CREATE TABLE IF NOT EXISTS `users_favorites` (
  `id` int(11) NOT NULL AUTO_INCREMENT,
  `user_id` int(11) NOT NULL,
  `exercise_id` int(11) NOT NULL,
  PRIMARY KEY (`id`),
  KEY `fk_favorite_user` (`user_id`),
  KEY `fk_favorite_exercise` (`exercise_id`)
) ENGINE=InnoDB  DEFAULT CHARSET=utf8 AUTO_INCREMENT=24 ;

-- --------------------------------------------------------

--
-- Структура таблицы `users_favorites_programs`
--

CREATE TABLE IF NOT EXISTS `users_favorites_programs` (
  `id` int(11) NOT NULL AUTO_INCREMENT,
  `user_id` int(11) NOT NULL,
  `program_id` int(11) NOT NULL,
  PRIMARY KEY (`id`),
  KEY `fk_favorite_prog_user` (`user_id`),
  KEY `fk_favorite_program` (`program_id`)
) ENGINE=InnoDB  DEFAULT CHARSET=utf8 AUTO_INCREMENT=18 ;

--
-- Дамп данных таблицы `users_favorites_programs`
--

INSERT INTO `users_favorites_programs` (`id`, `user_id`, `program_id`) VALUES
(12, 9, 38),
(14, 9, 39),
(15, 10, 45),
(16, 10, 46),
(17, 10, 47);

--
-- Ограничения внешнего ключа сохраненных таблиц
--

--
-- Ограничения внешнего ключа таблицы `exercises`
--
ALTER TABLE `exercises`
  ADD CONSTRAINT `fk_exercise_user` FOREIGN KEY (`user_id`) REFERENCES `users` (`id`) ON DELETE CASCADE;

--
-- Ограничения внешнего ключа таблицы `exercises_progress`
--
ALTER TABLE `exercises_progress`
  ADD CONSTRAINT `fk_progress` FOREIGN KEY (`progress_id`) REFERENCES `exercises` (`id`) ON DELETE CASCADE,
  ADD CONSTRAINT `fk_progress_exercise` FOREIGN KEY (`exercise_id`) REFERENCES `exercises` (`id`) ON DELETE CASCADE;

--
-- Ограничения внешнего ключа таблицы `exercises_related`
--
ALTER TABLE `exercises_related`
  ADD CONSTRAINT `fk_exercises_related` FOREIGN KEY (`exercise_id`) REFERENCES `exercises` (`id`) ON DELETE CASCADE,
  ADD CONSTRAINT `fk_related` FOREIGN KEY (`related_id`) REFERENCES `exercises` (`id`) ON DELETE CASCADE;

--
-- Ограничения внешнего ключа таблицы `exercises_results`
--
ALTER TABLE `exercises_results`
  ADD CONSTRAINT `fk_results_exercise` FOREIGN KEY (`exercise_id`) REFERENCES `exercises` (`id`) ON DELETE CASCADE,
  ADD CONSTRAINT `fk_results_programs` FOREIGN KEY (`program_id`) REFERENCES `programs` (`id`) ON DELETE CASCADE,
  ADD CONSTRAINT `fk_results_tabs` FOREIGN KEY (`tab_id`) REFERENCES `programs_tabs` (`id`) ON DELETE CASCADE,
  ADD CONSTRAINT `fk_results_user` FOREIGN KEY (`user_id`) REFERENCES `users` (`id`) ON DELETE CASCADE;

--
-- Ограничения внешнего ключа таблицы `exercises_tags`
--
ALTER TABLE `exercises_tags`
  ADD CONSTRAINT `fk_exercises_links_tags` FOREIGN KEY (`exercise_id`) REFERENCES `exercises` (`id`) ON DELETE CASCADE,
  ADD CONSTRAINT `fk_tags_links_exercises` FOREIGN KEY (`tag_id`) REFERENCES `tags` (`id`) ON DELETE CASCADE;

--
-- Ограничения внешнего ключа таблицы `programs`
--
ALTER TABLE `programs`
  ADD CONSTRAINT `fk_program_user` FOREIGN KEY (`user_id`) REFERENCES `users` (`id`) ON DELETE CASCADE;

--
-- Ограничения внешнего ключа таблицы `programs_exercises`
--
ALTER TABLE `programs_exercises`
  ADD CONSTRAINT `fk_program_exercises` FOREIGN KEY (`exercise_id`) REFERENCES `exercises` (`id`) ON DELETE CASCADE,
  ADD CONSTRAINT `fk_program_tabs` FOREIGN KEY (`tab_id`) REFERENCES `programs_tabs` (`id`) ON DELETE CASCADE,
  ADD CONSTRAINT `fk_tab_exercise_program` FOREIGN KEY (`program_id`) REFERENCES `programs` (`id`) ON DELETE CASCADE;

--
-- Ограничения внешнего ключа таблицы `programs_tabs`
--
ALTER TABLE `programs_tabs`
  ADD CONSTRAINT `fk_tab_program` FOREIGN KEY (`program_id`) REFERENCES `programs` (`id`) ON DELETE CASCADE;

--
-- Ограничения внешнего ключа таблицы `tags`
--
ALTER TABLE `tags`
  ADD CONSTRAINT `fk_tags_group` FOREIGN KEY (`group_id`) REFERENCES `tags_groups` (`id`) ON DELETE CASCADE,
  ADD CONSTRAINT `fk_tags_parents` FOREIGN KEY (`parent_id`) REFERENCES `tags` (`id`) ON DELETE CASCADE;

--
-- Ограничения внешнего ключа таблицы `users_favorites`
--
ALTER TABLE `users_favorites`
  ADD CONSTRAINT `fk_favorite_exercise` FOREIGN KEY (`exercise_id`) REFERENCES `exercises` (`id`) ON DELETE CASCADE,
  ADD CONSTRAINT `fk_favorite_user` FOREIGN KEY (`user_id`) REFERENCES `users` (`id`) ON DELETE CASCADE;

--
-- Ограничения внешнего ключа таблицы `users_favorites_programs`
--
ALTER TABLE `users_favorites_programs`
  ADD CONSTRAINT `fk_favorite_prog_user` FOREIGN KEY (`user_id`) REFERENCES `users` (`id`) ON DELETE CASCADE,
  ADD CONSTRAINT `fk_favorite_program` FOREIGN KEY (`program_id`) REFERENCES `programs` (`id`) ON DELETE CASCADE;

/*!40101 SET CHARACTER_SET_CLIENT=@OLD_CHARACTER_SET_CLIENT */;
/*!40101 SET CHARACTER_SET_RESULTS=@OLD_CHARACTER_SET_RESULTS */;
/*!40101 SET COLLATION_CONNECTION=@OLD_COLLATION_CONNECTION */;
