-- MySQL dump 10.13  Distrib 5.5.50, for debian-linux-gnu (x86_64)
--
-- Host: localhost    Database: reafit
-- ------------------------------------------------------
-- Server version	5.5.50-0ubuntu0.14.04.1

/*!40101 SET @OLD_CHARACTER_SET_CLIENT=@@CHARACTER_SET_CLIENT */;
/*!40101 SET @OLD_CHARACTER_SET_RESULTS=@@CHARACTER_SET_RESULTS */;
/*!40101 SET @OLD_COLLATION_CONNECTION=@@COLLATION_CONNECTION */;
/*!40101 SET NAMES utf8 */;
/*!40103 SET @OLD_TIME_ZONE=@@TIME_ZONE */;
/*!40103 SET TIME_ZONE='+00:00' */;
/*!40014 SET @OLD_UNIQUE_CHECKS=@@UNIQUE_CHECKS, UNIQUE_CHECKS=0 */;
/*!40014 SET @OLD_FOREIGN_KEY_CHECKS=@@FOREIGN_KEY_CHECKS, FOREIGN_KEY_CHECKS=0 */;
/*!40101 SET @OLD_SQL_MODE=@@SQL_MODE, SQL_MODE='NO_AUTO_VALUE_ON_ZERO' */;
/*!40111 SET @OLD_SQL_NOTES=@@SQL_NOTES, SQL_NOTES=0 */;

--
-- Table structure for table `categories`
--

DROP TABLE IF EXISTS `categories`;
/*!40101 SET @saved_cs_client     = @@character_set_client */;
/*!40101 SET character_set_client = utf8 */;
CREATE TABLE `categories` (
  `id` int(11) NOT NULL AUTO_INCREMENT,
  `user_id` int(11) NOT NULL,
  `name` varchar(255) NOT NULL,
  `description` text,
  `created` timestamp NOT NULL DEFAULT CURRENT_TIMESTAMP,
  `edited` timestamp NULL DEFAULT NULL,
  `deleted` tinyint(1) DEFAULT '0',
  PRIMARY KEY (`id`),
  KEY `fk_exercise_user` (`user_id`),
  CONSTRAINT `fk_categories_user` FOREIGN KEY (`user_id`) REFERENCES `users` (`id`) ON DELETE CASCADE
) ENGINE=InnoDB AUTO_INCREMENT=28 DEFAULT CHARSET=utf8;
/*!40101 SET character_set_client = @saved_cs_client */;

--
-- Dumping data for table `categories`
--

LOCK TABLES `categories` WRITE;
/*!40000 ALTER TABLE `categories` DISABLE KEYS */;
INSERT INTO `categories` VALUES (1,20,'Мой раздел','категория','2016-05-27 14:17:14','2016-07-11 18:49:52',0),(10,10,'ТБСМ','','2016-06-27 18:40:10','2016-08-30 06:51:16',0),(11,10,'ОНМК','','2016-06-27 18:40:31',NULL,0),(12,10,'ЧМТ ','','2016-06-27 18:40:56',NULL,0),(13,10,'Артроз','','2016-06-27 18:41:13',NULL,0),(14,10,'Сколиоз','','2016-06-27 18:41:37',NULL,0),(15,10,'Люмбоишиалгия ','','2016-06-27 19:43:31',NULL,0),(17,10,'Кардиология ','','2016-06-28 20:31:01',NULL,0),(18,10,'Заболевания органов дыхания','','2016-06-28 20:32:21',NULL,0),(19,10,'Заболевания ЖКТ','','2016-06-28 20:33:39',NULL,0),(20,10,'Урология','','2016-06-28 20:33:53',NULL,0),(21,10,'Геникология','','2016-06-28 20:34:05',NULL,0),(22,10,'Реабилитация после оперативных вмешатель','','2016-06-28 20:48:29',NULL,0),(23,10,'Пациенты','','2016-08-29 19:30:39',NULL,0),(25,10,'Травматология','','2016-08-31 05:48:40','2016-08-31 06:04:36',0),(26,10,'Оротопедия ','','2016-08-31 05:48:59',NULL,0),(27,20,'Пробел','','2016-09-12 06:18:10','2016-09-12 06:20:33',0);
/*!40000 ALTER TABLE `categories` ENABLE KEYS */;
UNLOCK TABLES;

--
-- Table structure for table `exercises`
--

DROP TABLE IF EXISTS `exercises`;
/*!40101 SET @saved_cs_client     = @@character_set_client */;
/*!40101 SET character_set_client = utf8 */;
CREATE TABLE `exercises` (
  `id` int(11) NOT NULL AUTO_INCREMENT,
  `user_id` int(11) NOT NULL,
  `name` varchar(255) NOT NULL,
  `name_desc` varchar(255) DEFAULT NULL,
  `order` int(11) DEFAULT '0',
  `image_1` varchar(255) DEFAULT NULL,
  `image_2` varchar(255) DEFAULT NULL,
  `image_3` varchar(255) DEFAULT NULL,
  `video` varchar(50) DEFAULT NULL,
  `description` text,
  `hash` varchar(32) NOT NULL,
  `created` timestamp NOT NULL DEFAULT CURRENT_TIMESTAMP,
  `deleted` tinyint(1) DEFAULT '0',
  `category` varchar(255) DEFAULT NULL,
  PRIMARY KEY (`id`),
  KEY `fk_exercise_user` (`user_id`),
  CONSTRAINT `fk_exercise_user` FOREIGN KEY (`user_id`) REFERENCES `users` (`id`) ON DELETE CASCADE
) ENGINE=InnoDB AUTO_INCREMENT=448 DEFAULT CHARSET=utf8;
/*!40101 SET character_set_client = @saved_cs_client */;

--
-- Dumping data for table `exercises`
--

LOCK TABLES `exercises` WRITE;
/*!40000 ALTER TABLE `exercises` DISABLE KEYS */;
INSERT INTO `exercises` VALUES (42,1,'Имитация ходьбы','с элементами сопротивления/облегчения, сгибания/разгибания (попеременно каждой ногой)',11,'3e2229d28eeeb0226dc627b1c566ba07.png','ba2a11cb61073415b190878ba366f9ba.png','75d2cd5d723024155f8a0dfb220c22ee.png','gDvuV91m7r8','<p><em>Дополнительное оборудование</em>: бедренная манжета, петля для стопы, трос эластичный 2шт.<br></p><p><em>Исходное положение</em>: лёжа на спине, одна нога согнута в тазобедренном и коленном суставах, другая - лежит на кушетке в положении разгибания. Точки подвешивания размещены над тазобедренным и голеностопным суставом. Натяжение голеностопного амортизатора - вертикально. Натяжение бедренного амортизатора – точка подвешивания смещается в краниальном направлении по оси ноги, сила натяжения зависит от того, что хотят получить сопротивление или облегчение.</p><p><em>Движение</em>: попеременное сгибание и разгибание в коленном и тазобедренном суставах.</p><p><em>Рекомендации: </em>следите за тем, чтобы пациент осуществлял движения без сильных толчков и раскачиваний туловищем. При освоении &nbsp;полной амплитуды разгибания, добавьте подход, направленный на удержание конечности в максимально выпрямленном положении.<br></p><p>Следите за дыханием!<br></p>','266e60f118f5c64d76c4145e9d0c6ac9','2016-02-10 16:38:24',0,'Реабилитация'),(43,1,'Разгибание бедра','Коленно-кистевая стойка',11,'cb636d9bdf4a2b7d0a36d72d0e7e5e4a.png','5e9282d469a99b4e0fef6f2d4bfbbc11.png','594321919573d13e0bdda1d3fc61c749.png','','<p><em>Дополнительное оборудование:&nbsp; </em>голеностопная манжета, трос эластичный.</p><p><em>Исходное положение</em>: коленно-кистевая стойка, каретка вертикально над манжетой, манжета на нижней трети голени.</p><p><em>Движение</em>: разгибание тазобедренного и коленного сустава, до полного выпрямления ноги (желательно удерживать ногу параллельно полу), с одновременным разгибанием в позвоночнике в самой верхней точке разгибания.</p><p><em>Рекомендации</em>: при необходимости создать сопротивление, точка подвешивания передвигается в краниальном направлении. Возможно использование силового модуля.</p><p>Следите за дыханием!<br></p>','d45dadd46c383f7fc070c5ce04efa15e','2016-02-10 16:42:01',0,'Реабилитация'),(44,1,'Отведение бедра','Коленно-кистевая стойка',11,'bef1e6213279441521fc67c955a1b8a3.png','83cf6fcc486251180323b1435e1f9536.png','ab82b4467d6adb42a21e291ba0d9c817.png','','<p><em>Дополнительное оборудование</em>: голеностопная манжета.<br></p><p><em>Исходное положение:&nbsp;</em>колено-кистевая стойка, точка подвешивания &nbsp;вертикально над голеностопной манжетой, голень разгружена, стопа не касается поверхности кушетки.</p><p><em>Движение</em>: отведение согнутой ноги с кратковременной задержкой в положении максимального отведения.</p><p><em>Рекомендации</em>: следите за тем, чтобы пациент не разворачивал сильно &nbsp;таз при отведении ноги. Обратите &nbsp;внимание на перенос веса тела на опорную ногу.<br></p><p>Следите за дыханием!<br></p>','574d5fa0a408f4a450cb61c813dd3981','2016-02-10 16:45:18',0,'Реабилитация'),(45,1,'Полукруг прямыми ногами','',11,'330f7ae99c2c8b269257cab1c0eb9df5.png','c89968e81572f084d91292672dafcacd.png','1681e75e91533f855f325cd6a3634a7b.png','','<p><em>Дополнительное оборудование</em>: петля для стопы 2шт на голеностопный сустав, эластичный трос.<em><br></em></p><p><em>Исходное положение</em>: лёжа на спине, ноги разогнуты , слегка разгружены и приподняты над плоскостью кушетки.<br></p><p><em>Движение</em>: плавно, без рывков, отводим обе ноги в левую, а затем возвращаем в правую&nbsp; строну с максимальным приподниманием в центральной точке, очерчивая пятками полукруг.<br></p><p><em>Рекомендации</em>: следите за дыханием, не задерживайте его, в исходном положении&nbsp; - вдох, в момент наивысшего напряжения - выдох.</p>','ec06dfdbe567072b55869da6fb21ab90','2016-02-10 16:46:56',0,'Реабилитация'),(46,1,'Раскачивание прямых ног в стороны','',11,'fff91865dd8a00c014f418acef9e40d6.png','abeb2d61868616f78dfcc33c575ce36c.png','f3179c0fb225eb93c41253c266d070bf.png','','<p><em>Дополнительное оборудование</em>: петля &nbsp;голеностопная 2шт.<br></p><p><em>Исходное положение:</em>ноги разогнуты в тазобедренном и коленном суставе, слегка приподняты над плоскостью кушетки.</p><p><em>Движение</em>: раскачивание &nbsp;ног вправо-влево.</p><p><em>Рекомендации</em>: синхронно с движением ног стараемся делать боковой наклон туловища &nbsp;в сторону отведения.<br></p><p>Следим за дыханием: исходном положении- вдох. В момент наивысшего напряжения - выдох.</p>','e8ad9e74725c369b20db72c24c88343d','2016-02-10 16:48:59',0,'Реабилитация'),(47,1,'Разведение прямых ног','',11,'f40580ae414cef953d2e770ad676f69c.png','30858d56d363f90372647e39d1cccb2d.png','57a99a74f9840830ec49ed8ed0e7bd21.png','','<p><em>Дополнительное оборудование</em>: петля для стопы 2шт, трос статичный или &nbsp;эластичный.</p><p><em>Исходное положение: </em>лёжа, ноги разогнуты в тазобедренном и коленном суставе, слегка разгружены и приподняты над плоскостью кушетки.</p><p><em>Движение</em>: пассивно-активное разведение ног.</p><p><em>Рекомендации</em>: для увеличения интенсивности упражнения, можно создать мануальное сопротивление или использовать эластичный амортизатор или эспандер, направление амортизатора идёт параллельно главной оси движения.</p><p>Следите за дыханием!<br></p>','5525581734273e75db6d2ad44d44cd00','2016-02-10 16:52:03',0,'Реабилитация'),(48,1,'Шаговые движения прямыми ногами','',11,'007319fdfd445b6d60c15e5dc585b101.png','5fc90724b8ff22993d5e44303da4486c.png','798b0df13d1a0e4bb712eff7728b08a9.png','','<p><em>Дополнительное оборудование</em>: голеностопная манжета&nbsp; 2шт, петля для стопы, эластичный трос.</p><p><em><br></em></p><p><em>Исходное положение</em>: лёжа на спине, ноги вместе , разгружены и немного приподняты над плоскостью кушетки, руки разведены в стороны ладонями в низ.<em><br></em></p><p><em><br></em></p><p><em>Движение</em>: попеременное поднимание&nbsp; ног, имитация шаговых движений прямыми ногами.</p>','3149d99054a8ad4d8b8804cb5fdf80ba','2016-02-10 17:18:17',0,'Реабилитация'),(49,1,'Отведение прямой ноги в строну','',11,'257de4d4cb8a043d69b3c5ad1661d181.png','d086ec46744ecb30047091ea71c94a05.png','3ffaeacb8aae131e9d1b2264d2851f42.png','','<p><em>Дополнительное оборудование</em>: петля для стопы на голеностопный сустав. Статичный/эластичный трос</p><p><em><br></em></p><p><em>Движение</em>:&nbsp; отведение прямой ноги в сторону, с преодолением &nbsp;сопротивления движению &nbsp;или раскачивание ноги в стороны без нагрузки.</p><p><em><br></em></p><p><em>Рекомендации</em>: для активного отведения ноги с &nbsp;преодолением сопротивления, точка подвешивания перемещается в противоположном от движения направлении. Для увеличения интенсивности упражнения, можно создать мануальное сопротивление с помощью рук специалиста, использовать дополнительный эластичный амортизатор, размещая его на внешней стороне бедра или голени (направление амортизатора идет параллельно главной оси движения). Для максимального напряжения отводящих мышц можно использовать силовую колонну, отрегулировав направление троса параллельно оси движения.</p><p><strong>Важно! </strong>При поражении коленного сустава используется только проксимальное сопротивление. При нарушении координации движения, включают упражнения на стабилизацию ноги в максимально отведенном, супинированном/пронированном положении.</p><p><strong>Важно!&nbsp;</strong>Обратите внимание&nbsp; на боковое (ипсилатеральное) сгибание поясничного отдела позвоночника с группировкой косых мышц живота.</p>','0c4963c0d38047fd3d9bcafe6938b335','2016-02-10 17:23:10',0,'Реабилитация'),(50,1,'Разгибание ноги, лёжа на боку.','Толчок ногой с преодолением отягощения от силовой колонны',11,'9819e62dc24a897d2b924a35e52632d6.png','8cbaa74e4cf6ac0e09ba3357bcd2500d.png',NULL,'','<p><em>Дополнительное оборудование</em>: бедренная и голеностопная манжета, точки подвешивания вертикально над коленным и тазобедренным суставами, при необходимости задать более правильное положение &nbsp;сдвигаются дорсально/вентрально. Натяжение амортизаторов регулируется так, чтобы продольная ось ноги проходила параллельно плоскости кушетки.<em><br></em></p><p><em>Исходное положение</em>: лёжа на боку, верхняя нога согнута в тазобедренном и коленном суставах.<br></p><p><em>Движение</em>: разгибание в коленном и тазобедренном суставе. Толчок ногой вниз до полного выпрямления ноги.</p><p><em>Рекомендации</em>:<strong><br></strong></p><p><strong>Внимание!</strong>Для предотвращения появления наружной ротации, приводящее к неправильному положению тазобедренного сустава, требуется исключение из использования петли для стопы. Ограничивать амплитуду движения у пациентов с эндопротезами!</p><p>Следите за дыханием!<br></p>','26a78282b4d88889adf7c166525dbe0a','2016-02-10 17:25:32',0,'Реабилитация'),(51,1,'Маховое движение ногой','',11,'2fe853d6c05f48d3b6ed768b78b56b56.png','191dca2022dc4978fd33aca81fb3a3e2.png','852b9527c0c287d4fe969f72e0dfaf31.png','','<p><em>Дополнительное оборудование: </em>бедренная и голеностопная манжета, точки подвешивания&nbsp; вертикально над коленным и тазобедренным суставами, при необходимости сдвигаются дорсально/вентрально. Натяжение тросов регулируется так, чтобы продольная ось ноги проходила параллельно плоскости кушетки.<br></p><p><em>Исходное положение: </em><em></em>лёжа на боку, верхняя нога согнута в тазобедренном и коленном суставах.<em><br>Движение:</em>&nbsp; совершаем маховое движение ногой, имитируя удар по мячу с хорошим размахом.&nbsp;<em></em></p><p><em>Рекомендации</em>:<strong><br></strong></p><p><strong>Внимание!</strong>Для предотвращения появления наружной ротации, приводящее к неправильному положению тазобедренного сустава не рекомендуется использование&nbsp; петли для стопы.&nbsp;</p><p><strong>Важно! </strong>Ограничивать амплитуду движения у пациентов с эндопротезами!</p>','a8d13f2b487373504bc405d3be309c96','2016-02-10 17:29:33',0,'Реабилитация'),(52,1,'Отведение согнутой ноги','',11,'102407afab364e0733166f2e9e78c03b.png','a7e2dcfa97443f617b0cd40d86153f35.png','14e13f0fb2644199e26ff5dae955bb7f.png','','<p><em>Дополнительное оборудование: </em>бедренная и голеностопная манжета, силовой модуль, эластичный трос.<em><br></em></p><p><em>Исходное положение:&nbsp; </em>лёжа на боку, верхняя нога согнута в тазобедренном и коленном суставах, разгружена в бедренной и голеностопной манжете, точки подвешивания вертикально над коленным и тазобедренным суставами, при необходимости сдвигаются дорсально/вентрально. Натяжение амортизаторов регулируется так, чтобы&nbsp; коленный сустав находился ниже голеностопного.</p><p><em>Движение:</em>&nbsp; отведение бедра вверх.</p><p><em>Рекомендации</em>:<br></p><p><strong>Внимание!&nbsp; </strong>Для предотвращения появления наружной ротации, приводящее к неправильному положению тазобедренного сустава необходимо исключить из использования петли для стопы.&nbsp;</p><p><strong>Важно!</strong>&nbsp; Ограничить амплитуду движения у пациентов с эндопротезами!</p>','8911da778bdeb4e1724a29bb472fc14f','2016-02-10 17:30:47',0,'Реабилитация'),(53,1,'Наклон в упоре на один локоть','',11,'4d1a5090b5cb971d88bf95c2afeaabf9.png','7b88bb43c0b9adad86a6823414705e58.png','709584abd26e8e28d2f8032ab78d9599.png','','<p><em>Исходное положение: </em>лёжа на боку в опоре на локоть. Верхняя рука заведена за голову,&nbsp; ноги согнуты в тазобедренных и коленных суставах.</p><p><em>Движение</em>: плавно опустите верхний локоть вперёд &nbsp;по направлению к кушетке, одновременно поворачивая&nbsp; туловище.<em><br></em></p><p><em>Рекомендации</em>: сохраняйте правильное положение опорного плеча, локтевой сустав должен находиться вертикально под гленоплечевым. Бёдра остаются неподвижными.<br></p><p>Следите за дыханием: исходном положении - вдох, в момент наивысшего напряжения - выдох.</p><p><strong>Внимание! </strong>При травмах грудопоясничного отдела позвоночника ограничить объём движения, не допускать сильного скручивания позвоночника!</p>','fcc22a56012fbade66cfb13809c725ae','2016-02-10 17:31:55',0,'Реабилитация'),(54,1,'Отведение руки вверх','стоя на одном локте с отягощением',11,'41ef533b52e983857e06d74ecdf0bcf1.png','88e7c67325ce556be23df52f9b9ce0bb.png',NULL,'','<p><em>Дополнительное оборудование</em>: гантель.<br></p><p><em>Исходное положение</em>: лёжа на боку с опорой на руку, согнутую в локте, вертикально под плечевым суставом. Ноги согнуты в тазобедренных&nbsp; и в коленных суставах. В верхней руке гантель ладонь обращена к телу.<br></p><p><em>Движение</em>: отводим прямую руку через сторону вверх одновременно округляя&nbsp; грудной отдел позвоночника.<br></p><p><em>Рекомендации</em>: не допускается вытягивать голову или подбородок вперёд, отклонять верхнюю часть тела назад.</p><p>Следите за дыханием!<br></p>','682cbbe29c46f87101237ba71122b556','2016-02-10 17:33:13',0,'Реабилитация'),(55,1,'Отведение руки вперёд','с гантелью',11,'80d2a2011d9de16aa9cea752b13e6822.png','71cdda20daea1670686fd9b29f20b606.png',NULL,'','<p><em>Дополнительное оборудование</em>: гантель.<em><br></em></p><p><em>Исходное положение</em>: лёжа на боку с опорой на руку, согнутую в локте, вертикально под плечевым суставом. Позвоночник находится в нейтральном положении. Ноги согнуты в тазобедренных и в коленных суставах. Верхняя рука отведена в сторону на уровне плечевого сустава, ладонь направлена вперед.<br></p><p><em>Движение</em>: из исходного положения гантель движется дугообразно вперёд по направлению к кушетке с одновременным&nbsp; спиральным скручиванием верхней части туловища.</p><p><em>Рекомендации</em>: не допускается вытягивать голову или подбородок вперёд, отклонять верхнюю часть тела назад. Следите за дыханием: в исходном положении - вдох, в момент наивысшего напряжения - выдох.</p>','f18d94f0c0b0289ead2d9208f99c0738','2016-02-10 17:35:02',0,'Реабилитация'),(56,1,'Отведение руки параллельно полу','',11,'94a085c9ef1a2b799dd60725fcfabe5b.png','46c8a225c0fd49c32300afbf9b0890ae.png',NULL,'','<p><em>Дополнительное оборудование</em>: гантель.<em><br></em></p><p><em>Исходное положение</em>: лёжа на боку с опорой на предплечье, локоть вертикально под плечевым суставом. Ноги согнуты в тазобедренных и в коленных суставах. В рабочей руке гантель, ладонь обращена к телу, рука выпрямлена к тазу вдоль оси позвоночника.<br></p><p><em>Движение</em>: удерживая все тело в фиксированном положении, отводим прямую руку через сторону вверх траектория движения параллельно полу.<em><br></em></p><p><em>Рекомендации</em>: не допускается вытягивать голову или подбородок вперед, отклонять верхнюю часть тела назад.</p><p>Следите за дыханием!<br></p>','33461913e80d1dff96a0f2f3f4071953','2016-02-10 17:36:23',0,'Реабилитация'),(57,10,'Ходьба по ступенькам','',11,'0e6b0e124f6beccc103afa346fd05a5b.png','f2d3b4f9206b578729338cdbf79f2589.png',NULL,'','<p>Во избежание рекурвации &nbsp;в переноса веса тела на пораженную конечность важно удерживать колено в полусогнутом состоянии&nbsp;</p>','ca6b2f82ebb5ca8b9bd2b252b7b7268c','2016-02-11 14:29:09',1,NULL),(58,10,'Упражнения  на скользящей поверхности ','пластиковая панель ',11,'b026314da075bef1c3f7907abde97292.png','4e35863182bcecd1acbe5f5d3a3a397e.png',NULL,'','разгибание возможно только &nbsp;максимально отведенном предплечье и выведением пр','7afa853b70fd27be9de829ed6a8260ca','2016-02-11 14:35:28',1,NULL),(59,10,'приседание','',11,'a39e0d6e5df220d338d90e265257c062.png',NULL,NULL,'','','18439dd225866d995c675c8f00374f01','2016-02-11 14:36:05',1,NULL),(60,10,'подтягивание','',11,'03bd51274929626ab0f09a896cf5df0f.png',NULL,NULL,'','','2e351b6eac9337884b7a8abc2a3dcb6b','2016-02-11 14:36:36',1,NULL),(61,1,'Разгибание ног, лёжа на животе','',11,'106dfa8f272e7c2f5d0fd51ef91211ea.png','d16dae854d6f6875941063d89e5f3293.png','6d5d0655688f622dfae5aa66d0a92411.png','','<p><em>Дополнительное оборудование:&nbsp; </em>голеностопная манжета.</p><p><em>Исходное положение:</em>&nbsp; лёжа на животе, тазобедренный сустав разогнут, коленный согнут.  Для усиления растяжения прямой мышцы живота, можно положить небольшой валик под бедро.</p><p><em>Движение</em>: разгибание коленного сустава с сопротивлением или с облегчением.</p><p><em>Рекомендации: </em>для самостоятельного разгибания ноги, точка подвешивания размещается вертикально над осью сгибания коленного сустава, амортизатор слегка натягивается и пациент пытается, раскачивающим движением, разогнуть ногу (желателен визуальный контроль через зеркало расположенное с боку). Для оказания сопротивления  используется силовой модуль, положение блока и нагрузка подбирается индивидуально, с учётом состояния пациента.</p><p>Следите за дыханием!<br></p>','383f0b64f2bcde0af5465262a275301f','2016-02-12 15:05:25',0,'Реабилитация'),(62,1,'Отклонение таза в сторону','Коленно-кистевая стойка ',11,'21f044dc60edc09cb901da5065c455f9.png','b1554767a58cda756ed834d41571bd3d.png','39959bb875f1fe5bb1fb0326ed966338.png','','<p><em>Исходное положение: </em>коленно-кистевая стойка. <br></p><p><em>Движение: </em>перенос веса тела с одной конечности на другую,  раскачивание вперёд-назад, вправо-влево,  балансирование с опорой на одну руку и противоположное колено.</p><p><em>Рекомендации:</em>&nbsp;следите за тем, чтобы в &nbsp;процессе выполнения упражнения не прогибался слишком сильно поясничный лордоз позвоночника (гиперлордоз).</p><p>Следите за дыханием!<br></p>','12cc2af29edb8ca30745d85de5ba2b01','2016-02-12 17:33:40',0,'Реабилитация'),(63,1,'Вытягивание руки','Колено-кистевая стойка',11,'b92b02bcd88da26d3d726ea846dd9fd4.png','e10e9d5859f12be1e756e18f3376b6f6.png','2563d4fcb9f6d0fcbdad7395652643bb.png','','<p><em></em><em>Исходное положение: </em>колено-кистевая стойка. Одна рука в опоре, кисть &nbsp;расположена вертикально под плечевым суставом. Активная рука вытянута вперёд, ладонь направлена &nbsp;к полу.</p><p><em>Движение: </em>&nbsp;поднимите прямую руку вверх, одновременно разгибая грудной и поясничный отдел позвоночника.<br></p><p><em>Рекомендации:</em>&nbsp;при возвращении в исходное положение достигают сгибания позвоночника. Следите за дыханием!<br></p><br>','8ddbfa3f5b146507ec41c59d5927b7c4','2016-02-12 17:52:37',0,'Реабилитация'),(64,1,'Тяга вниз','',11,'92596ea9e53f3519119ca5f095e2d91a.png','7a7841b965fea8264367bba2f8ee2769.png','5044a30dfefab3026991615a5400cc24.png','','<p><em>Дополнительное оборудование:</em>&nbsp;трос эластичный или трос силовой колонны, петля для руки или манжета.</p><p><em>Исходное положение: </em>лёжа на спине, работающая рука вытянута вверх параллельно полу, ладонью вверх.</p><p><em>Движение: &nbsp;</em>потяните<em>&nbsp;</em>трос вниз &nbsp;вдоль кушетки по направлению к боковой части туловища.</p><p><em>Рекомендации:</em>&nbsp; следите за тем, чтобы во время движения локоть не поднимался слишком высоко от поверхности кушетки.</p><p>Следите за дыханием!<br></p>','5915b5fa118ab4cc1f7680f8d6d89457','2016-02-12 18:22:39',0,'Реабилитация'),(65,1,'Тяга в сторону','лёжа на спине',11,'9f755fff54197ada2365f11287325a93.png','73fb2ae1538614854347abae58b53b5a.png',NULL,'','<p><em>Дополнительное оборудование:&nbsp; </em>петля с ручкой. <br></p><p><em>Исходное  положение:</em>&nbsp; лежа на спине. Рука согнута в локте на 90° и поднята перед грудью. Ладонь направлена вниз.</p><p><em>Движение:</em>&nbsp; отведение локтя в дорсальном направлении с приведением лопатки к позвоночнику.</p><p><em>Рекомендации:</em>&nbsp; если у пациента недостаточно силы, чтобы выполнить это движение самостоятельно, специалист сопровождает это движение мануально.</p><p>Следите за дыханием!<br></p>','53d2e5a9e1defd229070e58249227c74','2016-02-12 18:39:38',0,'Реабилитация'),(66,1,'Подъём руки через сторону вверх','упражнение выполняется в ортезе',11,'0632aee989e11b25b77f49dd7f7b7d5f.png','ff1232b1d4af27c000d48bf7281689f5.png',NULL,'','<p><em>Дополнительное оборудование:&nbsp; </em>петля с ручкой. Точка подвешивания размещается вертикально над плечевым суставом.\n&nbsp;</p><p><em><br></em></p><p><em>Исходное  положение:&nbsp; </em>лёжа на боку, позвоночник в нейтральном положении. Верхняя рука выпрямлена вниз вдоль оси позвоночника. Ладонь направлена вниз.</p><p><em><br></em></p><p><em>Движение:</em>&nbsp; подъём руки через сторону вверх.<br></p><p><em><br></em></p><p><em>Рекомендации:&nbsp; </em>если у пациента недостаточно силы, чтобы выполнить это движение самостоятельно, ассистент &nbsp;сопровождает это движение, обеспечивая полную амплитуду движения. Следите за дыханием!<br></p>','283c9945269a6864e9b257c097b39c1a','2016-02-13 16:02:05',0,'Реабилитация'),(67,1,'Подъём руки с перекладиной','',11,'190a5a8fff51e8c06f991f53c3bf33ad.png','343a78e984adf82eb3ad6164d1fb9750.png',NULL,'','<p><em>Дополнительное оборудование:</em>&nbsp; перекладина, петли\n, кистевые фиксаторы, эластичный трос.</p><p><em><br></em></p><p><em>Исходное положение: </em>лёжа на спине, руки  вперед кисти на ширине плеч на перекладине хватом сверху. Точка подвешивания вертикально над правым плечевым суставом.</p><p>&nbsp;<em><br></em></p><p><em>Движение:</em>&nbsp; согнуть руки в плечевых суставах и подтянуть перекладину на уровень груди, затем левый локоть упирается в кушетку, а правая рука совершает маховые &nbsp;движения в кранио-каудальном направлении.</p><p><em><br></em></p><p><em>Рекомендации:</em>&nbsp; обратите внимание пациента на выпрямление руки в локтевом суставе. Далее, после &nbsp;освоения полного объёма движения, следует &nbsp;обучить пациента &nbsp;удержанию руки в крайнем верхнем и нижнем положении 20-30сек.</p><p>Следите за дыханием!<br></p>','22d1d367fb59357419f9f3a1c0cf393f','2016-02-13 16:28:24',0,'Реабилитация'),(68,1,'Толчок двумя ногами','',11,'444837740ac7e7ba114eafd1ca3d36bc.png','accec685509de0ca72830983d7d2a046.png','6970846808f31d4ce412a73b88c6a7ec.png','','<p><em>Дополнительное оборудование:&nbsp; </em>петля для стопы 2шт, бедренная манжета 2шт.</p><p><em><br></em></p><p><em>Исходное положение:</em>&nbsp; ноги согнуты в тазобедренном и коленном суставе, разгружены и приподняты над плоскостью кушетки.</p><p><em><br></em></p><p><em>Движение:</em>&nbsp; толчок двумя ногами в каудальном направлении, до полного выпрямления ног.</p><p><em>\nРекомендации:</em>&nbsp;при выраженной слабости в ногах для увеличения интенсивности  упражнения, можно ритмично раскачивать это движение вперед назад &nbsp;постепенно увеличивая амплитуду. Следите за дыханием: в исходном положении - вдох, в процессе движения - выдох.<br></p>','7ab0639128dbff6bbb1a39a2eb856bd9','2016-02-13 17:08:57',0,'Реабилитация'),(69,1,'Отклонение согнутых ног в сторону','',11,'d592c7f01a1bbdda6639e2d3c40a3e9b.png','fccbf3b0756841b7b2c6784be44aab2d.png','2ec56e503b71af8af73ece284113ff8a.png','','<p><em>Дополнительное оборудование: </em>петля для стопы 2шт, бедренная манжета 2шт, эластичный трос 2шт.</p><p><em>Исходное положение: </em>лёжа на спине,&nbsp;ноги согнуты в тазобедренных и коленных суставах, разгружены и приподняты над плоскостью кушетки. Точки подвешивания вертикально над коленным и тазобедренным суставами</p><p><em>Движение: </em>раскачивание ног в стороны.</p><p><em>Рекомендации: </em>при выраженной слабости в ногах для увеличения интенсивности упражнения, можно ритмично  раскачивать это движение вправо-влево постепенно увеличивая амплитуду. Следите за дыханием!<br></p>','0600e3e9b3c5b643a94189b7ebdad62e','2016-02-13 17:23:26',0,'Реабилитация'),(70,1,'Мобилизация лопатки','',11,'f362862121144fd164ffc3a5861567c8.png','72339ccc28d8183708116ee8b38c2d8e.png','acffc9aa6f35e9ba97bfe8393e359776.png','','<p><em>Дополнительное оборудование:</em>&nbsp; петля с ручкой, трос эластичный.</p><p><em><br></em></p><p><em>Исходное положение:&nbsp; </em>лёжа на животе, рука отведена в сторону, образовывая угол с туловищем 90°, ладонь направлена вниз. Точка подвешивания вертикально  над плечевым суставам&nbsp;</p><p><br><em>\n</em></p><p><em>Движение: </em>поднимите руку  вверх,\nнапрягая и приводя лопатку к позвоночнику.</p><br><p><em>Рекомендации: </em>движение выполняется с максимально возможным диапазоном вверх. При выраженной слабости мышц руки &nbsp;допустимы раскачивающие движения. Далее при освоении этого упражнения, в качестве дополнительной нагрузки &nbsp;необходимо удерживать руку в максимально верхней точке. <br></p><p>Следите за дыханием!<br></p>','186c9c81b46805199b80dee65a567e77','2016-02-13 17:39:31',0,'Реабилитация'),(71,1,'Отведение рук в стороны','',11,'3e39998d053ff7a8ca705ca69876d762.png','87d934907a6c4c64c1493634369cf436.png','9639bde2feefcdb1231903eaba865ec4.png','','<p><em>Дополнительное оборудование:&nbsp; </em>петли с ручкой. Точки подвешивания вертикально над локтевыми суставами.</p><p><em><br></em></p><p><em>Исходное положение:  </em>лёжа на животе, руки вдоль туловища, ладони  направлены вниз.</p><p><em><br></em></p><p><em>Движение: </em>одновременное разведение рук в краниальном направлении - &nbsp;пока плечи  не окажутся вдоль головы.</p><p><em><br></em></p><p><em>Рекомендации:&nbsp; </em>траектория движения рук параллельна полу, локти фиксированы в выпрямленном положении, ладони направлены вниз.</p><p>Следите за дыханием! <br></p><br>','eddf516713b90982c90f18279a3ae91b','2016-02-13 21:10:48',0,'Реабилитация'),(72,1,'Ротация туловища','лёжа на подвеске, закрепленной через блок',11,'985c2e06074978af8ee744c35d2a272c.png','98eaa61e73b40cf3a1cf9f2deb84ce21.png','794de76a3ce4c4f9c8ef6c60787ecf91.png','','<p><em>Дополнительное оборудование:</em>&nbsp; подвеска широкая, статичный трос, блок-ролик.</p><p><em>Исходное положение:</em>&nbsp; лёжа на спине, грудной отдел позвоночника разгружен на подвеске с помощью статичного троса проходящего через блок.</p><p><em>Движение: </em>попеременно вытягиваем руки вверх, стараясь скручивать туловище при этом движении.&nbsp;</p><p><em><br></em></p><p><em>Рекомендации:</em>следите за тем, чтобы руки не опускались ниже уровня плеч. Синхронно вместе движением &nbsp;рук &nbsp;должна поворачиваться голова в сторону верхней руки.<br></p><p>Следите за дыханием!<br></p><br>','36f94346d30de4d1e067da2145146b01','2016-02-18 15:33:27',0,'Реабилитация'),(73,1,'Наклон туловища в сторону','лёжа на животе на подвеске ',11,'a7331e681198ed27a95b140cf045cd0e.png','8bf6c552551d3dd237d23729b62c98f5.png','15ec684d66f1dd9999433befabaf4afe.png','','<p><em>Дополнительное оборудование:&nbsp; </em>подвеска широкая, статичный трос, блок-ролик.</p><p><em><br></em></p><p><em>Исходное положение:</em> лёжа на животе, грудной отдел позвоночника разгружен на подвеске с помощью статичного троса проходящего через блок-ролик. Руки за головой или согнуты в локтях и приведены к плечам.</p><p><em><br></em></p><p><em>Движение:</em>&nbsp; наклоны туловища в стороны. <br></p><br><p><em>Рекомендации:</em>&nbsp; следите за тем, чтобы локти не опускались ниже уровня плеч. Голова &nbsp;наклоняется в сторону синхронно вместе движением  туловища. <br></p><p>Следите за дыханием!<br></p><br><br>','11b137c16dace761a4dad95c20810d15','2016-02-18 15:49:07',0,'Реабилитация'),(74,1,'Разгибание позвоночника','лёжа на животе на подвеске',11,'7e8bdb50f3d8c0e52766155f16fe01fd.png','9d460b566d34c0321df9dacdda9b0cc6.png','c1b8f23a76f8cd70ce78411018a6439e.png','','<p><em>Дополнительное оборудование:&nbsp; </em>подвеска широкая, статичный трос, блок-ролик.</p><p><em><br></em></p><p><em>Исходное положение:</em>&nbsp; лёжа на животе, грудной отдел позвоночника разгружен на подвеске с помощью статичного троса проходящего через блок-ролик. Руки за головой или выпрямлены вдоль туловища ладонями вниз.</p><p><em><br></em></p><p><em>Движение:&nbsp; </em>поднимите верхнюю часть туловища от кушетки, прогибаясь грудопоясничном отделе позвоночника.&nbsp;</p><p><em><br></em></p><p><em>Рекомендации: </em>следите за тем, чтобы локти не опускались ниже уровня плеч. Обратите внимание пациента на &nbsp;сведение лопаток и подъем рук и головы.</p><p>Следите за дыханием!<br></p><br><br>','3ca7a0d6d95214a6a48413353d557baf','2016-02-18 16:15:15',0,'Реабилитация'),(75,1,'Наклон туловища в сторону','лёжа на спине на подвеске ',11,'6c29cb9bb0a62e396ef4b6a4041837cf.png','db7af4790e4900ac32700f0896f2fe79.png','a3db029cf597af2c0540ed35c4377a24.png','','<p><em>Дополнительное оборудование: </em>подвеска широкая, статичный трос, блок-ролик.</p><br><p><em>Исходное положение: </em>лёжа на спине, грудной отдел позвоночника разгружен на подвеске с помощью статичного троса проходящего через блок-ролик. Руки за головой или отведены в стороны.&nbsp;</p><p><em><br></em></p><p><em>Движение: </em>наклоны туловища в стороны.</p><p><em><br></em></p><p><em>Рекомендации:</em>следите за тем, чтобы локти не опускались ниже уровня плеч. Голова &nbsp;должна наклонятся в сторону синхронно вместе движением туловища.&nbsp;</p>Следите за дыханием!<br><br><br>','0a24c5b2b365ad8206400319f418a179','2016-02-18 16:24:05',0,'Реабилитация'),(76,1,'Отведение прямой ноги','на подвеске против сопротивления ',11,'4083597cfc5b7ff5e211e30745fa464d.png','3b685e37bee5ef5266e2d0819ea9e68a.png','ba77b6b404e0472780f44e6376e8dde7.png','','<p><em>Дополнительное оборудование:</em>петля голеностопная, статичный трос.</p><p>&nbsp;<em>Исходное положение:</em> ноги разогнуты в тазобедренном и коленном суставе, одна нога слегка приподнята над плоскостью кушетки.</p><p><em>\nДвижение</em>: отведение прямой ноги в сторону против сопротивления эластичного троса или эспандера.</p><p><em>Рекомендации: </em>при отведении ноги в сторону, желательно следить за напряжением боковой части туловища. Следите за дыханием: в исходном положении - вдох, в момент наивысшего напряжения - выдох.</p>','9dcc575f41ef471b450dea3c9988c8d3','2016-02-18 16:29:36',0,'Реабилитация'),(77,1,'Приведение прямой ноги','на подвеске против сопротивления ',11,'51ea3f7fccf4353ab0ac06fad4eac7b5.png','a3824f374208509bf91ddcca47e7b3e9.png','4407faf64e6d23fa93fbde234f28fdc7.png','','<p><em>Дополнительное оборудование: </em>петля для стопы на голеностопный сустав, статичный/эластичный трос, валик.<br></p><p><em>Исходное положение: </em>лёжа на спине, валик под голову.<em> </em>Нога на подвеске, отведена в сторону.<em><br></em></p><p><em>Движение:&nbsp;</em>приведение прямой ноги в положение \"ноги вместе\", с преодолением сопротивления движению.<br><em></em></p><p><em>Рекомендации: </em>попеременное отведение ног. Для активного приведения ноги с&nbsp; преодолением сопротивления, точка подвешивания перемещается в противоположном от движения направлении. Для увеличения интенсивности упражнения, можно использовать дополнительный эластичный трос, удерживая его в противоположном от движения направлении.<br></p><br>','a3bc9d2844343f03a21e555fa0f9521d','2016-02-18 16:36:39',0,'Реабилитация'),(78,1,'Тяга двух ног в сторону','на подвеске против сопротивления ',11,'72d3dd1cea88299ce4bd0fceeba99e85.png','c075f7587c464efd631177b587c44fcd.png','26896567ac2b40e2da1fbe77bc09353d.png','','<p><em>Дополнительное оборудование: </em>подвеска, петля голеностопная, статичный/эластичный трос, валик.</p><p><em>Исходное положение: </em>лёжа на спине, валик под голову. Руки на полу ладонями вниз. Ноги слегка приподняты на подвеске.<br></p><p><em>Движение: </em>плавное отведение обеих ног в сторону против сопротивления эластичного троса или эспандера.</p><p><em>Рекомендации: </em>обратите внимание&nbsp; на боковое (ипсилатеральное) сгибание поясничного отдела позвоночника с группировкой косых мышц живота. Для активного отведения ног с&nbsp; преодолением сопротивления, точка подвешивания троса перемещается в противоположном от движения направлении. Дыхание глубокое ровное.<br></p><br>','d252d1de6f48870157acf63f07ca341e','2016-02-18 16:42:45',0,'Реабилитация'),(79,1,'Подъём штанги лёжа','',11,'bf66c6f18e5bd0fff2f8b957be8123f5.png','2ea041d7fecc28cbbb69f378e836bfb4.png','2bff258719e5b4657be083284fab7f05.png','','<p><em>Дополнительное оборудование: </em>спортивный гриф.</p><p><em><br></em></p><p><em>Исходное положение: </em>лёжа не спине, руки согнуты в локтях, локти разведены перпендикулярно телу, широкий хват штанги.</p><p><em><br></em></p><p><em>Движение: </em>подъём и опускание штанги на уровне средней части груди.<br></p><p><em>Рекомендации: с</em>ледите за тем,&nbsp;чтобы во время подъёма штанги плечи были отведены в стороны, а предплечья перпендикулярны штанге. &nbsp;<em>&nbsp;</em>При выраженной слабости в руках, во избежание травмы головы, максимально допустимый уровень опускания грифа ограничивается с помощью страховочного троса закреплённого к разгрузочному модулю.&nbsp;</p><p>В момент выпрямления рук делайте выдох!&nbsp;<br></p><br>','7e14e0f985ac27119ddc0d5cbf872898','2016-02-18 16:48:56',0,'Реабилитация'),(80,1,'Разгибание плеча','против мануального сопротивления',11,'c9dafed88ad260a03498d445462bf323.png','56ad48c86ab053139d079d71885868db.png','ad6807951af03fd2fca7289290f66546.png','','<p><em>Дополнительное оборудование:</em> отсутствует&nbsp;</p><p><em>Исходное положение: </em>лежа на боку, плечо отведено на 90°, предплечье свободно свисает вниз.</p><p><em>Движение: </em>разгибание плеча с преодолением мануального сопротивления ассистента.</p><p><em>Рекомендации: </em>следите за тем чтобы позвоночник был в нейтральном положении и плечо не опускалось к туловищу. При выраженной слабости мышц туловища придерживайте таз свободной рукой. Обратите внимание пациента на приведение лопатки &nbsp;активной руки к позвоночнику.&nbsp;</p><br>','84c625307f96c126f1e43490e46b17e7','2016-02-18 17:29:01',0,'Реабилитация'),(81,1,'Приведение плеча','лёжа на боку против сопротивления',11,'83d903238deb4fabbccce79a20325dc4.png','4d9ac803409f52454e391852110c7741.png','7a04b6785a0c0752160b8404db698532.png','','<p><em>Исходное положение:&nbsp;</em>лёжа на боку, плечо отведено на 120°, предплечье свободно свисает перед грудью.&nbsp;</p><p><em>Движение:&nbsp;</em>приведение плеча против мануального сопротивления ассистента.</p><p><em>Рекомендации:&nbsp;</em>следите за тем чтобы позвоночник был в нейтральном положении. При выраженной слабости мышц туловища придерживайте таз свободной рукой. Обратите внимание пациента на приведение лопатки &nbsp;к позвоночнику и на максимальный диапазон движения.&nbsp;</p><br><br>','cba21d7e84cfe719a9103df433fe36de','2016-02-19 06:25:36',0,'Реабилитация'),(82,1,'Отведение плеча','лёжа на боку против сопротивления',11,'cd9cbdb02fac0e43ea19a0c0c1c91f74.png','11de2f35886bc1df8a6e2368a750d109.png','fa5d5330765798f7bfcbb6be78180ac4.png','','<p><em>Описание: </em>лёжа на боку, плечо &nbsp;в положении приведения, предплечье свободно свисает перед грудью.&nbsp;</p><br><p><em>Движение:</em> отведение плеча против мануального сопротивления ассистента.</p><br><p><em>Рекомендации:</em> следите за тем чтобы позвоночник пациента был в нейтральном положении. При выраженной слабости мышц туловища придерживайте таз свободной рукой обеспечивая правильное положение таза и поясничного отдела позвоночника. Обратите внимание пациента &nbsp;на максимально полный объем &nbsp;движения.&nbsp;</p><br><br><br>','7d9004248f3d8f796926ac16b92e6599','2016-02-19 06:26:30',0,'Реабилитация'),(83,1,'Подъём штанги над головой','лёжа на спине',11,'5fdc1ae15520d5e4ee58cb8831d556a2.png','b935de958ee2bde973915193ff8890ae.png',NULL,'','<p><em>Дополнительное оборудование:</em> спортивный гриф.</p><br><p><em>Исходное положение:</em> лёжа на спине, &nbsp;гриф перед грудью, широкий хват, руки выпрямлены.<br></p><br><p><em>Движение: </em>отведение штанги над головой.</p><br><p><em>Рекомендации: </em>&nbsp;следить за тем, чтобы в нижней фазе движения плечи были параллельны друг другу.<br></p><p>Следите за дыханием: вдох на верхней фазе, выдох на нижней.<br></p>','87ebff62d6499e19db754d2aa23a3ff2','2016-02-19 06:30:19',0,'Реабилитация'),(84,1,'Разгибание предплечья','лёжа на спине',11,'bb2aefa1933d60fbd8cbf82c9dd2bdce.png','9f6ca971baa10ee651cb11b6c5a3fe58.png',NULL,'','<p><em>Исходное положение: </em>лёжа на спине, рука согнута в локтевом суставе, поднимается вверх в сагиттальной плоскости перед грудью, под углом 90° по отношению к кушетке (т.е. плоскость плечевой кости&nbsp; должна быть перпендикулярна плоскости кушетки).<br></p><p><em><br></em></p><p><em>Движение: </em>плавно разогните локоть до полного выпрямления руки.&nbsp;<br><em></em></p><p><em><br></em></p><p><em>Рекомендации: </em>следите за тем, чтобы во время выполнения упражнения плечо находилось в заданном положении.<br></p>&nbsp;<br><br>','5f42fe6df397220588a2fe50c574b800','2016-02-19 06:33:10',0,'Реабилитация'),(85,1,'Наружная ротация плеча','лёжа на животе',11,'dacb42a542b1ed8ed0a040c2918b91ff.png','42a6d75f292067b30fbe95fb69c324f4.png',NULL,'','<p><em>Исходное положение: </em>лёжа на животе, голова повёрнута в сторону активной руки. Рука отведена в плечевом суставе на 45° и согнута в локтевом суставе на 90°, &nbsp;ладонь направлена &nbsp;вверх.<br></p><p><em><br></em></p><p><em>Движение: </em>плавное разгибание локтевого сустава с одновременным отведением плеча до 90° и наружной ротацией до полного разворота руки ладонью вниз. Затем верните руку в исходное положение.&nbsp;<br></p><p><em><br></em></p><p><em>Рекомендации: </em>для облегчения выполнения движений используйте специальные &nbsp;скользящие поверхности.<em><br></em></p>','90be6c2e94effc9e1656944a3975d648','2016-02-19 06:35:26',0,'Реабилитация'),(86,1,'Подъём руки вверх','лёжа на боку с тутором на локте ',11,'837116ddfedcd43fc86feb85014c53cd.png','6fe34f4bc8e1bd7cbda50b1e56633cf3.png',NULL,'','<p><em>Дополнительное оборудование:</em>&nbsp; эластичный трос, тутор на руку, петля с ручкой.</p><p><em><br></em></p><p><em>Исходное положение:&nbsp; </em>лёжа на боку, рука выпрямлена вдоль тела, разгружена с помощью эластичного троса.</p><p><em><br></em></p><p><em>Движение:</em>&nbsp; мах прямой рукой параллельно кушетки. <br></p><p><em><br></em></p><p><em>Рекомендации:&nbsp; </em>следите за тем чтобы позвоночник был в нейтральном положении, рука не опускалось к кушетке и поднималась до максимально вертикального положения. Ассистент придерживает таз при &nbsp;слабости мышц туловища.&nbsp;</p><br><br>','038a9467b82f7ba4a91206e920f82f31','2016-02-20 03:13:32',0,'Реабилитация'),(87,1,'Отведение руки','лёжа на животе, по скользящей поверхности',11,'333575f5b91e3f71d457dbdb1ac37627.png','3cd08204280d8833513d045635344de6.png',NULL,'','<p><em>Дополнительное оборудование:&nbsp; </em>тутор на локтевой сустав, скользящая платформа, фиксатор кистевой.&nbsp;</p><p><em><br></em></p><p><em>Исходное положение:&nbsp; </em>лёжа на животе. Рука выпрямлена вдоль туловища, ладонью вниз.</p><p><em><br></em></p><p><em>Движение:</em>&nbsp; отведение руки через сторону вверх.</p><p><em><br></em></p><p><em>Рекомендации:</em>&nbsp; если у пациента недостаточно силы, чтобы выполнить &nbsp;движение в полном объёме, ассистент  сопровождает это движение, помогая преодолеть ограничение, достигая полной амплитуды.&nbsp; Следите за дыханием!<br></p>','b852292b738f209095ff3d240e6af066','2016-02-20 03:17:27',0,'Реабилитация'),(88,1,'Выпрямление руки вверх','лёжа на животе, по скользящей поверхности',11,'f3b8a3607688b79e5f28b8e1eb7876c8.png','73f6038e2e06afee11e9e0373cedc2b0.png',NULL,'','<p><em>Исходное положение: </em>лёжа на животе, голова повернута в сторону активной руки, рука отведена в плечевом суставе на 45° и согнута в локтевом суставе на 45°, ладонь направлена вниз.<br></p><p><em>Движение:</em>&nbsp; плавное выпрямление руки вверх на 45°.</p><p><em>Рекомендации: </em>для облегчения выполнения движений используйте специальные&nbsp; скользящие поверхности.&nbsp;</p><p>Следите за дыханием!<br></p>','38d948d2dad211633717330bf1a54847','2016-02-20 03:23:19',0,'Реабилитация'),(89,1,'Сгибание предплечья в локте','лёжа на животе, по скользящей поверхности',11,'7e37f496701d3a03d279988c97d2dfec.png','6c7b3524404cdfa41c17f0c8ea5c1bb9.png',NULL,'','<p><em>Исходное положение: </em>лёжа на животе, голова повёрнута в сторону активной руки. Рука &nbsp;выпрямлена и отведена в плечевом суставе на 90°, &nbsp; ладонь направлена  вниз.</p><p><em>Движение:&nbsp;</em>сгибание руки в локтевом суставе.<br></p><p><em>Рекомендации: </em>&nbsp;для облегчения выполнения движений используйте специальные&nbsp; скользящие поверхности.&nbsp;</p><p>Следите за дыханием!<br></p>','ba78fbf99ff2546a635db829fb8cb539','2016-02-20 03:25:57',0,'Реабилитация'),(90,1,'Ротация плеча наружная/внутренняя','лёжа на животе, по скользящей поверхности ',11,'4ce2f65e890e9b0021ab01e9bf368872.png','e652e583580da2bb7d99b454f9f6c228.png',NULL,'','<p><em>Исходное положение:</em>&nbsp; лёжа на животе, голова повёрнута в сторону активной руки. Рука отведена в плечевом суставе на 45° и согнута в локтевом суставе на 90°, ладонь направлена вверх.<br></p><p><em><br></em></p><p><em>Движение:</em>&nbsp; плавное разгибание локтевого сустава с одновременным отведением плеча до 90° и наружной ротацией до полного разворота руки ладонью вниз. Затем верните руку в исходное положение.<br><br><em>Рекомендации:</em><em></em>&nbsp; для облегчения выполнения движений используйте специальные&nbsp; скользящие поверхности.<br></p><p>Следите за дыханием!<br></p>','e736fc360e6b31c92ebd444cb64b66c1','2016-02-20 03:30:04',0,'Реабилитация'),(91,1,'Круговые движения руками','сидя',11,'c7ba7d0b358de5c24681fc6642f7f3be.png','014ac15357c642b3db75eb57d774317e.png',NULL,'','<p><em>Дополнительное оборудование: </em>грудная обвязка, эластичный трос.<em><br></em></p><p><em><br></em></p><p><em>Исходное положение:&nbsp;</em>сидя, ноги выпрямлены и разведены в сна ширину плеч. &nbsp;Туловище разгружено с помощью эластичного троса, закрепленного&nbsp; к разгрузочному модулю. Руки отведены в стороны на уровне плеч.<em><br></em></p><p><em><br></em></p><p><em>Движение:&nbsp; </em>одновременные противофазные круговые движения руками.<em><br></em></p><p><em><br></em></p><p><em>Рекомендации:&nbsp;</em>обратите внимание на синхронное вращение туловища вокруг вертикальной оси позвоночника одновременно с движениями руками.<em><br></em></p><p>Следите за дыханием!<em><br></em></p><br>','e735d8e4ac84837db5be6a82c2ca2c45','2016-02-20 03:46:13',0,'Реабилитация'),(92,1,'Наклон вперёд','сидя',11,'fff49309d97537a226100e896208b9fc.png','223570973742fe17ac03e08aa0e2378f.png',NULL,'','<p><em>Дополнительное оборудование: </em>грудная обвязка, эластичный трос.</p><p><em><br></em></p><p><em>Исходное положение:&nbsp; </em>сидя, ноги выпрямлены и разведены на ширину плеч. Туловище разгружено с помощью эластичного троса, закреплённого к разгрузочному модулю. Руки отведены в стороны на уровне плеч, ладони направлены вниз.</p><p><em><br></em></p><p><em>Движение:</em>&nbsp; наклон туловища вперёд с одновременным отведением обеих рук назад. Вернуться в исходное положение.<br></p><p><em><br></em></p><p><em>Рекомендации:&nbsp; </em>следите за тем, чтобы туловище, наклоняясь вперёд, сгибалось в нижней части ягодиц, а не спины или позвоночника. Вдыхайте, наклоняясь вперёд, и выдыхайте, возвращаясь в исходное &nbsp;положение.<br></p>','4171bd89e34d5599664f8586ba6429cc','2016-02-20 03:48:40',0,'Реабилитация'),(93,1,'Подъём гантели перед собой','сидя',11,'5c38e59c7052cac2904516858cc7fae1.png','1ac6cfb196f9419e20e5071bc7d91aec.png','52963fb883fa08f854b2a8b1a6a25fe3.png','','<p><em>Дополнительное оборудование: </em>грудная обвязка, эластичный трос, гантель.<em><br></em></p><p><em><br></em></p><p><em>Исходное положение:&nbsp;</em>сидя, ноги выпрямлены и разведены в стороны на ширину плеч. Туловище разгружено с помощью эластичного троса закрепленного&nbsp; к разгрузочному модулю.&nbsp;<em><br></em></p><p><em><br></em></p><p><em>Движение:</em>&nbsp; руки удерживают гантель, &nbsp;заведены к наружной части бедра, совершаем&nbsp;подъём гантели прямыми руками над головой, затем опускаем &nbsp;к противоположному бедру, описывая гантелью полукруг от одного бедра к другому с максимальным подъёмом гантели вверх над головой.&nbsp;<em><br></em></p><p><em><br></em></p><p><em>Рекомендации: </em>&nbsp;Обратите внимание на синхронное вращение туловища вокруг вертикальной оси позвоночника с одновременным с движением рук. Следите за дыханием!<br></p><br>','ea4479dd1bd40824a5a8520b1f2d9d0a','2016-02-20 03:57:28',0,'Реабилитация'),(94,1,'Подъём гантели одной рукой','сидя, через сторону',11,'3738a1adcf57c3004ea436fdf74acc76.png','c105c0ac40a8265a67115a78e17af41a.png','e67f7fe3332775390ce25f343d5d65c7.png','','<p><em>Дополнительное оборудование: </em>грудная обвязка, эластичный трос, гантель.<em><br></em></p><p><em><br></em></p><p><em>Исходное положение:</em>&nbsp; сидя, ноги выпрямлены и разведены в стороны на ширину плеч. Туловище разгружено с помощью эластичного троса закреплённого  к разгрузочному модулю.&nbsp;&nbsp;<em><br></em></p><p><em><br></em></p><p><em>Движение:&nbsp;</em>подъём гантели через сторону вверх &nbsp;с небольшим сгибанием в локтевом суставе.&nbsp; Затем вернуть руку в исходное положение.<em><br></em></p><p><em><br></em></p><p><em>Рекомендации:&nbsp;</em>упражнение выполняется попеременно для обеих рук. Обращайте внимание на небольшой наклон туловища в противоположную сторону от активной руки. Выдыхайте, при подъёме руки вверх, и вдыхайте при возвращении &nbsp;в исходное&nbsp; положение.<br></p><br>','d6d7acd810bc81c0c862ab3ad826a030','2016-02-20 04:02:11',0,'Реабилитация'),(95,1,'Мах гантелей вперёд на уровне груди','',11,'7f21f3cb625530e483623b55abc8e3c8.png','b1c376a1d8cb97f78f28baeded063321.png',NULL,'','<p><em>Дополнительное оборудование:&nbsp; </em>грудная обвязка, эластичный трос, гантель.</p><p><em>Исходное положение:</em>&nbsp;сидя, ноги выпрямлены и разведены в стороны на ширину плеч. Туловище разгружено с помощью эластичного троса закреплённого  к разгрузочному модулю. Одна рука заведена за голову, ладонь на затылке; другая рука отведена в плечевом суставе в сторону до угла 90°.&nbsp;</p><p><em>Движение:&nbsp;</em>мах гантелей вперёд на уровне груди с одновременным выпрямлением руки. Затем вернуть руку в исходное положение.</p><p><em>Рекомендации:</em>&nbsp; упражнение выполняется попеременно для обеих рук. Обратите внимание на синхронное вращение туловища вокруг вертикальной оси позвоночника одновременно с движением руки. Вдыхайте, отводя руку назад и выдыхайте при движении руки вперёд.&nbsp;<br></p>','e71b7a89cf94c3136b29143309c527d0','2016-02-20 04:10:02',0,'Реабилитация'),(96,1,'Подъём гантелей над головой','лёжа на животе',11,'2a19db1bac41f31568db3d2c7223e29f.png','94b0d0266edc189dbdde88a776669cc3.png',NULL,'','<p><em>Дополнительное оборудование:&nbsp;</em>скамья, наклонённая к полу под углом 25°-35°, гантель.</p><p><em>Исходное положение:&nbsp;</em>лёжа на животе. Руки с гантелями выпрямлены, опущены вниз.<br></p><p><em>Движение:&nbsp; </em>подъём рук над головой, руки параллельно друг другу, ладони направлены к полу.</p><p><em>Рекомендации:&nbsp; </em>обратите внимание на синхронный подъем головы &nbsp;одновременно с движением рук вверх.&nbsp; Подъём рук осуществляется до максимально комфортного положения.<br></p><p>Следите за дыханием: в исходном положении вдох, &nbsp;в момент наивысшего напряжения - выдох.<br></p><br>','94d1203a47ffa167906167bb5390dad7','2016-02-20 18:07:45',0,'Реабилитация'),(97,1,'Подъём гантелей к плечам','лёжа на животе',11,'c009986912db60150b00b2e1ed531a57.png','5e961e143dccd8ff5538aaf56ef71978.png','bb6a32fca7055ee4a422f887fd140ed3.png','','<p><em>Дополнительное оборудование: </em>скамья, наклонённая к полу под углом 25°-35°, гантель.</p><p><em>Исходное положение: </em>лёжа на животе. Руки с гантелями выпрямлены, опущены вниз перпендикулярно полу.</p><p><em>Движение: </em>поднимите&nbsp;локти к потолку, согнув руки в локтевых суставах с отведением лопаток назад стараясь свести их вместе.&nbsp;<br></p><p><em>Рекомендации: </em>&nbsp;гантели должны подниматься к средней части торса, не допускается,<em> </em>чтобы во время подъёма рук плечи поднимались к ушам.&nbsp;</p><p>Следите за дыханием: в исходном положении вдох, в момент наивысшего напряжения - выдох.</p>','434c1eb4c26431fab56bfeb30207e449','2016-02-20 18:14:48',0,'Реабилитация'),(98,1,'Подъём прямой ноги','лёжа на спине',11,'eee07c39eb53c91794ed0baa58c46c20.png','9f7ad2e42783c9c67f7b5c552294e386.png','8071f013fc581eb3499bf8cac830e49a.png','','<p><em>Дополнительное оборудование:</em>&nbsp; манжета на голень, силовой модуль.</p><p><em>Исходное положение:&nbsp; </em>лёжа на спине. Ноги разогнуты в тазобедренном и коленном суставе, одна нога слегка разгружена и приподнята над плоскостью кушетки. Руки вдоль тела ладонями вниз.<br></p><p><em>Движение:</em>&nbsp; подъём прямой ноги.&nbsp;<br></p><p><em>Рекомендации:</em>&nbsp; в исходном положении вдох, в фазе наибольшего напряжения - выдох. Следите за тем, чтобы в других частях тела не создавалось дополнительное напряжение.<br></p>','b4fd8c579b605e9b6e081c65166b7598','2016-02-20 18:19:10',0,'Реабилитация'),(99,1,'Прогиб вперёд','коленно-кистевая стойка ',11,'8092d3071256410fbefff1f802a79fd7.png','fd8e5d56d6f72fd28d0b8e24ccbd6c12.png','4fe64b452cbf1f01d44e71aea325f7bc.png','','<p><em>Дополнительное оборудование:&nbsp; </em>отсутствует.<br></p><p><em>Исходное положение: </em>колено-кистевая стойка. Обе руки в опоре, кисти расположены не вертикально под плечевым суставом, а немного выставлены вперёд. Спина прямая. Лицо смотрит в пол.<br></p><p><em>Движение:&nbsp;</em>плавный прогиб вперёд до положения, когда&nbsp; плечевой сустав окажется над кистью.<br></p><p><em>Рекомендации: </em>следите за тем, чтобы в&nbsp; процессе выполнения упражнения не прогибался слишком сильно поясничный лордоз позвоночника (гиперлордоз). Следите за дыханием:&nbsp; исходном положении вдох, в конечном положении - выдох.</p><br>','2050c145ecd97939d1a1de860a007674','2016-02-20 18:25:48',0,'Реабилитация'),(100,1,'Тяга прямой ноги вниз','лёжа на спине',11,'bee7c8aa5ffa37c9baf7443bea321b27.png','427a064372f9ab9295c9e2a30bf9fb39.png',NULL,'','<p><em>Дополнительное оборудование:&nbsp;</em>манжета на голень, эластичный трос.</p><p><em>Исходное положение:&nbsp;</em>лёжа на спине. Ноги разогнуты в тазобедренном и коленном суставе, одна нога слегка разгружена и приподнята над плоскостью кушетки. Руки вдоль тела ладонями вниз.</p><p><em>Движение:</em>&nbsp; тяга прямой ноги вниз.</p><p><em>Рекомендации:&nbsp;</em>в исходном положении вдох, в фазе наибольшего напряжения - выдох. Следите за тем, чтобы в других частях тела не создавалось дополнительное напряжение. При необходимости создать сопротивление, точка подвешивания передвигается в краниальном направлении. Возможно использование силового модуля.<br></p><br>','2e053f5c30793d587f7c44655b004238','2016-02-20 18:28:00',0,'Реабилитация'),(101,1,'Вращение туловища','',11,'b4144e85514e2f158ccff99b00a2b474.png','9d9d929ca1f9a67949e7d24d198cc86a.png','e16dff54b4db2efda58cff06a22af16f.png','','<p><em>Дополнительное оборудование:</em>&nbsp; эластичный трос, петля для руки.</p><p><em>Исходное положение:</em>&nbsp; сидя, ноги выпрямлены и разведены в стороны на ширину плеч. Руки разгружены с помощью эластичного троса, разведены в стороны на уровне плеч. Одна рука отведена назад, другая приведена вперёд.<br></p><p><em>Движение: </em>вращение туловища вокруг вертикальной оси позвоночника с одновременным движением руками.</p><p><em>Рекомендации:&nbsp;</em>следите за тем, чтобы вращение туловища &nbsp;было плавным, без болевых ощущений, а спина оставалась выпрямленной. Не допускаются хлыстообразные движения руками!<br></p><p>Следите за дыханием!<br></p><br>','a06ce9681660852bcc929dba476ddbd9','2016-02-20 18:35:34',0,'Реабилитация'),(102,1,'Подъём рук через стороны','сидя',11,'8a2102441e19eef735e3571a54f52404.png','60edf01dd5fb7c67f34d2ed34d501da2.png','6a45265cbdec146c57c4b2ae9b02a644.png','','<p><em>Дополнительное оборудование:</em>&nbsp; эластичный трос, петля для руки.</p><p><em>Исходное положение:</em>&nbsp; сидя, ноги выпрямлены, разведены в стороны на ширину плеч. Руки разгружены с помощью эластичного троса, разведены в стороны на высоте плеча.<br></p><p><em>Движение:</em>&nbsp; подъём рук через стороны.<br></p><p><em>Рекомендации: </em>обращайте внимание на то, чтобы туловище не наклонялось вперёд, а спина оставалась прямой.</p><p>Следите за дыханием!</p>','5bc0ae68a32dc94a7ff164b3fc1fdee9','2016-02-20 18:38:19',0,'Реабилитация'),(103,1,'Подъём руки','коленно-кистевая стойка ',11,'9ec39fbe287acd7a0673cd7d2835b93c.png','7af67ea769edd8450ba4624ae75b2ac0.png','760e8393edec8b8fff65f6a34a851352.png','','<p><em>Дополнительное оборудование:</em>&nbsp; отсутствует.</p><p><em>Исходное положение:&nbsp; </em>колено-кистевая стойка. Одна рука в опоре, кисть&nbsp; расположена вертикально под плечевым суставом. Активная рука касается пола, придерживая равновесие.</p><p><em>Движение: </em>подъём прямой руки через сторону вверх до уровня плеча.</p><p><em>Рекомендации: </em>следите за дыханием: в исходном положении - вдох, в фазе наивысшего напряжения - выдох.</p><br>','d51fd086cdfacf7fc14d1145657b6f94','2016-02-20 18:44:16',0,'Реабилитация'),(104,1,'Округление поясницы','',11,'71aebe313aa2318703569e36c8036f8d.png','d3b535e6c4c265c7f7a50f027862970e.png','6e0db0f22d6ec8264934468fec225c98.png','','<p><em>Дополнительное оборудование: </em>отсутствует.</p><p><em>Исходное положение:</em>&nbsp; коленно-кистевая стойка.</p><p><em>Движение:</em>&nbsp; плавное округление поясницы.<br></p><p><em>Рекомендации: </em>следите за тем, чтобы в&nbsp; процессе выполнения упражнения не прогибался слишком сильно поясничный лордоз позвоночника (гиперлордоз).</p><br>','9dfa085ebcc4600035107e8167d87270','2016-02-20 18:47:46',0,'Реабилитация'),(105,1,'Подъём туловища из положения лёжа','со вспомогательной тягой',11,'86f4a46f39658712e63ee399708b16a5.png','0205cd6d6381110fdd7f6e3b02f3f6e7.png','3e31f37ea1fe73769ce65c2be977a033.png','','<p><em>Дополнительное оборудование:</em>&nbsp; статичный трос, петли для рук.</p><p><em>Исходное положение:</em>&nbsp; лёжа, ноги выпрямлены и разведены в стороны на ширину плеч. Руки удерживают статичный трос закрепленный в ножной части разгрузочного модуля под углом 45градусов по отношению к кушетке.&nbsp;<br></p><p><em>Движение:</em>&nbsp; сгибание туловища вперед с помощью рук.&nbsp;<br></p><p>Рекомендации: желательно установить упор в стопы , чтобы предотвратить сползание таза вперед.&nbsp;<br></p>','0888739ad0fa85a394289f08bca05e65','2016-02-20 18:52:43',0,'Реабилитация'),(106,1,'Круговые движения руками','с эластичным тросом',11,'a93deb7b4d7b98040dc753c8d01a9464.png','80f59ae8d48c4e2c4d9eaaa6af156c23.png','d5aa62659db36c509ced4c810fb516ea.png','','<p><em>Дополнительное оборудование:&nbsp;</em>эластичный трос, петля для руки.</p><p><em>Исходное положение:&nbsp;</em>сидя, ноги выпрямлены и разведены в стороны на ширину плеч. Руки разгружены с помощью эластичного троса, закрепленного к разгрузочному модулю, и разведены в стороны на высоте плеча.<br></p><p><em>Движение:</em>&nbsp; одновременные противофазные круговые движения руками.<br><em>Рекомендации:&nbsp;</em>обратите внимание на синхронное вращение туловища вокруг вертикальной оси позвоночника одновременно с движениями руками.<br>Следите за дыханием!<br></p><br>','4e498a84eb5755abe5588e57653b9196','2016-02-21 06:06:45',0,'Реабилитация'),(107,1,'Наклон вперёд с опорой на эластичный трос','',11,'a544a60ef6b89f0ee2a4637ad267dfe7.png','8d7d8a0bdfffeee95fd878fcd28c8d23.png','694de73ffe252fdd32b49d73efb84598.png','','<p><em>Дополнительное оборудование:&nbsp; </em>эластичный трос, петля для руки.</p><p><em>Исходное положение:</em>&nbsp; сидя, ноги выпрямлены и разведены в стороны на ширину чуть шире плеч. Руки прямые, перед собой, разгружены с помощью эластичного троса, закрепленного к разгрузочному модулю.<br></p><p><em>Движение:&nbsp;</em>наклон вперёд с опорой на эластичный трос.</p><p><em>Рекомендации:&nbsp; </em>следите за тем, чтобы туловище, наклоняясь вперед, сгибалось в нижней части ягодиц, а не спины или позвоночника. Вдыхайте, наклоняясь вперёд, и выдыхайте, возвращаясь в исходное&nbsp; положение.<br></p>','bf3075ef02088217e928ef9912a57998','2016-02-21 06:11:43',0,'Реабилитация'),(108,1,'Тяга назад одной рукой','положение сидя ',11,'fe2929d12f463f8d0dd3bb28d4b0e7b3.png','7a4ebab8bf729448542c3c1e4d282fff.png','412bdefcb1b26803ae15a40f6a2fb3dc.png','','<p><em>Дополнительное оборудование:&nbsp;</em>эластичный трос, петля для руки.<br></p><p><em>Исходное положение:&nbsp;</em>сидя, ноги выпрямлены и немного разведены в стороны. Руки прямые, разгружены с помощью эластичного троса, закрепленного&nbsp; к разгрузочному модулю. Одна рука отведена через сторону вверх, приблизительно, на 75°. Голова повернута в сторону активной руки. Другая рука висит свободно.<br></p><p><em>Движение:&nbsp;</em>тяга назад одной рукой с одновременным вращением туловища в сторону активной руки.&nbsp;</p><p><em>Рекомендации:&nbsp;</em>упражнение выполняется попеременно для обеих рук. Если у пациента недостаточно силы, чтобы выполнить это движение самостоятельно, ассистент&nbsp; сопровождает это движение, обеспечивая полную амплитуду движения. Вдыхайте, отводя руку назад и выдыхайте при движении руки вперёд.</p><br>','6cd3e6d075e52de15c346bff623e2067','2016-02-21 06:53:29',0,'Реабилитация'),(109,1,'Тяга назад двумя руками','сидя',11,'c51f5a3c14ddf9ecc743ca0f74171d2c.png','4a4b0da77de4f37fadb48d8d9e687d59.png','759c1896dbf6d19975275d0128c9aedd.png','','<p><em>Дополнительное оборудование:&nbsp;</em>эластичный трос, петля для руки.</p><p><em>Исходное положение:</em>&nbsp; сидя, ноги выпрямлены и немного разведены в стороны. Руки разгружены с помощью эластичного троса, закрепленного к разгрузочному модулю, выпрямлены перед грудью на уровне плеч.</p><p><em>Движение:&nbsp;</em>тяга назад двумя руками.</p><p><em>Рекомендации:&nbsp; </em>обращайте внимание на то, чтобы туловище не наклонялось вперёд, а спина оставалась прямой.<br></p><p>Следите за дыханием!</p>','3b939c5e4c98773e3c214cd9a09f24af','2016-02-21 06:57:18',0,'Реабилитация'),(110,1,'Наклон вперёд','в вертикализаторе с поддержкой ассистента ',11,'553663ec50b6856c512dd3fd99f73413.png','8dc87cac43ea53da85059338beddc833.png','3e2e1ca8f31e9bc9aca2d74c71496c91.png','','<p><em>Дополнительное оборудование:&nbsp;</em>вертикализатор.</p><p><em>Исходное положение:&nbsp; </em>стоя в вертикализаторе. Руки заведены за голову, ладони на затылке.</p><p><em>Движение:</em>&nbsp; наклон вперёд с внешней поддержкой ассистента, стоя в вертикализаторе. Вернуться в исходное положение.<br></p><p><em>Рекомендации:</em>&nbsp; следите за тем, чтобы туловище, наклоняясь вперед, сгибалось в нижней части ягодиц, а не спины или позвоночника. Вдыхайте, наклоняясь вперед, и выдыхайте, возвращаясь в исходное&nbsp; положение.<br></p><br>','ffa2ded12bc451fdcc03dbab9d75ad95','2016-02-21 07:04:43',0,'Реабилитация'),(111,1,'Отведение руки назад','стоя в вертикализаторе ',11,'be6079b591a1dd115d88a4e506c8b86d.png','09b101dca604ec4639960c08a9df4aea.png','7a2f1a3a62ee63a33d57f18a59aeba91.png','','<p><em>Дополнительное оборудование:</em>&nbsp; вертикализатор.</p><p><em>Исходное положение:&nbsp;</em>стоя в вертикализаторе. Руки выпрямлены перед грудью, на уровне плеч.<br></p><p><em>Движение:&nbsp;</em>отведение одной руки назад, &nbsp;с одновременным поворотом головы &nbsp;и вращением  туловища &nbsp;в сторону активной руки. Возврат в исходное положение.<br></p><p><em>Рекомендации:&nbsp;</em>в случае выраженной слабости &nbsp;в мышцах туловища, во избежание падения, &nbsp;желательно придерживаться свободной рукой за поручень вертикализатора. Упражнение выполняется попеременно для обеих рук.&nbsp;<br></p><p>Следите за дыханием: в исходном положении - вдох, в фазе максимального отведения руки - выдох.<br></p><br>','373e53187f5850c7d639630b3e07bbb8','2016-02-21 07:42:49',0,'Реабилитация'),(112,1,'Наклон туловища в сторону','стоя в вертикализаторе ',11,'2b2a27a706fe555ca5c236fdab2491c6.png','596c069cb7e5707a4173cb302ecd1f07.png','76449491d5d24837a3ba40e11b4c4a79.png','','<p><em>Дополнительное оборудование:</em>&nbsp; вертикализатор.</p><p><em>Исходное положение:&nbsp; </em>стоя в вертикализаторе. Одна рука заведена за голову, ладонь на затылке, другая придерживается за поручень вертикализатора.<br></p><p><em>Движение:&nbsp; </em>наклон туловища в стороны вправо, влево. Затем поменять положение рук на противоположное.<br></p><p><em>Рекомендации:&nbsp; </em>в случае выраженной слабости&nbsp; в мышцах туловища, во избежание падения,&nbsp; желательно придерживаться свободной рукой за поручень вертикализатора.&nbsp;&nbsp; Следите за дыханием: в исходном положении - вдох, в фазе максимального отведения руки - выдох.</p><br>','4862a9c31f41c17c2fa4f3aadeb1e531','2016-02-21 07:52:35',0,'Реабилитация'),(113,1,'Отведение руки вверх','стоя в вертикализаторе ',11,'ee4b817d77106be7844bff69651c771c.png','723569cce9d5016317aa8aa522069db2.png','5cc7dda3d67f49c3fce8c9b0269f60da.png','','<p><em>Дополнительное оборудование:&nbsp;</em>вертикализатор.</p><p><em>Исходное положение:&nbsp; </em>стоя в вертикализаторе. Одна рука придерживается за поручень вертикализатора, другая отведена в сторону на уровне плеча, ладонь вниз.<br></p><p><em>Движение:&nbsp; </em>отведение одной руки вверх.</p><p><em>Рекомендации:</em>&nbsp; в случае выраженной слабости&nbsp; в мышцах туловища, во избежание падения,&nbsp; желательно придерживаться свободной рукой за поручень вертикализатора.&nbsp;&nbsp; Следите за тем, чтобы активная рука оставалась прямой.&nbsp; В исходном положении - вдох, в фазе максимального отведения руки - выдох.</p><br>','140e49524f76a537f51c8d187a03e432','2016-02-21 08:06:07',0,'Реабилитация'),(114,1,'Наклон по диагонали вперёд','стоя в вертикализаторе ',11,'3c7f75b5631165cd609b19a5b1ac46c8.png','c007b94a293539db5001e0a13ee3aad1.png','47441075abf4f8d301e50dbbd26a7d3f.png','','<p><em>Дополнительное оборудование:&nbsp;</em>вертикализатор.</p><p><em>Исходное положение:&nbsp; </em>стоя в вертикализаторе. Одна рука придерживается за поручень вертикализатора, другая заведена за голову, ладонь на затылке.<br></p><p><em>Движение: &nbsp;</em>подведите &nbsp;локоть активной руки по направлению к противоположной руке, которая опирается на поручень вертикализатора &nbsp;с&nbsp;&nbsp;плавным сгибанием и поворотом торса. Вернитесь в исходное положение.<br></p><p><em>&nbsp;Рекомендации:&nbsp;</em>упражнение выполняется попеременно для обеих рук. &nbsp; Следите за дыханием: в исходном положении - вдох, в фазе максимального отведения руки - выдох.</p><br>','0530cdea037f5c243906c9b84d9192f1','2016-02-21 08:14:08',0,'Реабилитация'),(115,1,'Поворот туловища против сопротивления','',11,'c74011c811684688c72d21448258d50d.png','dea78160f7bb991e904b8ac01e24a8de.png','ea59358be4f41ff75dae49b91491d905.png','','<p><em>Дополнительное оборудование:&nbsp; </em>вертикализатор.</p><p><em>Исходное положение:&nbsp;</em>стоя в вертикализаторе с внешней поддержкой ассистента. Руки опущены.<br></p><p><em>Движение:</em>&nbsp; поворот туловища вокруг вертикальной оси позвоночника вправо/влево против создаваемого ассистентом сопротивления.<br></p><p><em>Рекомендации:</em>&nbsp; следите за тем, чтобы вращение туловища&nbsp; было плавным, без болевых ощущений, а спина оставалась выпрямленной. Ассистент&nbsp; сопровождает это движение, обеспечивая полную амплитуду движения.<br></p><p>Следите за дыханием!<br></p><br>','48fc905f887b51ec1c5ad45aa2ab6299','2016-02-21 08:18:36',0,'Реабилитация'),(116,1,'Наклон в сторону с внешней поддержкой','стоя в вертикализаторе ',11,'8a7e28bd0bc7917ce93f45a940095bad.png','fa5361b42b424991af8c1cab2f08c942.png','3048c8fa592a81a7d63a35a3f637234c.png','','<p><em>Дополнительное оборудование:</em>&nbsp; вертикализатор.</p><p><em>Исходное положение:&nbsp; </em>стоя в вертикализаторе с внешней поддержкой ассистента. Руки заведены за голову, ладони на затылке.</p><p><em>Движение:&nbsp;</em>наклон туловища вправо/влево.</p><p><em>Рекомендации:&nbsp;</em>следите за тем, чтобы наклон туловища был без болевых ощущений, спина оставалась выпрямленной. Ассистент&nbsp; сопровождает это движение, обеспечивая полную амплитуду движения. Следите за дыханием!</p>','23c0dfd273d3462e674f8d2ff12efba6','2016-02-21 12:02:03',0,'Реабилитация'),(117,1,'Подъём гантели с наклоном туловища','',11,'0c46d962160bf0fa0342475af364adbc.png','2a9e4b72d9642b821eb6cc36d881ada3.png','24d7a8b5af7021a4826aec3e8171f632.png','','<p><em>Дополнительное оборудование:&nbsp;</em>вертикализатор, гантель.</p><p><em><br></em></p><p><em>Исходное положение:&nbsp;</em>стоя в вертикализаторе. Одна рука придерживается за поручень вертикализатора, другая рука с гантелью опущена вниз вдоль тела. Туловище наклонено в сторону активной руки.<br><em></em></p><p><em><br></em></p><p><em>Движение:&nbsp;</em>подъём гантели через сторону вверх с одновременным выпрямлением туловища в вертикальное положение.<br><em></em></p><p><em><br></em></p><p><em>Рекомендации:</em>&nbsp; в случае выраженной слабости&nbsp; в мышцах туловища, во избежание падения,&nbsp; желательно придерживаться свободной рукой за поручень вертикализатора. &nbsp; Следите за тем, чтобы активная рука оставалась выпрямленной.&nbsp;<br></p><p>В исходном положении - вдох, в фазе максимального отведения руки - выдох.<br></p><br>','f29fc81d8be319255434bf26e50c4190','2016-02-21 12:49:00',0,'Реабилитация'),(118,1,'Отведение руки назад с гантелей','стоя в вертикализаторе ',11,'a4ee6a972d388d7831aec84df2c933af.png','8764cc7d9870c3c3091e66f6aa78408c.png','e69df9dfe784d7fb7a6d6dd3452423d3.png','','<p><em>Дополнительное оборудование:&nbsp;</em>вертикализатор, гантель.</p><p><em>Исходное положение:</em>&nbsp; стоя в вертикализаторе. Одна рука придерживается за поручень вертикализатора, другая рука, выпрямлена перед грудью на уровне плеча, ладонь с гантелью направлена вниз.</p><p><em>Движение: </em>отведение прямой руки с гантелей назад.<br></p><p><em>Рекомендации:&nbsp;</em>в случае выраженной слабости&nbsp; в мышцах туловища, во избежание падения,&nbsp; желательно придерживаться свободной рукой за поручень вертикализатора.&nbsp; Обращайте внимание на то, чтобы туловище не поворачивалось вокруг вертикальной оси позвоночника, а спина оставалась прямой.<br></p><p>Следите за дыханием!</p><br>','3d03801affe2ef938941dbe3f14d3054','2016-02-21 12:54:06',0,'Реабилитация'),(119,1,'Тяга вперёд против сопротивления','стоя в вертикализаторе',11,'eb3ccbba6b7f8c9cec1a52c2e4ec676f.png','91031e92e5f932b1dd7b6f3306c619df.png','d1355ea7a5c9bec15c2c02a3bc78bbba.png','','<p><em>Дополнительное оборудование:&nbsp;</em>вертикализатор, эластичный трос или трос от силовой колонны, петля для руки.</p><p><em>Исходное положение:&nbsp;</em>стоя в вертикализаторе. Одна рука придерживается за поручень вертикализатора, другая рука отведена &nbsp;в сторону на уровень плеча и немного назад.&nbsp;<br></p><p><em>Движение:</em>&nbsp; тяга вперёд против сопротивления эластичного троса или усилия от &nbsp;силовой колонны.<br></p><p><em>Рекомендации:</em>&nbsp; в случае выраженной слабости&nbsp; в мышцах туловища, во избежание падения,&nbsp; желательно придерживаться свободной рукой за поручень вертикализатора.&nbsp; Обращайте внимание на то, чтобы туловище не поворачивалось вокруг вертикальной оси позвоночника, а спина оставалась прямой.</p><p>Вдыхайте, отводя руку назад, и выдыхайте при движении руки вперёд.<br></p>','ea44f6ddf6ff69ec58b0ca0946c77eea','2016-02-21 13:06:19',0,'Реабилитация'),(120,1,'Тяга вверх против сопротивления','',11,'5de28b1163c6d5847f59377479b9aed9.png','158216746988b9c2db0b3b90bbfe57b0.png','255ec68b959b7081659d67a3df507784.png','','<p><em>Дополнительное оборудование:&nbsp;</em>вертикализатор, эластичный трос или торос силовой колонны, петля на руку.</p><p><em>Исходное положение:&nbsp;</em>стоя в вертикализаторе. Одна рука придерживается за поручень вертикализатора. Другая рука прямая, опущена вдоль тела в низ.<br></p><p><em>Движение:&nbsp;</em>тяга одной руки вверх против сопротивления эластичного троса или груза силовой колонны.</p><p><em>Рекомендации:&nbsp;</em>В случае выраженной слабости&nbsp; в мышцах туловища, во избежание падения,&nbsp; желательно придерживаться свободной рукой за поручень вертикализатора.&nbsp; Обратите внимание на то, что одновременно с отведением руки вверх туловище &nbsp;наклоняется в сторону опорной руки.&nbsp; Следите за тем, чтобы активная рука оставалась прямой.&nbsp; В исходном положении - вдох, в фазе максимального отведения руки - выдох.</p>','6a09fbd4658707c3f45f5c627e895d6f','2016-02-21 13:18:46',0,'Реабилитация'),(121,1,'Наклон в сторону сидя на мяче','без отягощения ',11,'8d8540b043127c256bcd42ef497b2943.png','010c96ec079bf4a2c6593732e47b35c1.png','d1ed758e1c16000af658475df9e902b4.png','','<p><em>Дополнительное оборудование:</em>&nbsp; фитбол.</p><p><em>Исходное положение: </em>сидя на фитболе, ноги согнуты в коленном суставе, колени разведены на уровне плеч. Руки прямые, разведены в стороны на высоте плеча, ладони вниз.<br></p><p><em>Движение:</em>&nbsp; наклоны в стороны, сидя на мяче, с одновременным противофазным движением прямых рук вверх-вниз.<br></p><p><em>Рекомендации:&nbsp; </em>обращайте внимание на то, чтобы спина и руки оставались прямыми. Следите за дыханием!</p><br>','6c5841406bb610117a5b63ab6ab55667','2016-02-28 06:54:24',0,'Фитнес'),(122,1,'Тяга назад с поворотом туловища','',11,'d5bb68a184307901bb5b2b048bdcf34d.png','5003839e10caebc18fd897c3025e2f25.png','b0a8ae546149e6e135e131dae09e2601.png','','<p><em>Дополнительное оборудование:&nbsp; </em>вертикализатор, эластичный трос, петля для руки.</p><br><p><em>Исходное положение:</em>&nbsp; стоя в вертикализаторе. Руки прямые, одна рука разгружена с помощью эластичного троса, закрепленного&nbsp; к силовому модулю и отведена вперёд на высоте плеч. Другая рука придерживается за поручень вертикализатора.<br></p><br><p><em>Движение:</em>&nbsp; тяга назад одной рукой с одновременным плавным вращением туловища вдоль оси позвоночника в сторону активной руки. Возврат в исходное положение.<br></p><br><p><em>Рекомендации: </em>упражнение выполняется попеременно для обеих рук. В случае выраженной слабости&nbsp; в мышцах туловища, во избежание падения,&nbsp; желательно придерживаться свободной рукой за поручень вертикализатора. Вдыхайте, отводя руку назад и выдыхайте при движении руки вперёд.</p>','12e6a8c9a8806663070e0516e6ca37bf','2016-02-28 07:01:09',0,'Реабилитация'),(123,1,'Баланс на мяче с опорой в коленоупор','',11,'a3c532d159e029a7c5ad2cd23d1c2bc8.png','161ddc6310b3d62bc62c4bc3f97feb95.png','f2bc2cd179c021fde71081155facd71e.png','','<p><em>Дополнительное оборудование: </em>вертикализатор, фитбол.<br></p><p>Исходное положение:&nbsp; сидя на фитболе с упором коленей в коленоупор вертикализатора. Одна рука придерживается за поручень вертикализатора, другая за коленоупор.<br></p><br><p><em>Движение:&nbsp;</em>баланс на мяче с опорой в коленоупор и отведением рук в стороны на высоту плеча.<br></p><br><p><em>Рекомендации:</em>&nbsp; обращайте внимание на то, чтобы спина и руки оставались прямыми. Следите за дыханием!</p>','54559c92804c4e74f56f64d758561c7c','2016-02-28 07:22:43',0,'Реабилитация'),(124,1,'Приседание в вертикализаторе','',11,'8e03dc441e540fa5d732661b1c87fa94.png','cb0d4819d9f281d2cf7b3227f5e3bdf3.png','afd7264d530dcfae396bc0450a02cb04.png','','<p><em>Дополнительное оборудование:&nbsp;</em> вертикализатор.</p><p><em>Исходное положение:</em>&nbsp; стоя в вертикализаторе. Руки придерживаются за поручни вертикализатора, колени опираются в коленоупор вертикализатора.</p><p><em>Движение:&nbsp; </em>приседание в вертикализаторе с опорой в коленоупор и внешней поддержкой ассистента. Вернуться в исходное положение.<br></p><em>Рекомендации:&nbsp; </em>ассистент сопровождает движение, обеспечивая полную амплитуду движения. Следите за дыханием! <br>','63c621ddc3b29420d28413f2009ba914','2016-02-28 07:52:26',0,'Реабилитация'),(125,1,'Пресс сидя на фитболе','с опорой в коленоупор ',11,'3cc2edb5109f08025f0151dba52dca5d.png','d90bca58a3da544761469c7580390e7f.png','b000bf7a244a3f8cdafa1a8130146b5d.png','','<p><em>Дополнительное оборудование:&nbsp;&nbsp; </em>фитбол, вертикализатор.</p><br> <p><em>Исходное положение:&nbsp; </em>сидя на фитболе, с опорой коленей в коленоупор вертикализатора. Туловище отклонено назад, руки вместе, отведены перед собой, и немного согнуты в локтевом суставе.</p><br><p><em>Движение:</em> пресс, сидя на фитболе.</p><br><p><em>Рекомендации: </em>обращайте внимание на то, чтобы спина оставалась прямой. Следите за дыханием: в исходном положении - вдох, в фазе максимального приведения туловища в вертикальное положение - выдох.<em><br></em></p>','3fc92472a6ce979c69e54ab00e23511f','2016-02-28 08:02:09',0,'Реабилитация'),(127,20,'Мое упражнение','c',11,'785be4658985a6a44af30eb8af654f04.png',NULL,NULL,'','','ea44f6ddf6ff69ec58b0ca0946c77eea','2016-03-01 15:39:52',0,NULL),(128,1,'лежа','',11,'a4c800a338f59cc9f5070e445d322f45.png',NULL,NULL,'','','b17737b491f764f16b56fae7db9affa4','2016-03-02 08:13:02',1,NULL),(129,1,'Наклон по диагонали вперёд','сидя на фитболе ',11,'16444c87a4ead4e925b90e35d26f6c1a.png','af7262d393697b735d37f03c036fefbb.png','351322a2c9e47b7c854761b840388676.png','','<p><em>Дополнительное оборудование: </em>вертикализатор, фитбол.</p><br><p><em>Исходное положение:&nbsp;</em>сидя на фитболе с опорой в коленоупор вертикализатора. Одна рука придерживается за поручень вертикализатора, другая заведена за голову, ладонь на затылке.</p><br><p><em>Движение:&nbsp;</em>подведите&nbsp; локоть активной руки по направлению к противоположной руке, которая опирается на поручень вертикализатора,&nbsp; с&nbsp; плавным сгибанием и поворотом торса. Вернитесь в исходное положение.</p><br><p><em>Рекомендации:</em>упражнение выполняется попеременно для обеих рук. Придерживайтесь за поручень вертикализатора свободной рукой. Следите за дыханием: в исходном положении - вдох, в фазе максимального отведения руки - выдох.</p>','81e2559f14c383505718afbfcd9748da','2016-03-03 11:03:45',0,'Реабилитация'),(130,1,'Подъём руки над головой','',11,'47b2f56576773a97b5a79e6517969ffb.png','d570898fe0587f31ea6dd2112c042152.png','3589af4d1df2aa9ef9fbbabc7229914f.png','','<p><em>Дополнительное оборудование:&nbsp; </em>вертикализатор, фитбол.</p><p><em><br></em></p><p><em>Исходное положение:</em>&nbsp; сидя на фитболе с опорой коленями в коленоупор вертикализатора. Одна рука придерживается за поручень вертикализатора, другая рука прямая, отведена по диагонали вверх, ладонь вниз.<br></p><br><p><em>Движение:</em>&nbsp; подъём руки над головой до максимально вертикального положения с одновременным наклоном головы назад. Верните руку в исходное положение, голову прямо.<br></p><p><em><br></em></p><p><em>Рекомендации:</em>&nbsp; следите за тем, чтобы активная рука и спина оставались прямыми, свободной рукой придерживайтесь за поручень вертикализатора. Голову отводите назад мягко, без резких движений и болевых ощущений. Упражнение выполняется для обеих рук.<br></p><p>Выдыхайте, при подъёме руки вверх, вдыхайте при возвращении в исходное положение.</p>','6b0f6d3dc01bed720fe91b021ca20678','2016-03-03 11:12:09',0,'Реабилитация'),(131,1,'Повороты туловища','сидя на фитболе',11,'6208ae326b0bca8f3ec7f21d60ae3b45.png','36e15d0bf6a9fd69b2a0e583a172f86e.png','41809559999ad6fa6b0f9e364f484501.png','','<p><em>Дополнительное оборудование:&nbsp;</em>фитбол.</p><br><p><em>Исходное положение:</em>&nbsp; сидя на фитболе, ноги согнуты в коленном суставе, колени разведены на уровне плеч. Руки прямые, разведены в стороны на высоте плеча, ладони вниз.</p><br><p><em>Движение:</em>&nbsp; сидя на мяче, плавные повороты верхней части туловища вправо - влево с одновременным поворотом рук и головы по направлению движения.<br></p><br><p><em>Рекомендации:&nbsp;</em>обращайте внимание на то, чтобы спина и руки оставались прямыми. Следите за дыханием!</p>','235df89f46283ec618a74d394ff75f64','2016-03-03 11:40:09',0,'Реабилитация'),(132,1,'Укрепление мышц живота','сидя на фитболе ',11,'30c1f572eb280158e62246f42e98ece1.png','d374ecec73282d2b7c8b9fbd959ae2b5.png','bb9839d249c39af0447730844afdc1ef.png','','<p><em>Дополнительное оборудование:</em>&nbsp; вертикализатор, фитбол.</p><br><p><em>Исходное положение:</em>&nbsp; сидя на фитболе с опорой коленями в коленоупор вертикализатора, с мануальной поддержкой ассистента сзади. Туловище наклонено назад до напряжения мышц живота, руки согнуты в локтевых суставах, кисти у головы.&nbsp;</p><p><em>Движение:&nbsp; </em>сгибание &nbsp;туловища вперёд &nbsp;с одновременным выпрямлением обеих рук перед грудью. Вернуться в исходное положение.</p><br><p><em>Рекомендации: </em>ассистент&nbsp; сопровождает это движение, обеспечивая полную амплитуду движения. Следите за дыханием: в исходном положении - вдох, в фазе максимального приведения туловища вперёд&nbsp; - выдох.</p>','0b67e5c3301d769316a4e5a0bd3ebe88','2016-03-03 11:48:16',0,'Реабилитация'),(133,1,'Упражение для косых мышц живота','сидя на фитболе',11,'b552b2cc20736f9bad2be27f3b6160f1.png','7f60c0d54867816dea771220f3a27693.png','f0a3f7dfa237684eecf2296d69e8a3b3.png','','<p><em>Дополнительное оборудование:&nbsp;</em>вертикализатор, фитбол.</p><br><p><em>Исходное положение:&nbsp;</em>сидя на фитболе с опорой коленями в коленоупор вертикализатора. Верхняя часть туловища отклонена назад, угол наклона ограничен мануальной поддержкой ассистента сзади. Руки свободно опущены вниз.<br></p><br><p><em>Движение: </em>сгибание туловища по диагонали &nbsp;вперёд &nbsp; с группировкой косых мышц живота. Вернуться в исходное положение и повторить упражнение в противоположную сторону.&nbsp;</p><br><p><em>Рекомендации:&nbsp; </em>ассистент&nbsp; сопровождает это движение, обеспечивая полную амплитуду движения. Следите за дыханием: в исходном положении - вдох, в фазе максимального приведения туловища вперёд&nbsp; - выдох.</p>','2fad9764e015c3089466c3c0a4a77f4e','2016-03-03 11:54:33',0,'Реабилитация'),(134,1,'Наклон вперёд',' сидя на фитболе ',11,'94eeb6e12d444d164a593452e78e2c02.png','d0c311216b9a18abb5b9139190d0437b.png','9d51e4e321b05c32a3af1e171319e64f.png','','<p><em>Дополнительное оборудование:</em>&nbsp;&nbsp; вертикализатор, фитбол.</p><p><em>Исходное положение:&nbsp;&nbsp; </em>сидя на фитболе с опорой коленями в коленоупор вертикализатора. Руки согнуты в локтях, кисти у подбородка.<br></p><p><em>Движение:&nbsp; </em>наклон туловища вперёд &nbsp; с одновременным выпрямлением рук назад, затем вернуться в исходное положение.</p><p><em>Рекомендации:</em>&nbsp; упражнение выполняется с внешней поддержкой ассистента. Следите за тем, чтобы туловище, наклоняясь вперёд, сгибалось в нижней части ягодиц, а не спины или позвоночника. Вдыхайте, наклоняясь вперёд, и выдыхайте, возвращаясь в исходное&nbsp; положение.<br></p>','b65248de471ab2309665750bb4c7f271','2016-03-03 12:01:05',0,'Реабилитация'),(135,1,'Подъём рук над головой','сидя на фитболе ',11,'95e62ea0c1aa7b6c6da370a0c80f6ab3.png','f7c67888d62605c18bf06101a3854283.png','672066421de8e712cc17fe7e95271456.png','','<p><em>Дополнительное оборудование:&nbsp; </em>вертикализатор, фитбол.</p><p><em><br></em></p><p><em>Исходное положение:&nbsp; </em>сидя на фитболе с опорой коленями в коленоупор вертикализатора. Руки вместе, выпрямлены перед грудью &nbsp;на уровне плеч, &nbsp;ладонями вниз.</p><p><em><br></em></p><p><em>Движение:&nbsp; </em>поднимите прямые руки над головой слегка прогибаясь в пояснице, затем вернитесь в исходное положение. &nbsp; &nbsp; &nbsp; &nbsp; &nbsp; &nbsp; &nbsp; &nbsp; &nbsp; &nbsp; &nbsp; &nbsp; &nbsp; &nbsp; &nbsp; &nbsp; &nbsp; &nbsp; &nbsp; &nbsp; &nbsp; &nbsp; &nbsp; &nbsp; &nbsp; &nbsp; &nbsp; &nbsp; &nbsp; &nbsp; &nbsp; &nbsp; &nbsp; &nbsp; &nbsp; &nbsp; &nbsp; &nbsp; &nbsp; &nbsp; &nbsp; &nbsp; &nbsp; &nbsp; &nbsp; &nbsp; &nbsp; &nbsp; &nbsp; &nbsp; &nbsp; &nbsp; &nbsp; &nbsp; &nbsp; &nbsp; &nbsp; &nbsp; &nbsp; &nbsp; &nbsp; &nbsp; &nbsp; &nbsp; &nbsp; &nbsp; &nbsp; &nbsp; &nbsp; &nbsp;&nbsp;<em>Рекомендации:&nbsp; </em>упражнение выполняется с мануальной&nbsp; поддержкой ассистента сзади. Обращайте внимание на то, чтобы &nbsp;руки оставались прямыми. Следите за тем, чтобы прогиб поясничного лордоза осуществлялся в рамках нормы, не допускайте гиперлордоз.&nbsp;<br></p><p>Следите за дыханием:&nbsp; при подъеме &nbsp;рук вверх - вдох, при возращении в исходное положение - выдох.</p>','1b307fd372ed44b7bc436d6687fafb5d','2016-03-03 12:03:28',0,'Реабилитация'),(136,1,'Наклон в сторону сидя на фитболе','с поддержкой ассистента ',11,'2c8298b9e26cbfff256be270f2acdf5a.png','2485f93cf4c8f0dc1bcd04c08e366f42.png','3085967cdc6f6deafbe3f407e283778b.png','','<p><em>Дополнительное оборудование:&nbsp; </em>вертикализатор, фитбол.</p><br><p><em>Исходное положение:&nbsp;</em>сидя на фитболе, с опорой коленями в коленоупор вертикализатора. Руки согнуты в локтевом суставе под углом 90°, спина прямая.<br></p><p><em><br>Движение:&nbsp;</em>плавный наклон верхней части туловища вправо-влево.<br></p><p><br></p><p><em>Рекомендации:&nbsp; </em>упражнение выполняется с мануальной поддержкой ассистента сзади.&nbsp;<em></em>Следите за дыханием!<br></p>','460d82599f20da407c24eb090cfabc04','2016-03-04 15:18:14',0,'Реабилитация'),(137,1,'Наклон вперёд','с поддержкой эластичных тросов ',11,'16f7e4976287c2a074178e5e76c00654.png','0a9e1403eeffeef99b2a55dfff49dbf8.png','81eecacb4f9f7debb0e1048f095955f0.png','','<p><em>Дополнительное оборудование:&nbsp;</em>стул, вертикализатор, грудная обвязка, эластичный трос.</p><br><p><em>Исходное положение:</em>&nbsp; сидя на стуле с опорой коленями в коленоупор вертикализатора. Туловище разгружено с помощью эластичного троса, закреплённого&nbsp; к разгрузочному модулю. Руки опущены вниз и расслаблены.</p><br><p><em>Движение:&nbsp;&nbsp;</em>наклон туловища вперёд. Вернуться в исходное положение.<br><br><em>Рекомендации:</em>&nbsp; следите за тем, чтобы туловище, наклоняясь вперёд, сгибалось в нижней части ягодиц, а не спины или позвоночника. Следите за дыханием: в исходном положении - вдох, наклоняясь вперёд - выдох.<br></p>','e4b71015744f73fa14c2c9d404e7a062','2016-03-04 15:21:18',0,'Реабилитация'),(138,1,'Налоны вправо влево','с поддержкой эластичных тросов',11,'70d2a94ef52703e80bee04ddb895368c.png','bb77b5f13c2da642097e7793dd214876.png','4be6f2321a01485d7d8cddacbe073904.png','','<p><em>Дополнительное оборудование:&nbsp; </em>стул, вертикализатор, эластичный трос.</p><br><p><em>Исходное положение:</em>&nbsp; сидя на стуле. Туловище разгружено с помощью эластичного троса, закреплённого&nbsp; к разгрузочному модулю. Руки согнуты в локтевых суставах.&nbsp;</p><p><em>Движение:</em>&nbsp; наклоны туловища вправо-влево.<br></p><br><p><em>Рекомендации:&nbsp;</em>обратите &nbsp;внимание на то, чтобы туловище, наклоняясь в сторону, не отклонялось от вертикальной плоскости. Старайтесь не менять положение рук и локтей, плечи должны быть опущены.&nbsp;</p><p>Следите за дыханием: наклоняясь в сторону - вдох, в исходном положении - выдох.<br></p>','4397f6026346da6719b3b1384609127e','2016-03-04 15:30:46',0,'Реабилитация'),(139,1,'Повороты туловища','с поддержкой эластичных тросов',11,'16c30dda00ce2b921a08c184faaef7bf.png','dca5797f586114e27d1803737b191d01.png','23275880178dd7135b19f5b94a96f03a.png','','<p><em>Дополнительное оборудование:</em>&nbsp; стул, грудная обвязка, эластичный трос 2 шт.</p><br><p><em>Исходное положение:</em>&nbsp; сидя на стуле, ноги на ширине плеч. Туловище разгружено &nbsp;с помощью эластичных тросов, закреплённых к разгрузочному модулю. Руки разведены в стороны на уровне плеч, ладони направлены вниз.<br></p><br><p><em>Движение:&nbsp; </em>вращение верхней части туловища вокруг вертикальной оси позвоночника с одновременным движением руками по направлению поворота.</p><p><em><br></em></p><p><em>Рекомендации:</em>&nbsp; Обращайте внимание на то, чтобы вращение туловища&nbsp; было плавным, спина и руки оставались прямыми. Не допускаются хлыстообразные движения руками!<br></p><p>Следите за дыханием!<br></p>','60e53b01eb9b986475f33b97a8d209bf','2016-03-04 15:40:47',0,'Реабилитация'),(140,1,'Тяга вниз прямыми руками','',11,'e1fc37eaa026d41b33fee9711fdf7964.png','dd11668393f6df3f02a32b77b4932957.png','a53b49d79c4582373360514d976febc2.png','','<p><em>Дополнительное оборудование:</em>&nbsp;&nbsp; стул, эластичный трос, закреплённый к силовому модулю, петля для руки.</p><br><p><em>Исходное положение:</em>&nbsp; сидя на стуле, ноги согнуты и разведены в стороны на ширину плеч. Руки разгружены с помощью эластичного троса, закрепленного к силовому модулю, разведены в стороны на высоте плеча.</p><br><p><em>Движение: &nbsp;</em>тяга вниз прямыми руками.</p><br><em>Рекомендации:</em>&nbsp; обращайте внимание на то, чтобы туловище , а руки и спина оставались прямыми. Следите за дыханием: в исходном положении - вдох, при тяге рук &nbsp;вниз - выдох.<br>','301a55fabcdb3e8dae8d53cd33e32770','2016-03-04 15:52:41',0,'Реабилитация'),(141,1,'Тяга вниз и назад одной рукой','',11,'e25aa1610350bdebd76c6405107cff24.png','635da10bc7514658033a3b592e7e5635.png','cab4b2e3e4f75c9d855312243c7f043e.png','','<p><em>Дополнительное оборудование:</em>&nbsp; эластичный трос, петля для руки.</p><br><p><em>Исходное положение:</em>&nbsp; сидя на стуле, ноги согнуты &nbsp;и разведены в стороны на ширину плеч. Активная рука разгружена с помощью эластичного троса, закреплённого к разгрузочному модулю, и отведена в сторону на высоту плеча. Не активная рука свободно свисает вдоль тела.<br></p><br><p><em>Движение:</em>&nbsp; тяга вниз и назад одной рукой. Возврат в исходное положение.<br></p><br><p><em>Рекомендации:&nbsp; </em>обращайте внимание на то, чтобы туловище не наклонялось вперёд, спина оставалась прямой.</p><br><p><em>Следите за дыханием:&nbsp; </em>в исходном положении - вдох, с отведением назад - выдох.<br></p>','452bc2ecaee98dc0c7b84f7b8a05c7cd','2016-03-04 16:00:19',0,'Реабилитация'),(142,1,'Перемещение локтя вперёд и назад','с поддержкой ассистента ',11,'5e0df9320009748a60db5d1e81034203.png','5433983f08111cc7fbff2411c16e6e32.png','b1d3e3ebbde0f47b4f85bffd693700b1.png','','<p><em>Исходное положение:&nbsp; </em>лёжа на животе с опорой на руку, согнутую в локте, вертикально под плечевым суставом.<em><br></em></p><p><em>Движение:&nbsp; </em>перемещение локтя активной руки вперёд и назад.<em><br></em></p><p><em>Рекомендации: </em>упражнение выполняется с мануальной поддержкой ассистента. Сохраняйте правильное положение опорного плеча, локтевой сустав должен находиться вертикально под гленоплечевым. Для облегчения выполнения движений используйте специальные&nbsp; скользящие поверхности, упражнение выполняется для обеих рук.<em><br></em></p><p>Следите за дыханием!<em><br></em></p>','98f56ce8e546ac720543327eba65f4cb','2016-03-04 16:12:30',0,'Реабилитация'),(143,1,'Подъём руки вверх','раскачивающие движения на эластичном тросе ',11,'99952a6cd52c738892c4cb7a37fba537.png','d9f0f1e114823a4ed8537d1b97a288cc.png','d0c571b9a4bf54dc4c7c7012e856b686.png','','<p><em>Дополнительное оборудование:&nbsp;</em>лента - эспандер.</p><p><em>Исходное положение:</em>&nbsp; лёжа на животе, голова повернута в сторону активной руки. Рука выпрямлена ладонью вниз и отведена на 90°. Разгружена на эластичном тросе. Ассистент размещает точку подвешивания вертикально над кистью.<em><br>Движение:&nbsp;&nbsp; </em>подъём &nbsp;руки вверх, раскачивающие движения на эластичном тросе.</p><p><em>Рекомендации:</em>&nbsp; ассистент&nbsp; сопровождает это движение натяжением ленты-эспандера, обеспечивая полную амплитуду движения.<br></p><p>Следите за дыханием!<br></p>','a0f1a3fce74aaa6be9a1f4a586315e1f','2016-03-04 16:19:52',0,'Реабилитация'),(144,1,'Подъём руки вверх','с поддержкой эластичных тросов',11,'c914649f22ec7e886926f85f939b1437.png','89987888090d29cc76085289ed23936f.png','99b0e343efd5d5b47feb0af54960ff3a.png','','<p><em>Дополнительное оборудование:&nbsp;</em>эластичный трос, петля для руки.<br></p><p><em>Исходное положение:&nbsp;</em>лёжа на животе, голова повёрнута в сторону активной руки. Рука выпрямлена ладонью вниз и разгружена с помощью эластичного троса, закреплённого к разгрузочному модулю. Точка подвешивания вертикально над лучезапястным суставом.&nbsp; </p><p>Движение:&nbsp; подъём руки вверх с приведением лопатки к центральной оси позвоночника. &nbsp;Возврат в исходное положение.</p><p><em>Рекомендации: &nbsp;</em>постарайтесь сделать паузу и задержать руку в самой верхней точке движения.&nbsp;</p><p>Следите за дыханием!<br></p>','d93cd1a3f90b1aa1079dac0365364ed0','2016-03-04 16:25:30',0,'Реабилитация'),(145,1,'Выпрямление руки вверх над головой','с разрузкой ',11,'2e831b011a00d0d875a7dcec8a7c69e4.png','dca65b87ec074a4fbfffca1c60b2c4a3.png','6a4f2555e1a5bab20ceac0fb927b7847.png','','<p><em>Дополнительное оборудование:&nbsp;</em>трос эластичный или трос силовой колонны, петля для руки или манжета.<br></p><p><em>Исходное положение:&nbsp;</em>лёжа на животе. Руки согнуты в локтях, кисти на уровне головы. Одна рука разгружена&nbsp; c помощью эластичного троса. Голова повёрнута в сторону активной руки.<em><br>Движение:&nbsp;</em>выпрямление руки вверх над головой.</p><p>Рекомендации:&nbsp; в случае гемипареза инсультный больной выполняет упражнение на поражённую руку.&nbsp; <br></p><p>Следите за дыханием: во время движения руки вверх - вдох, в исходном положении - выдох.<br><br></p>','831fbfce5a8d54cc5727a330847389fb','2016-03-04 16:34:15',0,'Реабилитация'),(146,1,'Подъём предплечья с опорой на кисть','с поддержкой ассистента ',11,'0040604f2cd4c4de65db48edc8014ffc.png','065330cc7deb1f6695484f9d89c9db7d.png','a0b34f607a296ffa03427dccc38fffa2.png','','<p><em>Исходное положение:</em>&nbsp; лёжа на животе.&nbsp; Руки разведены в стороны и согнуты в локтях, ладони вниз. Голова направлена в сторону активной руки. Ладонь активной руки на уровне плеча.<br></p><p><em>Движение:</em>&nbsp; подъём предплечья с опорой на кисть и поддержкой ассистента.<br></p><em>Рекомендации:&nbsp; </em>упражнение выполняется для обеих рук. В случае гемипареза инсультный больной выполняет упражнение на поражённую руку.&nbsp;<br><p>Следите за дыханием: во время движения руки вверх - вдох, в исходном положении - выдох.<em><br><br></em></p>','59369394e03e6e84271501255b73dd0d','2016-03-04 16:41:49',0,'Реабилитация'),(147,1,'Выпрямление руки и поворот её наружу','',11,'6711cc49822eb0e4b4cd56af694faf34.png','2968b40048d421002d5330d00c6950ed.png','3d08c768d471c6e5bdeedecda8e65897.png','','<p><em>Дополнительное оборудование:&nbsp; </em>валик под голову.<br></p><p><em>Исходное положение:&nbsp; </em>лёжа на спине, одна рука разгружена с мануальной поддержкой ассистента, другая свободно лежит вдоль тела.<br></p><p><em>Движение:&nbsp; </em>выпрямление руки и поворот её наружу.<em><br></em></p><p><em>Рекомендации:&nbsp; </em>ассистент обеспечивает полную амплитуду движения мануальным сопровождением. Упражнение выполняется на обе руки, в случае гемипареза инсультный больной выполняет упражнение на поражённую руку.<br></p><p>Следите за дыханием: во время движения руки вверх - вдох, в исходном положении - выдох.<br></p>','e2869c39ecbfbb54762c95767e850ae8','2016-03-04 16:47:57',0,'Реабилитация'),(148,1,'Подтягивание из наклонного положения','',11,'034616a0497bad91a220c8458db1a953.png','0e1532183b1e7ae57c948a3f0842a22b.png','cf2be70cd47fbbb5229e4eefe0791528.png','','<p><em>Дополнительное оборудование:&nbsp; </em>спортивный гриф.<br></p><p><em>Исходное положение:&nbsp; </em>сидя на кушетке, ноги выпрямлены и разведены в стороны на ширину плеч.&nbsp;</p><p><em>Движение:&nbsp; </em>удерживая гриф, ассистент обеспечивает возможность пациенту подтягиваться вперед с помощью рук с одновременным сгибанием туловища.&nbsp;<em><br></em></p><p><em>Рекомендации: </em>обратите внимание пациента на правильное сгибание &nbsp;рук и &nbsp;напряжение мышц брюшного пресса в момент подъёма. Следите за тем, чтобы плечи были отведены в стороны на 90°.<br></p><p>Следите за дыханием!<br></p>','d18925a9f4744450e839256468696c54','2016-03-04 16:52:46',0,'Реабилитация'),(149,1,'Мобилизация голеностопного сустава','пассивная растяжка мышц голени',11,'8963435f2c22bc97cf87fb61b43b61f2.png','d143b010e9f6e218f955c9aaae80e556.png','63009b4ff293a0c08307befa87915f03.png','','<p><em>Дополнительное оборудование:&nbsp; </em>валик под голову.</p><p><em>Исходное положение:&nbsp; </em>лёжа на спине. Ассистент даёт мануальную поддержку активной ноге.</p><p><em>Движение:</em>&nbsp; сгибание и разгибание голеностопного сустава.</p><p><em>Рекомендации:</em>&nbsp; упражнение выполняется с мануальной поддержкой ассистента. Следите за тем, чтобы траектория движения стопы была по направлению к центральной части коленного сустава. Не допускайте вальгусного или варусного искривления стопы.<br></p><p>Следите за дыханием!<br></p>','8e0ea8451fea30a1b22b9620ded244a5','2016-04-10 13:48:14',0,'Реабилитация'),(150,1,'Разгибание коленного сустава','пассивное - активное',11,'14032a79b1fc8166c9d15536d617843b.png','130c7ed81642990aad698ff8d53411fa.png','06b6c0fbad8deb244b67a5fcc0dde063.png','','<p><em>Дополнительное оборудование: </em>валик под голову.<em><br></em></p><p><em>Исходное положение:&nbsp; </em>лёжа на спине. Согните ногу в тазобедренном суставе, одной рукой удерживайте ногу под пятку, другой под колено, так чтобы Вы могли ощутить растяжение задних связок коленного сустава.<br></p><p><em>Движение:&nbsp;&nbsp; </em>Плавно начинайте разгибать колено, пытаясь довести его &nbsp;до полного выпрямления, при ощущении сильного сопротивления ишиокруральных мышц, замедлите движение и&nbsp; немного разогните тазобедренной сустав, затем повторите движение.</p><p><em>Рекомендации:&nbsp; </em>упражнение выполняется для обеих ног, с мануальной помощью ассистента. Не допускайте резких и сильных растяжений, старайтесь плавно увеличивать диапазон, учитывая индивидуальные особенности пациента и его состояния.<br></p><p>Следите за дыханием!<br></p>','6e8a127561146f5d250eb052506abb91','2016-04-10 14:18:38',0,'Реабилитация'),(151,1,'Сгибание ноги','Пассивное сгибание/разгибание ноги в тазобедренном и коленном суставе ',11,'0c78d17851f0d83c5ab393e1c85718e3.png','d1919c352c5bc057c7b5e15385566bfa.png','ba7ea899da07886446ffe42a73959d07.png','','<p><em>Дополнительное оборудование:&nbsp;&nbsp; </em>валик под голову.<em><br></em></p><p><em>Исходное положение:&nbsp; </em>лёжа на спине.<em><br></em></p><p><em>Движение:&nbsp; </em>пассивное сгибание/разгибание&nbsp; ноги в тазобедренном и коленном суставе. <em><br>Рекомендации: </em>ассистент плавно сгибает ногу, удерживая ногу за пятку таким образом, чтобы во время движения ноги стопа оставалась согнута под прямым углом, обеспечивая мягкую растяжку мышц задней части бедра и голени. <br></p><p>Следите за дыханием!</p>','c8bd7dc669d8bc9b26379687b289915b','2016-04-10 14:25:37',0,'Реабилитация'),(152,1,'Отведение - приведение сугнутого бедра','Пассивно-активно с мануальной поддержкой',11,'599244793c525fa30f9f2c01b541c0ae.png','d2746d46de0a06c474ede06a43ef5c96.png','cefcb3aa7f5493ffc2a3cfb4add5d287.png','','<p><em>Дополнительное оборудование:</em>&nbsp; валик под голову.</p><p><em>Исходное положение:</em>&nbsp; лёжа на спине. Ассистент даёт мануальную поддержку активной ноге. Активная нога согнута в тазобедренном и коленном суставе, другая лежит на кушетке в положении разгибания.</p><p><em>Движение:</em>&nbsp; пассивно-активное отведение и приведение согнутой ноги . Для увеличения интенсивности упражнения специалист создаёт мануальное сопротивление, размещая руки на внешней стороне бедра или голени.</p><p><em>Рекомендации:</em>&nbsp; Следите за дыханием!</p>','ef01b0107d26e6b03d07b2f02730d2ac','2016-04-10 14:31:18',0,'Реабилитация'),(153,1,'Отведение - приведение прямой ноги','Пассивно-активно с мануальной поддержкой',11,'1f64b31fda85cdb6b0fb598d780a29f7.png','892c8376424df8de272a2386b32dc52b.png','02a5fd370a9925dc69dabf3c3d633a4e.png','','<p><em>Дополнительное оборудование:&nbsp; </em>валик под голову.</p><p><em>Исходное положение:</em>&nbsp; лёжа на спине. Активная нога разгружена с мануальной помощью ассистента.</p><p><em>Движение:</em>&nbsp; плавно отводите прямую ногу в сторону и затем возвращайте её в исходное положение. Для увеличения интенсивности упражнения, можно создать мануальное сопротивление с помощью рук специалиста, размещая руки на внешней стороне бедра или голени.</p><p><em>Рекомендации:</em></p><p>Следите за дыханием: в исходном положении - вдох, в момент наивысшего напряжения - выдох.</p>','b7f45bae3b0a3f2b3af95d5575deda6b','2016-04-10 14:33:14',0,'Реабилитация'),(154,1,'Подъём прямой ноги вверх','с поддержкой ассистента ',11,'34d9bd0e3a7487dcf07a65f7ad680e52.png','eca78bb40b4fa06ff0bf55e038047ab7.png','698e389ac22299f004ed98024e4d98d2.png','','<p><em>Дополнительное оборудование:</em>&nbsp; валик под голову.<br><em>Исходное положение: </em>лёжа на спине.<br><em>Движение:</em>&nbsp; подъём прямой ноги вверх. Ассистент сопровождает это движение, обеспечивая&nbsp; полную амплитуду движения.<br><em>Рекомендации:</em>&nbsp; Важно! Не допускайте резких и сильных растяжений, старайтесь плавно увеличивать диапазон, учитывая индивидуальные особенности пациента и его состояния. Подъём ноги осуществляйте до умеренного натяжения хамстрингов!<br></p><p>Следите за дыханием!</p><br>','b934dfc9e9ffb7c543f9598d8a1f70c0','2016-04-22 17:39:20',0,'Реабилитация'),(155,1,'Отведение руки','Локтевой ортез ',11,'4e93514d9adc93bd5fd3c1dbb99f8748.png','c18783f21e8a9e96e025926c2fa21028.png','5e8774e10efc01873da4db0ea804c1c1.png','','<p><em>Дополнительное оборудование: </em>локтевой ортез.<br><em>Исходное положение:</em>&nbsp; лёжа на боку. Для выполнения упражнения на&nbsp; руку надевают ортез локтевой с рёбрами жесткости, удерживающий руку в прямом положении.<br><em>Движение:&nbsp;</em>отведение руки вверх. Ассистент сопровождает движение, помогая преодолеть мёртвые зоны, постепенно расширяя диапазон самостоятельного движения.<br><em>Рекомендации:&nbsp; </em>упражнение для пациентов с вялым парезом верхней конечности (пациент не может удерживать выпрямленную руку в локте). Следите за дыханием!</p>','596fffa102699982313d293a9613b632','2016-04-22 18:51:03',0,'Реабилитация'),(156,1,'Разгибание плеча','Локтевой ортез',11,'96dfa79e762dacdbdb939c7c01563635.png','b6b6acc10a07a2e05c0f7b57337275a0.png','f98138e84fbb8d5e680196e540139e39.png','','<p><em>Дополнительное оборудование:</em>&nbsp; локтевой ортез.<br><em>Исходное положение:</em>&nbsp; лёжа на боку. Для фиксации руки в выпрямленном положении на руку надевают локтевой ортез с рёбрами жёсткости.<br><em>Движение:</em>&nbsp; разгибание плеча с максимальным отведением руки назад.&nbsp; Ассистент сопровождает&nbsp; движение, помогая преодолеть мёртвые точки.&nbsp;<br><em>Рекомендации:</em>&nbsp; упражнение рекомендовано пациентам с выраженной слабостью верхней конечности.<em></em>Обратите внимание пациента на приведение лопатки к центральной оси позвоночника.</p><p>Следите за дыханием!<br></p>','6ff57654421539dba139ee79731a8608','2016-04-22 19:17:41',0,'Реабилитация'),(157,1,'Круговое движение плечом','Локтевой ортез',11,'b82d857138c851244aa1e26423d6a8ff.png','87362155250bbcb5fbc7b5239afe6ae4.png','13175fcdcde3039b0165f404e0cf687a.png','','<p><em>Дополнительное оборудование:</em>&nbsp; локтевой ортез.</p><p><em>Исходное положение:</em>&nbsp; лёжа на боку. Для фиксации руки в выпрямленном положении на руку надевают локтевой ортез с ребрами жесткости.<br></p><p><em>Движение:</em>&nbsp; круговые движения прямой рукой. Необходимо, чтобы описываемый рукой круг, центром&nbsp; которого является гленоплечевой сустав, был максимально правильной формы.<br></p><p><em>Рекомендации:</em>&nbsp; упражнение для пациентов с выраженной слабостью в верхней конечности. Обратите внимание пациента на траекторию движения руки.<br></p><p>Следите за дыханием: в исходном положении вдох, в точке максимального отведения руки вниз – выдох.&nbsp;</p>','e0a2ec7703a2f05fad0266642371c80c','2016-04-22 19:37:17',0,'Реабилитация'),(158,1,'Сгибание плеча','с поддержкой ассистента',11,'277f9010ff483b663fa722a4666fb228.png','14c5d71d3deea3d1cfcc5213d70cf457.png','d1653c06aade3c1c6e1e71cff82de5bf.png','','<p><em>Исходное положение:</em>&nbsp; лёжа на спине.&nbsp; Ассистент удерживает согнутую в локте руку за запястье, плечо в положении отведения на 90°.</p><p><em>Движение:</em>&nbsp; сгибание плеча с мануальной поддержкой ассистента. Плавно сгибайте плечо, стараясь максимально привести локоть к груди.</p><p><em>Рекомендации:</em>&nbsp; Следите за дыханием! В исходном положении – вдох, в положении максимального приведения руки к груди – выдох.</p>','098d6d766577e1d73fc6e23cd9e3a7de','2016-04-22 19:55:49',0,'Реабилитация'),(159,1,'Одновременное сгибание плечей','с поддержкой ассистента',11,'edb0778f623a581bea962ae3f3c1f6e8.png','66d09be8967ab18849592b358793c272.png','f0fd93628ae262a3e6a6b55dc8dce363.png','','<p><em>Исходное положение:</em>&nbsp; лёжа на спине. Руки согнуты, ладони прижаты к голове.</p><p><em>Движение:</em>&nbsp; одновременное сведение плечей перед грудью.</p><p><em>Рекомендации:</em>&nbsp; обратите внимание пациента на сохранение правильного положения рук: на протяжении всего движения ладони должны оставаться прижатыми к голове.<br></p><p>Следите за дыханием! В исходном положении – вдох, в положении максимального сведения рук перед грудью – выдох.<br></p>','e1dc80b2acf121c82109df1f0adbffdc','2016-04-22 20:04:01',0,'Реабилитация'),(160,1,'Отведение плеча','с помощью эластичной ленты ',11,'15138cc5bbba44cde6ad0255264b3d86.png','c17458cce47ab04da23682f7934edd7f.png','bfc040521a3efb38d10ad5db6d1c7d9a.png','','<p><em>Дополнительное оборудование:</em>&nbsp; петля с ручкой, эластичная лента/эспандер.<br><em>Исходное положение:</em>&nbsp; лёжа на спине. Активная рука согнута в локтевом суставе перед грудью и разгружена с помощью эластичной ленты. Ладонь направлена вниз.<br><em>Движение:&nbsp; </em>отводите плечо через сторону вверх, стараясь дотянуться плечом к уху.<br><em>Рекомендации:</em>&nbsp; ассистент создаёт облегчённое положение для плеча, подбирая оптимальное усилие&nbsp; и направление натяжения эспандера. Обратите внимание пациента на выполнение движения в максимально доступном объёме.<br>Следите за дыханием: в точке максимального отведения плеча – вдох, в исходном положении – выдох.<br></p>','0b64eb8f7470c270629dbeba6c3e10cd','2016-04-22 20:47:46',0,'Реабилитация'),(161,1,'Ассиметричная тяга','Спортивный гриф',11,'3bdb0db49935d1d6c5743de68b9f5b3c.png','94cc2f5a377bc801c893886141e67747.png','d8fdb1126b06dce63eed6e1e5191b270.png','','<p><em>Дополнительное оборудование:&nbsp; </em>спортивный гриф, петли, разгрузочный модуль.</p><p><em>Исходное положение:</em>&nbsp; лёжа на спине. Один конец спортивного&nbsp; грифа закреплён на статичной тяге. Точка подвешивания вертикально над левым плечевым суставом. Руки на ширине плеч, хват ладонями от себя . Активная рука выпрямлена, свободная рука согнута в локтевом суставе.</p><p><em>Движение:</em>&nbsp; асимметричная тяга активной рукой вниз.</p><p><em>Рекомендации:</em>&nbsp; ассистент при необходимости придерживает отведённое положение плеча, создавая точку опоры для свободного&nbsp; движения противоположной рукой.</p><p>Следите за дыханием!<br></p>','bcd0d41527a177836de7c7629c837c6b','2016-04-22 20:57:17',0,'Реабилитация'),(162,1,'Выпрямление рук перед грудью','в положении сидя ',11,'67fd10813013d3853a46751a119b753f.png','ec56b668a82896d760b7995f54404094.png','a5508e18d3ab89869b76580d6f945bfc.png','','<p><em>Дополнительное оборудование:</em>&nbsp; разгрузочный модуль, эластичные тросы, спортивный гриф. &nbsp;</p><p><em>Исходное положение:</em>&nbsp; сидя. Руки согнуты в локтевом суставе, кисти на ширине плеч на спортивном грифе, хватом сверху. Опора на эластичные тросы.</p><p><em>Движение:</em>&nbsp; совершайте выпрямление рук от себя, удерживая равновесие туловища. Ассистент подстраховывает пациента сзади, во избежание падения.</p><p><em>Рекомендации:</em>&nbsp; обратите внимание пациента на важность полного выпрямления рук в локтевых суставах.</p><p>Следите за дыханием: в момент выпрямления рук - выдох!</p>','aebe79991fb3ab85bb08e13541f3d35c','2016-04-22 21:14:06',0,'Реабилитация'),(163,1,'Вращение туловища','с опорой на эластичный трос ',11,'c31a30f95ad5fa5fed1cee06cadc965d.png','48d5be41240c69af87e51e098e1bef89.png','55e2596c2082c338f3ce923be3b9e2a0.png','','<p><em>Дополнительное оборудование:</em>&nbsp; разгрузочный модуль, эластичный трос, петли, спортивный гриф.</p><p><em>Исходное положение:</em>&nbsp; сидя. Руки зафиксированы на грифе, хватом сверху, на уровне середины груди. Гриф подвешен на эластичных тросах.</p><p><em>Движение:</em>&nbsp; поочерёдное выпрямление рук от груди, с одновременным вращением туловища вокруг оси позвоночника и сохранением равновесия. Во избежание падения, ассистент подстраховывает пациента сзади!</p><p><em>Рекомендации:</em>&nbsp; обратите внимание пациента на важность полного выпрямления рук в локтевых суставах.<br></p><p>Следите за дыханием!</p>','d279117c98aa6cf308fb2eb7dd81c4a7','2016-04-23 19:20:25',0,'Реабилитация'),(164,1,'Наклоны в стороны','в положении сидя, с опорой на эластичные тросы ',11,'8aa4115c129921604093df47803c9a81.png','42b8365f2992ccc30e04630ad2b93deb.png','8eeb9a13e3270caaee1d0993c00722b5.png','','<p><em>Дополнительное оборудование:</em>&nbsp; разгрузочный модуль, эластичный трос, петли, спортивный гриф.<br><em>Исходное положение:</em>&nbsp; сидя. Руки с опорой на гриф, хватом вниз, выпрямлены перед грудью.<br><em>Движение:</em>&nbsp; пациент совершает наклон туловища в сторону, сохраняя равновесие. Ассистент подстраховывает пациента, во избежание падения!<br><em>Рекомендации:</em>&nbsp; обратите внимание пациента на важность полного выпрямления рук в локтевых суставах.</p><p>Следите за дыханием!<br></p>','36f1690f13d40f950dab35592ebd2a8f','2016-04-23 20:00:38',0,'Реабилитация'),(165,1,'Переворачивание на живот','с помощью ассистента ',11,'76e6505a8bb985a3aa92a5bc9b04ea4e.png','c11e1f7173c665ce88dc474943f70c32.png','97cf423629366835b8b26d901ebeba93.png','','<p><em>Исходное положение:</em>&nbsp; лёжа на спине. Руки согнуты в локтевых суставах, лежат на груди.<br><em>Движение:&nbsp; </em>активно-пассивное. Ассистент перекрещивает ноги пациента по ходу предполагаемого переворота. Если поворот планируется через правый бок, то сначала левую ногу необходимо положить сверху на правую. Затем, держа пациента одновременно двумя руками, под тазовый и плечевой пояс, ассистент плавно поворачивает туловище на бок. Нижнюю руку следует отвести на 90 градусов ладонью вверх, и, удерживая нижний локоть в заданном положении, верхнюю руку согнуть и направить локтем к кушетке для последующей опоры. Далее плавно вращать&nbsp; туловище до полного переворота на живот с опорой на локти.&nbsp;&nbsp;&nbsp;<br><em>Рекомендации:&nbsp; </em>при слабой чувствительности в локтевых суставах, обратите внимание на толщину смягчающего слоя кушетки. Если слой слишком тонкой и твердый, то выполняйте стойку на локтях только в смягчающих налокотниках.&nbsp;<br></p>','358caab0c2eefdaf40b09a4a8e547de7','2016-04-23 20:22:01',0,'Реабилитация'),(166,1,'Разгибание и сгибание поясницы','сидя на фитболе с опорой на подвеску',11,'e98e5ec6f2a7f0f752d080b38c70ca95.png','5dcf51e80678ec216dc71ae29880471f.png','b125e9de7760294d29426643a128d67f.png','','<p><em>Дополнительное оборудование:</em>&nbsp; фитбол, подвеска широкая, статичный трос, блок ролик, силовой модуль.</p><p><em>Исходное положение:</em>&nbsp; сидя на фитболе. Руки согнуты в локтях и опираются на широкий ремень ладонями вниз. Голову положить сверху на руки. Шея расслаблена. Стопы опираются на пол, ноги на ширине плеч, колени разведены в стороны. </p><p><em>Движение:</em>&nbsp; наклон туловища вперёд, с прогибом в грудном и поясничном отделе позвоночника.</p><p><em>Рекомендации:</em>&nbsp; Важно! При нарушении координации у пациента, во избежание падения и травм, обеспечьте помощь ассистента. Следите за тем, чтобы движение было плавным и комфортным для позвоночника.</p><p>Если пациент выполняет данное упражнение впервые, позаботьтесь о безопасности, начинайте с небольших амплитуд.<br>Следите за дыханием!<br></p>','24b6db8cd52a21ac50e440ef79c43284','2016-04-23 20:40:18',0,'Реабилитация'),(167,1,'Сгибание туловища #3','нестабильные опоры ',11,'d9824d8915fae8f111383bd456aa1743.png','7f6801047e7a84f8a0071435eec9726c.png','14bd113c36f68ac2d7a6a7d3825594db.png','','<p><em>Дополнительное оборудование:</em>&nbsp; нестабильные опоры, подвеска петлевая малая.</p><p><em>Исходное положение:</em>&nbsp; стойка на прямых руках лицом вниз. Ноги разгружены с помощью петель в нижней части голени. Петли на высоте 30-40 см от пола.</p><p><em>Движение:</em>&nbsp; поднимите себя, создавая ровную линию тела, ноги полностью выпрямлены, удерживайте это положение несколько секунд, затем подтяните бедра к груди одновременно поднимая таз. Голова проходит между руками, двигаетесь так, чтобы в самом конце движения бедра оказались над плечами.</p><p><em>Рекомендации:</em>&nbsp; не стремитесь выполнить упражнение быстро, контролируйте правильное положение тела.</p><p>Следите за дыханием: во время подтягивания коленей к груди делайте выдох, в исходном положении - вдох.</p>','7bff813e93a3a911d21955c35765417e','2016-04-24 20:28:12',0,'Реабилитация'),(168,1,'Грудной жим #1','',11,'179f948a081182906610b6e479ea4965.png','e04a24adf92625f7e90e569e1e163977.png','31817866865d6ab55f04f33f2b3d0b29.png','','<p><em>Дополнительное оборудование:</em>&nbsp; нестабильные опоры, подвеска петлевая малая.</p><p><em>Исходное положение:</em>&nbsp; стоя на коленях, лицом в сторону, противоположную точке крепления нестабильных опор. Отрегулируйте длину тросов так, чтобы петли были на уровне плеч.</p><p><em>Движение:</em>&nbsp; выпрямите прямые руки перед грудью и перенесите вес тела на них, удерживая спину и бёдра в выпрямленном положении. Затем опустите&nbsp; тело вперёд в сторону петель, сгибая руки в локтях и разводя локти в&nbsp; стороны. &nbsp;</p><p><em>Рекомендации:</em>&nbsp; сфокусируйте внимание на сохранении ровной линии тела во время движения: плечи, таз и колени должны образовывать прямую линию. Следите за дыханием: во время опускания вперёд делайте выдох.</p><br>','ba00667256f6cc323131937a14bfa14c','2016-04-24 21:08:18',0,'Фитнес'),(169,1,'Сгибание плеча на подвеске','',11,'3fb681bbe6f0c3658f5e3fe9b5c5fc87.png','6a036f95660ffcb4d36c16b8889f352e.png','5fe102684693c186b54f515bb6dbcb5a.png','','<p><em>Дополнительное оборудование:&nbsp;&nbsp; </em>подвески петлевые. Точки подвешивания вертикально над плечевым суставом, при необходимости задать более правильное положение, сдвигаются дорсально/вентрально. Натяжение эластичных тросов регулируется так, чтобы продольная ось руки проходила параллельно плоскости кушетки (пола).<em><br>Исходное положение:&nbsp; </em>лёжа на боку. Верхняя нога согнута,&nbsp; колено опирается в пол. Активная рука разгружена с помощью петель в кистевой и локтевой точках.<em><br>Движение:&nbsp; </em>поднимите прямую руку перед туловищем в сагиттальной плоскости. Угол поднятия руки может достигать 180 градусов. В крайней точке рука должна оказаться над головой. Траектория движения параллельно полу. Ладонь направлена к полу.<em><br></em></p><p><em>Рекомендации:&nbsp; </em>обращайте внимание на то, чтобы рука оставалась прямой. Следите за дыханием!<em><br></em></p>','76412660eadd0f424a24936654748ca4','2016-05-15 18:04:10',0,'Реабилитация'),(170,1,'Сгибание бёдер на подвеске','',11,'09969c6e5193e1123ee4c9d5fa11f644.png','8f6d02f228ebd94b82492740f70583d5.png','12a9fdd0721bde984ba6ab51fddd18e8.png','','<p><em>Дополнительное оборудование:</em>&nbsp; нестабильные опоры, подвески петлевые.</p><p><em>Исходное положение:</em>&nbsp; лёжа на спине, обе ноги разгружены и подняты над плоскостью пола на высоте 30-40 см. Руки скрещены на уровне груди.</p><p><em>Движение:</em>&nbsp; поднимите таз вверх до выпрямления туловища и ног в одну линию. Удерживая таз в этом положении, согните ноги в коленных суставах. Затем выпрямите ноги и опустите таз.</p><p><em>Рекомендации:</em>&nbsp; следите за дыханием!</p>','b492ae63af64589508fe7740a78e6632','2016-05-15 18:23:30',0,'Фитнес'),(171,1,'Обратная планка на подвеске','',11,'e15826d6d37cee57304cb7895dea3a05.png','c5bde57e30ce7db3777d1c6e279bb222.png','27070cbf2d42151da517e8e5454b5d2d.png','','<p><em>Дополнительное оборудование:&nbsp; </em>нестабильные опоры, подвески петлевые.<br><em>Исходное положение:</em>&nbsp; лёжа на спине. Ноги прямые, разгружены и слегка подняты над плоскостью пола. Руки скрещены на груди.<br><em>Движение:</em>&nbsp; поднимите таз вверх до выпрямления туловища и ног в одну линию. Удерживайте это положение от 10 сек до 2 мин. <br><em>Рекомендации:&nbsp; </em>сконцентрируйте внимание на том, чтобы во время выполнения упражнения ноги и спина оставались прямыми, при максимальном подъёме таза ограничиваться опорой на лопатки, не доводя до опоры на шейные позвонки. Следите за дыханием: в исходном положении – вдох, при подъёме вверх – выдох.<br><br></p>','6f8c532d0cc72b89784877318678f1b7','2016-05-15 18:46:26',0,'Фитнес'),(172,1,'Наклон в сторону на подвеске','',11,'089947409f9a8b24a352bc1525f2e19b.png','39a7fdfdbd1307bde94a0e60441b1ba8.png','129e4ffb78c3450b8add208731879a7b.png','','<p><em>Дополнительное оборудование:</em>&nbsp; нестабильные опоры, подвеска широкая. &nbsp;</p><p><em>Исходное положение:</em>&nbsp; лёжа на боку. Тело разгружено и приподнято на 20-30 см. с помощью широкой подвески, расположенной на уровне поясницы. Руки за головой, локти разведены в стороны.</p><p><em>Движение:&nbsp; </em>подъём туловища вверх, сохраняя равновесие. &nbsp;</p><p><em>Рекомендации: </em>старайтесь дотянуться локтем до статичного троса. Следите за дыханием: в исходном положении – вдох, при подъёме вверх – выдох.</p>','ba5b4b66e5402f7f553c5e8eef62a6a1','2016-05-15 18:51:13',0,'Реабилитация'),(173,1,'Разгибание туловища, лёжа на животе','',11,'dd38fc437f5e84eb8eeb11c30de4d53c.png','535142a6ef207c5c6fbd423e6913a1ea.png','5d170c38993ae0399575168a94de27f9.png','','<p><em>Дополнительное оборудование:</em>&nbsp; нестабильные опоры, подвеска широкая.</p><p><em>Исходное положение:</em>&nbsp; лёжа на животе. Тело разгружено и приподнято с помощью широкой подвески, расположенной на уровне таза. Руки&nbsp; согнуты в локтевом суставе, пальцы кистей собраны «в замок».&nbsp;&nbsp;&nbsp;&nbsp;&nbsp;&nbsp;&nbsp;&nbsp; &nbsp;</p><p><em>Движение:&nbsp; </em>разгибание локтей с одновременным отведением туловища назад.</p><p><em>Рекомендации:</em>&nbsp; сфокусируйте внимание на сохранении ровной линии тела во время движения: плечи, таз и колени должны образовывать прямую линию. Следите за дыханием!</p>','a4556e3a96a64264f40d6de3714ae24a','2016-05-15 19:00:07',0,'Реабилитация'),(174,1,'Разгибание плеча с опорой на подвески','',11,'20555ada6e54b43fce8938799db539cb.png','3f3217988063195b4745f453192bf2ef.png','a576a206ea9f51036972c5536f487337.png','','<p><em>Дополнительное оборудование:&nbsp; </em>нестабильные опоры, петлевые подвески, валик для ног.</p><p><em>Исходное положение:</em>&nbsp; лёжа на спине. Ноги и руки разгружены с помощью статичного троса, точки подвешивания вертикально над голеностопными и локтевыми суставами.</p><p><em>Движение:&nbsp; </em>подъём туловища вверх с одновременным разгибанием плеча, с опорой на подвески.</p><p><em>Рекомендации:</em>&nbsp; сфокусируйте внимание на сохранении ровной линии тела во время движения.</p><p>Следите за дыханием!</p>','361499027a356d0fdb3971d40e4cb2bf','2016-05-15 20:26:47',0,'Реабилитация'),(175,1,'Разгибание туловища 2','',11,'4561735b8d9418a0ad2607b3dd930d5a.png','dc74333bf216f8bf5d48b867ee826f92.png','85a98650688dcc14fe4bcbde6f667f1c.png','','<p><em>Дополнительное оборудование:</em>&nbsp; нестабильные опоры, подвеска широкая.</p><p><em>Исходное положение:&nbsp; </em>лёжа на животе. Нижняя часть туловища опирается на широкую подвеску, размещенную на высоте 30-40 см. от пола.&nbsp; Колени упираются в пол. Руки за головой, шея расслаблена, голова&nbsp; опущена вниз.</p><p><em>Движение:&nbsp;</em>разогните туловище, одновременно прогибаясь в шейном и поясничном лордозе.</p><p><em>Рекомендации:</em>&nbsp; движение должно быть плавным. Следите за дыханием!<br></p>','4974293c5889ec739d799d655f857177','2016-05-15 20:33:12',0,'Реабилитация'),(176,1,'Планка - сгибание бедра','',11,'5d72b234efb9baad11921a75e5042a45.png','951f9cc6e39c7a352c7d03a7dd8f4152.png','0a5f83b5219045ae0981a7ce43fe318b.png','','<p><em>Дополнительное оборудование:</em>&nbsp; нестабильные опоры, подвеска петлевая.</p><p><em>Исходное положение:&nbsp; </em>лёжа на животе. Стойка на выпрямленных руках с опорой на ладони. Поясничный лордоз&nbsp; в нейтральном положении.&nbsp;&nbsp; Ноги разгружены с помощью статичного троса на высоте 30-40 см от пола.</p><p><em>Движение:</em>&nbsp; подтяните колено к груди с небольшим округлением поясницы вверх, затем верните ногу в исходное положение. Повторите движение другой ногой.</p><p><em>Рекомендации:</em>&nbsp; движение должно быть плавным, избегайте перегрузок в поясничном отделе. Следите за дыханием!<br></p>','e7d09eca4b10f6d2bc251dafa64faa5e','2016-05-15 20:39:15',0,'Реабилитация'),(177,1,'Сгибание бёдер #1','',11,'09c20158310bbb9a8b8a07f849977092.png','b0ca69233411e53dcfb96cd01a3aff1b.png','d65cf34683b4b98769110634176c14ec.png','','<p><em>Дополнительное оборудование:</em>&nbsp; нестабильные опоры, подвеска петлевая, спортивный куб.</p><p><em>Исходное положение:</em>&nbsp; лёжа на животе, поставьте предплечья на куб, своды стоп положите на узкую подвеску, позвоночник находится в нейтральном положении.</p><p><em>Движение:&nbsp; </em>подтяните колени к груди, втяните живот и округлите спину. Задержитесь в крайней точке сгибания на несколько секунд, затем вернитесь в исходное положение.</p><p><em>Рекомендации:</em>&nbsp; движение осуществляйте плавно. Следите за дыханием!</p><br>','300b729c8a7cf58b1f7105ab24f2c18b','2016-05-21 15:10:35',0,'Реабилитация'),(178,1,'Сгибание ног на подвеске','',11,'2af043b0995c11ef43130fee892f258c.png','119db43018477464ea98ad71dd2280d5.png','39926c8d455ec19d938bf52b926c842a.png','','<p><i>Дополнительное оборудование:</i>&nbsp; нестабильные опоры, подвеска петлевая малая. </p><p><i>Исходное положение:</i>&nbsp; лёжа на спине, руки скрещены на груди, ноги прямые, пятки опираются на малые петли, приподнятые на высоту 30-40см. Точка подвешивания троса вертикально над лодыжками. </p><p><i>Движение:&nbsp;</i> надавите пятками вниз и приподнимите таз так, чтобы всё тело выпрямилось в одну прямую линию. Согните одну ногу по направлению к груди насколько возможно, затем выпрямите и согните другую, имитируя кручение педалей на велосипеде. </p><p><i>Рекомендации:&nbsp;</i> при максимальном подъёме таза ограничивайтесь опорой на лопатки, не доводя до опоры на шейные позвонки. Следите за дыханием!</p><br>','32c649039fd1df885628f088523b7f5e','2016-05-21 15:46:36',0,'Фитнес'),(179,1,'Сгибание плеч на подвесках','',11,'101c02e2a2ed9fa7f621de4d8705671d.png','e14df15ab22e502fda9c78ef17bdbd9a.png','bc1026452d9f43bad3ea46e59d947acb.png','','<p><em>Дополнительное оборудование:</em>&nbsp; нестабильные опоры, подвеска петлевая малая, валик.</p><p><em>Исходное положение:</em>&nbsp; лёжа животом на цилиндрическом валике, руки выпрямлены в стороны на уровне плеч, ладонями вниз. Узкие петли располагаются на проксимальной части плеча. Точки подвешивания&nbsp; троса вертикально над плечевыми суставами.</p><p><em>Движение:</em>&nbsp; напрягите и приведите в нейтральное положение нижнюю часть спины и втяните&nbsp; живот. Надавите на подвески и&nbsp; приподнимите верхнюю часть туловища. Затем медленно вернитесь в исходное положение со сведением лопаток.&nbsp; </p><p><i>Рекомендации:</i>&nbsp; движение осуществляйте плавно. Следите за дыханием!</p><br>','65738ae80794b630a425287bb7fe8c7e','2016-05-21 16:31:40',0,'Реабилитация'),(180,1,'Разгибание плеч с опорой на подвески','',11,'f7e3458ad3da54487e4a192643fb7fa3.png','cb30258fa1353e339c98725c9ed7754c.png','cedcc40c7ca88ad75fd5a174ad9cbf9c.png','','<p><em>Дополнительное оборудование:&nbsp; </em>нестабильные опоры, подвеска петлевая малая, валик.</p><p><em>Исходное положение:</em>&nbsp; лёжа на спине с валиком под коленями. Руки отведены в стороны на 90° &nbsp; и согнуты в локтях, петли надеваются на предплечье ближе к локтю. Точки крепления троса - над животом.</p><p><em>Движение:</em>&nbsp; приведите в нейтральное положение нижнюю часть спины и напрягите мышцы живота, надавите предплечьями на петли и приподнимите верхнюю часть туловища, разводя в стороны плечи и сводя вместе лопатки, затем медленно вернитесь в исходное положение.</p><p><em>Рекомендации:</em>&nbsp; не стремитесь выполнять движение быстро. Следите за дыханием: при подъёме туловища – вдох, в исходном положении – выдох.</p><br>','8dfb4af03125f682dd0dd9a9284a1833','2016-05-21 18:28:02',0,'Реабилитация'),(181,1,'Ротация плеча на подвеске','',11,'581b841457bda9ec48c982fee2c75e67.png','3d8de6937031c5fcb22ffe13eacafceb.png','812a3d0d713a1b700f6025e1f335e912.png','','<p><em>Дополнительное оборудование:</em>&nbsp; нестабильные опоры, подвеска петлевая малая.</p><p><em>Исходное положение:&nbsp; </em>лёжа на боку. Согните в локте нижнюю руку и положите под голову. Верхнюю руку согните в локте, отведите плечо на 90° так, чтобы локтевой сустав оказался вертикально над плечевым суставом. Зафиксируйте это положение руки с помощью подвесок в области кисти и в проксимальной части предплечья.</p><p><em>Движение:</em>&nbsp; внешняя и внутренняя ротация плеча, предплечье движется по направлению к голове, а затем к ногам.</p><p><em>Рекомендации:</em>&nbsp; обращайте внимание на то, чтобы движение производилось без изменения положения плеча, а только за счёт вращения плеча вокруг своей оси. Следите за дыханием!</p><br>','d2f06cda46706b59bed6806fabb9dadd','2016-05-22 10:56:55',0,'Реабилитация'),(182,1,'Подтягивание из наклонного положения','',11,'6d9cf35607ec8a114d03c3b64509d4fb.png','882867dc7abe340bdafaabd355f74cbc.png','dec7e7671e6638213831d302731ee487.png','','<p><em>Дополнительное оборудование:</em>&nbsp; нестабильные опоры, подвеска петлевая малая.</p><p><em>Исходное положение:</em>&nbsp; лёжа на спине. Ноги согнуты в коленях, стопы опираются на пол. Подвески закреплены на высоте вытянутых рук, точка подвешивания троса над тазобедренными суставами. </p><p><em>Движение:&nbsp; </em>отклонитесь назад до полного провисания на прямых руках, затем плавно притяните туловище вперёд до положения «сидя», сгибая руки в локтях. В самой верхней точке прогнитесь в пояснице, выпрямив спину. </p><p><em>Рекомендации:&nbsp; </em>не стремитесь выполнять движение быстро. Не допускайте резких движений в пояснице. Следите за дыханием!</p>','a206f13073c7cd059f92ab6200d2222d','2016-05-22 11:20:20',0,'Реабилитация'),(183,20,'Упражнение в разделе (реабилитация)','Шаговые движения прямыми ногами Дополнительное оборудование: голеностопная манжета 2шт, петля для стопы, эластичный трос. Исходное положение: лежа на спине, ноги вместе , разгружены и немного приподняты над плоскостью кушетки, руки разведены в стороны ',11,'c1ae8f9164364d79ee800af2655d9fba.jpg','a286b839f0d22d349236c5fdfc862def.jpg','f2b09e6086e02d45b90ca2401b4a7d40.jpg','','<p>Шаговые движения прямыми ногами</p><br><p>Дополнительное оборудование: голеностопная манжета&nbsp; 2шт, петля для стопы, эластичный трос.</p><br><p>Исходное положение: лежа на спине, ноги вместе , разгружены и немного приподняты над плоскостью кушетки, руки разведены в стороны ладонями в низ.</p><br><p>Движение: попеременное поднимание&nbsp; ног, имитация шаговых движений прямыми ногами.</p>','01f2de0c1999cedafdf52c01d3f3a4b2','2016-05-27 14:16:50',0,'Реабилитация'),(184,1,'Вытягивание руки ','коленно-кистевая стойка ',11,'b92b02bcd88da26d3d726ea846dd9fd4.png','e10e9d5859f12be1e756e18f3376b6f6.png','2563d4fcb9f6d0fcbdad7395652643bb.png','','<p><em>Дополнительное оборудование: </em> отсутствует&nbsp;</p><p><em>Исходное положение: </em>коленно-кистевая стойка. Одна рука в опоре, кисть &nbsp;расположена вертикально под плечевым суставом. Другая вытянута вперед ладонью к полу.</p><p><em>Движение: </em>&nbsp;поднимите прямую руку вверх одновременно разгибая грудной и поясничный отдел позвоночника.&nbsp;</p><p><em>Рекомендации:</em>&nbsp;при возвращении в исходное положение достигают сгибания позвоночника.\r\n</p><br>','8ddbfa3f5b146507ec41c59d5927b7c4','2016-02-12 17:52:37',0,'Реабилитация'),(185,20,'10','',11,NULL,NULL,NULL,'','','f969a97a1bcf2fc60593388362d5fbd7','2016-06-27 07:42:20',1,'Мой раздел'),(186,20,'10','',11,NULL,NULL,NULL,'','','db88f74bea38b318a9837eb8e71aad95','2016-06-27 07:42:55',1,'Мой раздел'),(187,20,'10','',11,NULL,NULL,NULL,'','','3236192ae13b4fc447d931480117b892','2016-06-27 07:43:31',1,'Реабилитация'),(188,20,'10','101',11,NULL,NULL,NULL,'','','f257474836b8d722f8ff5c2f27c05fc8','2016-06-27 07:51:26',1,'Мой раздел'),(189,20,'100000000лло54345345','2',11,NULL,'a5798d7d70a20acf2212f26b62535769.jpg',NULL,'GOjE9BsUaqA','тжтжтжтжт<p>жтжтжтжтжт</p><p>жтжтжт</p><p>жтжтжтжт</p><p>жтжтжтжтжтжт</p><p>жтжтжтжтжт</p>','220f1f441d7bc76f6b38221e9c52ade5','2016-06-27 19:04:15',0,'Травматология'),(190,20,'1','2',11,NULL,'0006357dfdcd8abf303aef920ca01c85.jpg',NULL,'0','1','16c0c89b57f7afd8011c4340ff031290','2016-06-27 19:17:38',1,'Реабилитация'),(191,10,'Подтягивание ','В висе на турнике',11,'e58c16c6e8d338fad62d7c9e0c7e93d3.png','7fc6f76c4fc3796b606eb5252ed53a47.png','e7bb81f8bdca91d68bb479e7a58970fa.png','','','85d775899774b19e8f0dc7d2f4d4b269','2016-06-30 19:28:37',0,'Фитнес'),(192,1,'11111111','2222222222222',11,'dbbb8f14f5df48ecb3fff17b33a49ad0.png','fe994c4d8df1c4d00a2fcdb4d37de69c.png','7c0aec72710752fbb06c807298711f20.png','','33333333333333','1e1ad0878ffac8b041dd09f0b5577287','2016-07-11 21:19:47',1,'Реабилитация'),(193,1,'160','2',11,NULL,NULL,NULL,'','00','4dd4488b1a9e2fe9bab699e78e259b86','2016-07-11 21:39:59',1,'Реабилитация'),(194,1,'Планка на подвесках','',11,'ce67f4ed858909f6d7e182efc1a4779a.png','ef978e13d111833e805b0dcffaf22483.png','14f6455b4cd0100db6b3a60d4c5013be.png','','<p><em>Дополнительное оборудование:</em>&nbsp; нестабильные опоры, подвеска петлевая малая, валик.</p><p><em>Исходное положение:&nbsp; </em>лёжа на животе. Валик под животом служит ограничителем прогиба в поясничном отделе позвоночника. Руки согнуты в локтевом суставе и опираются в пол. Голова опущена вниз. Ноги прямые, подвешены на малые петли, приподняты на высоту 20-30 см. Точка подвешивания троса вертикально над лодыжками.</p><p><em>Движение:</em>&nbsp; планка на нестабильных опорах - приведите поясницу в нейтральное положение и удерживайте эту позу от 15сек до 2мин. <br><br></p><p><em>Рекомендации:&nbsp; </em>использование валика актуально при болях в пояснице. Сфокусируйте внимание на сохранении ровной линии тела во время движения: плечи, таз и колени должны образовывать прямую линию. Следите за дыханием!</p><br>','8050573fa6750e7649aca12276544f96','2016-07-23 20:41:18',0,'Реабилитация'),(195,1,'Аддукция бедра, лёжа на боку','',11,'af3e9d14da7670068e6bb2f518b744c4.png','885f84e79361dc0b735716cc659782cf.png','4c0b5141aa4d63f768c93762fbc98809.png','','<p><em>Дополнительное оборудование:</em>&nbsp; нестабильные опоры, подвеска узкая.</p><p><em>Исходное положение:</em>&nbsp; лёжа на боку. Нижняя рука, согнутая в локте, под голову. Ноги прямые. Активная нога разгружена подвеской в тазобедренном суставе.</p><p><em>Движение:&nbsp; </em>опустите верхнюю ногу вниз одновременно поднимая таз и округляя туловище вверх. Удерживайте это положение несколько секунд, затем вернитесь в исходное положение.</p><p><em>Рекомендации:</em>&nbsp; сфокусируйте внимание на сохранении ровной линии тела во время движения: плечи, таз и колени должны образовывать прямую линию. Следите за дыханием!</p>','4601c8f30b0831929f24621e02611b7a','2016-07-23 20:59:23',0,'Реабилитация'),(196,1,'Сгибание/разгибание плеча','',11,'0f810c40688f0f736db81a5661e39707.png','4d923805da531415f4d694bca87a7489.png','48a042f84f678fb3f54f3e9481ba482d.png','','<p><em>Дополнительное оборудование:</em>&nbsp; нестабильные опоры, подвеска петлевая малая, куб.</p><p><em>Исходное положение:&nbsp; </em>сидя на кубе (стуле). Активная рука отведена в сторону и разгружена на подвеске, на уровне плеча. Подвеска зафиксирована в области кисти и в нижней части предплечья у локтевого сустава.</p><p><em>Движение:&nbsp; </em>отведение прямой руки вперёд.</p><p><em>Рекомендации:&nbsp; </em>обращайте внимание на то, чтобы туловище не поворачивалось вокруг вертикальной оси позвоночника, а спина оставалась прямой.</p>','2d47bd7947934a91805f3728e139dc4f','2016-07-24 07:50:18',0,'Реабилитация'),(197,1,'Выпрямление руки, лёжа на боку','',11,'e676303839d5e9fec18552a64a52d2c7.png','f8177063aaacac99d69d848dead15538.png','4c465e552d47fb2769d688670ccf01b3.png','','<p><em>Дополнительное оборудование: </em>нестабильные опоры, подвеска петлевая малая.</p><em>Исходное положение:</em>&nbsp; лёжа на боку, рука согнута в локте под головой.&nbsp; Рабочая рука согнута в локтевом суставе, плечо приведено к туловищу. <br><p><em>Движение:</em> выпрямление руки в горизонтальной плоскости до полного разгибания в локтевом суставе.&nbsp;</p><p><em>Рекомендации:</em> постарайтесь коснуться плечом уха в верхней точке движения. &nbsp;Следите за тем, чтобы при движении голова не наклонялась вперёд, позвоночник был в нейтральном положении. <br></p>','b607d1b16497200c2c3b0292e849276a','2016-07-24 08:10:21',0,'Реабилитация'),(198,1,'Сгибание плеча на подвесках','',11,'39879c0360500a6faab34445e81c0b0d.png','3a729d876318d9f0fb8adaf9bbaa7864.png','11f008799f8fc509bf23f7bb423354cf.png','','<p><em>Дополнительное оборудование:&nbsp;</em> нестабильные опоры, подвеска петлевая малая 2шт., валик.</p><p><em>Исходное положение:&nbsp;</em> лёжа на животе. Валик под животом служит ограничителем прогиба в поясничном отделе позвоночника. Руки выпрямлены и подвешены на малые петли, приподняты на высоту 20-30 см. Голова опущена вниз. Точка подвешивания троса вертикально над плечами.</p><p><i>Движение:&nbsp;</i> сгибание и разгибание плечей.<br></p><p><em>Рекомендации:</em> старайтесь сохранять в нейтральном положении поясничный отдел позвоночника. Держите голову прямо, не поднимайте подбородок вверх, увеличивая тем самым шейный прогиб. Следите за дыханием!<br></p>','d76963d8a03da05860b023aac691a055','2016-07-24 08:25:12',0,'Реабилитация'),(199,1,'Разгибание плеча на нестабильных опорах','',11,'1a4a759e446d05e0acee8827c6ff099b.png','deac317faa067bc7e8ee1f813befa4a4.png','7c306cc407701d2091718c9f79bad6d7.png','','<p><em>Дополнительное оборудование:</em>&nbsp; нестабильные опоры, подвеска петлевая малая 2шт.</p><p><em>Исходное положение:</em>&nbsp; стоя на коленях с опорой руками на нестабильные опоры. Руки согнуты в локтевом суставе на уровне груди и закреплены на подвесках. Голова опущена вниз. Ноги вместе.<br></p><p><em>Движение:&nbsp; </em>сводите и разводите локти, раскрывая грудную клетку.</p>Рекомендации: избегайте прогиба в пояснице. Следите за дыханием!<br><br>','3707cbe4486c9094ccf3acc2cf692501','2016-07-24 20:13:03',0,'Реабилитация'),(200,1,'Разгибание плеча на подвеске','',11,'2f313c7fc6310b4dde69fca5fb3b964d.png','4c0adc784e0914ae24f915e919a9e271.png','8d0fcc25e8258a3e59dc7a158dc40540.png','','<p><em>Дополнительное оборудование:&nbsp; </em>нестабильные опоры, подвеска петлевая малая 2шт., валик.<br><em>Исходное положение:&nbsp; </em>лёжа на спине. Валик под ягодицами. Ноги согнуты в коленях. Руки прямые, разведены в стороны на уровне плеч и закреплены на подвесках на высоте 20-30см. Точка подвешивания троса вертикально над плечевым суставом.<em><br>Движение:&nbsp; </em>разгибание плеча на подвеске.<em><br>Рекомендации: </em>избегайте сильного прогиба в пояснице. Следите за дыханием!&nbsp; </p>','0bc0882f0f1138543d5478a732a3d179','2016-07-24 20:21:07',0,'Реабилитация'),(201,1,'Отведение/наружная ротация бедра','',11,'f98e1c0ec5932e37f45477b177486d8f.png','95c81e3d7c4f85a74b2f18fc62069e45.png','09f4b9372d13e767d42dba6b44d39dbb.png','','<p><em>Дополнительное оборудование:</em>&nbsp; валик, разгрузочный модуль, бедренная и голеностопная манжета, точки подвешивания&nbsp; вертикально над коленным и голеностопном суставами.<br></p><p><em>Исходное положение:&nbsp;</em>лёжа на боку, валик под головой. Ноги согнуты в тазобедренном и коленном суставах. Верхняя нога разгружена петлевыми подвесками чуть выше лодыжки и под коленом. Натяжение тросов регулируется так, чтобы продольная ось ноги проходила параллельно плоскости кушетки. <br></p><p><em>Движение:&nbsp; </em>отведение ноги назад с одновременным скручиванием бедра в ту же сторону.</p><p><em>Рекомендации:</em>&nbsp; не допускайте резких движений. Следите за дыханием!</p>','df8b2226c2d48bba5757d21be7f37310','2016-07-24 20:34:20',0,'Реабилитация'),(202,1,'Выпрямление рук вверх на подвесках','',11,'095700712429b795c4b541e28855493a.png','1234049f9d44619dbb7c3c31349671c6.png','aabe71ae34ca83362acfb5d93b99ebd9.png','','<p><em>Дополнительное оборудование:</em>&nbsp; баланс-подушка, разгрузочный модуль, эластичный трос, петли для рук.</p><p><em>Исходное положение:</em>&nbsp; лёжа на животе. Подложите под живот и грудную&nbsp; клетку баланс-подушку, узкие петли вокруг запястий. Высота подвешивания 40 см. от пола. Руки на подвесках согнуты в локтевых суставах и разведены в стороны.<br></p><p><em>Движение:</em>&nbsp; выпрямите руки вперёд, затем вернитесь в исходное положение, сгибая руки в локтях, разводя локти в&nbsp; стороны.&nbsp; <br></p><p><em>Рекомендации:&nbsp;</em> сфокусируйте внимание на сохранении ровной линии тела во время движения: плечи, таз и колени должны образовывать прямую линию. <br></p><p>Следите за дыханием: во время движения вперёд делайте выдох.</p>','df61278fb00985856a215e13b29091ae','2016-07-24 20:45:57',0,'Реабилитация'),(203,1,'Приседание с грудной опорой на подвеску','',11,'ae5db076fb1fff89b3183077d44aefe7.png','2bcf661ba2bc99eaf9f40695afc1250e.png','661b27696c1c28f5218f1730dfd58707.png','','<p><em>Дополнительное оборудование:</em>&nbsp; платформа, наклонённая под углом 45°; силовой модуль, подвеска широкая.</p><p><em>Исходное положение:&nbsp;</em> стоя на платформе с опорой на подвеску. Точка фиксирования подвески со стороны спины на уровне лопаток. <br></p><p><em>Движение:</em>&nbsp; приседания стоя на платформе, наклонённой под под углом 45°, с грудной опорой на подвеску.</p><p><i>Рекомендации:</i>&nbsp; сфокусируйте внимание на сохранении ровной линии спины во время движения. <br></p><p>Следите за дыханием: во время движения вперёд делайте выдох.<br></p><br>','46909b520c82c3bdddd2f16dfb81e0b1','2016-07-25 05:35:54',0,'Реабилитация'),(204,1,'Сгибание бёдер #4','',11,'0bd146d38b136ef573a0abcf67734b46.png','d006865f2fac6b5a855dda01fa9f4b2d.png','99b22feeb8c856c5d569c8b647432a78.png','','<p><em>Дополнительное оборудование:&nbsp;</em>валик, нестабильные опоры, подвеска широкая.</p><p><em>Исходное положение:&nbsp;</em>поставьте локти на пол на ширину плеч, ноги прямые на подвеске, размещенной чуть ниже колен на высоте 30-40 см от пола.&nbsp;</p><p><em>Движение:&nbsp;</em>&nbsp;подтяните колени к груди, сгибая ноги и поднимая таз.&nbsp;</p><p><em>Рекомендации:&nbsp;</em>следите за тем, чтобы торс сгибался по прямой линии &nbsp;в одной плоскости.<br></p><p>Следите за дыханием!<br></p>','1fb863592052b9868081bb034703861d','2016-07-25 06:16:18',0,'Реабилитация'),(205,1,'Планка на боку #2','',11,'21ba3393c55ac3fcb14abacea88944d5.png','7118aa8da471499e59f3677948c19d39.png','7470a31d7f2f5ff7b9e64cced0eabb79.png','','<p><em>Дополнительное оборудование:</em>&nbsp; нестабильная опора, подвеска широкая.</p><p><em>Исходное положение:</em>&nbsp; лёжа на боку. Ноги выпрямлены и разгружены на подвеске чуть выше лодыжки на высоте 30 см. от пола. Руки согнуты в локтях и расположены под головой.</p><p><em>Движение: </em>поднимите таз и зафиксируйте это положение на несколько секунд. Вернитесь в исходное положение.<br></p><em>Рекомендации:</em>&nbsp; следите за дыханием!<br><br><br>','91dbd7f9d3f3c0207eb8e2489757e84d','2016-07-25 14:28:34',0,'Реабилитация'),(206,1,'Планка на боку с отведением ноги','',11,'cd25645438a524ec46bf578ff2a59eb6.png','a972c1602f328ed6d87ff2b2f6a65eec.png','b483629fc54861ae114f67a426fb8478.png','','<p><em>Дополнительное оборудование:</em>&nbsp; нестабильная опора, подвеска широкая.</p><p><em>Исходное положение:&nbsp;</em> лёжа на боку. Ноги выпрямлены и разгружены на подвеске чуть выше лодыжки на высоте 30 см. от пола. Руки согнуты в локтях и расположены под головой.</p><p><em>Движение:</em>&nbsp; планка с отведением верхней ноги вверх. Зафиксируйте положение на несколько секунд. Вернитесь в <em>исходное положение. <br></em></p><p><em>Рекомендации:</em>&nbsp; сфокусируйте внимание на сохранении ровной линии тела во время движения: плечи, таз и колени должны образовывать прямую линию. Следите за дыханием: во время движения вверх делайте вдох.<br></p>','f9d85ce7da18440cbad385b394e31bcd','2016-07-25 14:31:36',0,'Реабилитация'),(207,1,'Отжимание на подвесках','узкий хват',11,'b55b1230c259ccf33dd6a20dffb687ad.png','a161e954fed2a042599523d21629242a.png','afe4ca2cf6cd6e6a8778ea2f15e55d5c.png','','<p><em>Дополнительное оборудование:</em>&nbsp; нестабильные опоры, подвеска петлевая малая.</p><p><em>Исходное положение:</em>&nbsp; стоя на коленях, лицом вниз. Руки в петлях хватом вниз, выпрямлены перед собой на уровне груди. Отрегулируйте длину тросов так, чтобы петли были на уровне плеч.</p><p><em>Движение:</em>&nbsp; опустите тело вперёд в сторону петель. Сгибая руки в локтях, перенесите вес тела на петли, удерживая спину и бёдра в выпрямленном положении. Затем вернитесь в исходное положение.<br></p><p><i>Рекомендации:&nbsp;</i> сфокусируйте внимание на сохранении ровной линии тела во время движения: плечи, таз и колени должны образовывать прямую линию. Следите за дыханием: во время движения вперёд делайте выдох.</p><br>','c8ed5bcdb6c49d8d548ee30c293fa509','2016-07-25 14:41:28',0,'Реабилитация'),(208,1,'Бицепс нестабильные опоры','',11,NULL,NULL,NULL,'','Встаньте прямо, возьмитесь &nbsp;за поручни нестабильных опор обратным хватом (ладони направлены к лицу). Отклонитесь назад до полного выпрямления рук, затем подтяните все тело вперед до тех пор пока кисти не окажутся &nbsp;по бокам от головы. Рекомендации: следите за тем, чтобы &nbsp;в момент подъёма колени и туловище не сгибались.&nbsp;','09eb573a10f43885e3ed602b1aab5464','2016-08-01 20:24:33',1,'Фитнес'),(209,1,'Сгибания на бицепс стоя','',11,'24019c1b36343ca6b09f72dff668bb75.png','0548ff83fbe4d813c9bcef3f6701cf3b.png','2b41451b8b9aa052a95054e99d9e08d0.png','','<p><em>Дополнительное оборудование:</em>&nbsp; нестабильные опоры, подвеска петлевая малая 2шт.</p><p><em>Исходное положение:</em>&nbsp; стоя лицом к точке крепления подвесок. Руки в петлях хватом вверх, выпрямлены перед собой на уровне груди. Тело на весу.<br></p><em>Движение:&nbsp;</em>поднимайте тело вперёд в сторону петель, сгибая бицепс. Затем вернитесь в исходное положение.<br><p><em>Рекомендации:</em>&nbsp; сфокусируйте внимание на сохранении ровной линии тела во время движения. Следите за дыханием: во время движения вперёд делайте выдох.</p><p><br></p>','ee1d8b63c533c741a70bc1feb98abede','2016-08-04 12:11:41',0,'Фитнес'),(210,1,'Отжимание стоя #3','',11,'f8cfe327053f024cc675fa19bc9991c9.png','e3d5f77942a8c37f024aec84b54d6419.png','3fd7f306f09766709a2075634a827a24.png','','<p><em>Дополнительное оборудование:&nbsp;</em> нестабильные опоры, подвеска петлевая малая.</p><em>Исходное положение:</em>&nbsp; стоя. Руки в петлях хватом вниз, выпрямлены перед собой на уровне груди. Отрегулируйте длину тросов так, чтобы петли были на уровне плеч.<br><p><i>Движение:</i>&nbsp; опустите тело вперёд в сторону петель. Сгибая руки в локтях, перенесите вес тела на петли, удерживая спину и ноги в выпрямленном положении. Затем вернитесь в исходное положение.</p><em>Рекомендации:</em> сфокусируйте внимание на сохранении ровной линии тела во время движения. Следите за дыханием: во время движения вперёд делайте выдох.','726ac5708dc80e690e81caa09ecccf97','2016-08-04 12:38:15',0,'Фитнес'),(211,1,'Повороты корпуса с нижней тягой','',11,'520685f712de4e347446ec9ae7cdcdc8.png','c2f42236b077b31e37941ba8ee131dfa.png','7b7928046fdf1daaba0f06f63a4ea7aa.png','','<p><em>Дополнительное оборудование:&nbsp; </em>силовой модуль, эластичный трос или торос силовой колонны, петля на руку.</p><em>Исходное положение:</em>&nbsp; стоя. Руки в петле, отведены в сторону крепления троса.&nbsp;<br><p><em>Движение:</em>&nbsp; тяга двумя руками вверх против сопротивления эластичного троса или груза силовой колонны с одновременным поворотом корпуса.</p><p><em>Рекомендации:</em>&nbsp; обратите внимание на то, что нижняя часть туловища остаётся неподвижной, а руки прямыми. Следите за дыханием:&nbsp; в фазе максимального отведения рук вверх - вдох.</p>','e3ad18e4f2c124ea4ce761fb299ecace','2016-08-05 20:32:42',0,'Фитнес'),(212,1,'Вертикальные отжимания обратным хватом','Узкое положение рук',11,'bc324f31661b3a783c67fa1dd945489f.png','f429f89e334a1c0259650b25b78929d9.png','19c76c499134545d1cf7e441c8ecc5c5.png','','<p><em>Дополнительное оборудование:</em> нестабильные опоры, подвеска петлевая малая.</p><p><em>Исходное положение:</em>&nbsp; стоя спиной к точке крепления петель. Ноги на ширине плеч. Руки в петлях узким обратным хватом, выпрямлены перед собой на уровне груди. <br></p><em>Движение:</em>&nbsp; опустите тело вперёд, сгибая руки в локтях, перенесите вес тела на петли, удерживая спину и ноги в выпрямленном положении. Затем вернитесь в исходное положение.<p><i>Рекомендации:</i>&nbsp; сфокусируйте внимание на сохранении ровной линии тела во время движения. Следите за дыханием: во время движения вперёд делайте выдох.</p><br>','49278690db5c3a6223105dba9a4c8f2e','2016-08-07 12:17:48',0,'Фитнес'),(213,1,'Приседания на одной ноге','',11,'4444a4caf24a1f0de7760dd4b4724abd.png','b443c7011a08cb7a80df7a79bdca9a8d.png','37fba5fe2f083c3e7d39b26c3eeea4b2.png','','<p><em>Дополнительное оборудование:</em>&nbsp; нестабильные опоры, разгрузочный модуль, петли для рук 2шт.</p><p><em>Исходное положение:&nbsp; </em>стоя на одной ноге. Руки согнуты в локтях, с опорой на подвеску. Тело на весу. Спина прямая.<br></p><em>Движение:</em>&nbsp; приседания на одной ноге.<br><p><em>Рекомендации:</em>&nbsp; сфокусируйте внимание на сохранении ровной линии спины во время движения.</p><p>Следите за дыханием:<em>&nbsp;</em>во время движения вниз делайте выдох.</p>','0268d5dbab1c7e6ff609e990d4e10bf9','2016-08-07 12:24:58',0,'Фитнес'),(214,1,'Подъём гантелей к плечам, хват сверху','',11,'fc6470278aea1d1946ee94704ddbd065.png','9e1ad753fa7a6799e24af98deeb9d1ad.png','ad7dce7580fa648a583552dda095b603.png','','<p><em>Дополнительное оборудование:</em>&nbsp; гантели 2шт.</p><p><em>Исходное положение:</em>стоя. Ноги на ширине плеч. Руки с гантелями опущены вдоль тела, хват сверху.</p><p><em>Движение:</em>&nbsp; подъём гантелей к плечам, локти разведите в стороны, раскрывая грудную клетку.</p><em>Рекомендации: </em>следите за тем, чтобы спина оставалась прямой. Во время подъёма гантелей вверх - вдох, в исходном положении - выдох.<br>','6f7022675c6cb67e6a2b62a7e4fc2f43','2016-08-08 19:48:28',0,'Фитнес'),(215,1,'Попеременный подъём гантелей вверх','',11,'4d296429236117222e56f65585d0caf9.png','e3e3b91c55699669f75ba6dc9eeebc1d.png','c3cebec20fb0a57d69023666db18d913.png','','<p><em>Дополнительное оборудование: </em>гантели 2шт.</p><p><em>Исходное положение: </em>стоя, ноги на ширине плеч. Гантели в руках, хватом вверх. Одна рука опущена вниз. Рабочую руку с гантелей поднимите над головой, локоть отведите немного назад, чтобы раскрыть грудную клетку.</p><p><em>Движение:</em>&nbsp; поднимайте и опускайте гантели попеременно обеими руками.</p><em>Рекомендации:</em>&nbsp; следите за дыханием!<br>','880c8259107471e6b9acbc479d508ccf','2016-08-08 20:08:38',0,'Фитнес'),(216,1,'Подъём гантелей над головой','',11,'36cd3251a9ea593a9debd236eedcf2ce.png','adf8e0b447c253ded8cc1a29b2df664d.png','fa9c94b12646937d550c9b78074305f1.png','','<p><em>Дополнительное оборудование:&nbsp; </em>гантели 2шт.</p><em>Исходное положение:</em>&nbsp; стоя, ноги на ширине плеч. Гантели в руках, хватом вверх. Руки согнуты в локтях, гантели подняты на уровне головы.&nbsp; <br><p><em>Движение:&nbsp;</em> поднимите гантели над головой и вернитесь в исходное положение.<br></p><p><i>Рекомендации:</i>&nbsp; следите за дыханием!</p>','02ebb77063db4ec4abb938132ad14667','2016-08-08 20:11:14',0,'Фитнес'),(217,1,'Наклон вперёд на прямые руки','',11,'950a9c403ee9c587ebbe1f66477391bc.png','3d0eb46dfba1ab5d13e996cdd9bd9467.png','cb837c0c41e5cfe876ec28a11cb648e7.png','','<p><em>Дополнительное оборудование:</em>&nbsp; нестабильные опоры, подвеска петлевая малая.</p><p><em>Исходное положение:&nbsp; </em>стоя спиной к точке крепления петель. Руки в петлях, выпрямлены и опущены вниз узким хватом.<br></p><em>Движение:&nbsp;</em>опустите тело вперёд на прямые руки. Затем вернитесь в исходное положение.<p><em>Рекомендации:</em>&nbsp; сфокусируйте внимание на сохранении ровной линии тела во время движения. Следите за дыханием: во время движения вперёд делайте вдох.</p>','bb476519d4374d38a5bbfe855418ed3e','2016-08-13 19:43:46',0,'Фитнес'),(218,1,'Разведение рук в стороны','',11,'9b04472806550b4b117dc54805021472.png','84cafe59d29b03582849863c265021a6.png','3c9e7b86879d472c86fb8305f419911d.png','','<p><em>Дополнительное оборудование:</em>&nbsp; нестабильные опоры, подвеска петлевая малая 2шт.</p><em>Исходное положение:</em>&nbsp; стоя лицом к точке крепления подвесок. Руки в петлях с опорой на подвески, хватом вверх, выпрямлены перед собой на уровне груди. Тело на весу.<br><p><em>Движение:</em>&nbsp; поднимайте тело вперёд в сторону петель, одновременно разводя руки в стороны. Вернитесь в исходное положение.</p><em>Рекомендации:&nbsp;</em>сфокусируйте внимание на сохранении ровной линии тела во время движения. Следите за дыханием: во время движения вперёд делайте вдох.<br><br><br>','1c967ba0e1b5bade7e11f7d110f383df','2016-08-13 20:10:33',0,'Фитнес'),(219,1,'Приседание в висе на подвеске','',11,'1269e6f2ca0d0ccd28ebd6e8ef19d417.png','21e3e186db3d437ff0f9ceb0bab7f39e.png','37a9586629353fe48aadb205658cc518.png','','<p><em>Дополнительное оборудование:</em>&nbsp; нестабильные опоры, разгрузочный модуль, петли для рук 2шт.</p><p><em>Исходное положение:</em>&nbsp; стоя, ноги вместе. Руки выпрямлены перед собой, с опорой на подвеску. Тело на весу. Спина прямая.</p><p><em>Движение:</em>&nbsp; приседания в висе на подвесках.</p><p><em>Рекомендации:</em>&nbsp; сфокусируйте внимание на сохранении ровной линии спины во время движения.</p>Следите за дыханием: во время движения вниз делайте выдох.','d743cbdc88955bab3ca507204a969c73','2016-08-13 20:15:57',0,'Фитнес'),(220,1,'Наклон вперёд на прямые руки уровень 3','',11,'491ef75e231cb7213c910f414acefe2c.png','8f94ebb9472182cd590de23056b55582.png','b7b1a29091855bb89fb431672ca0549a.png','','<p><em>Дополнительное оборудование:</em>&nbsp; нестабильные опоры, подвеска петлевая малая.</p><em>Исходное положение:</em>&nbsp; стоя спиной к точке крепления петель, слегка приподнимитесь на цыпочки. Руки в петлях хватом вниз, выпрямлены перед собой на уровне груди.<p><em>Движение:</em>&nbsp; наклоняйте тело вперёд на прямые руки. Затем вернитесь в исходное положение.</p><em>Рекомендации:</em>&nbsp; сфокусируйте внимание на сохранении ровной линии тела во время движения. Следите за дыханием: во время движения вперёд делайте вдох.','f3f74eb0dababd974c75c61e8738700d','2016-08-13 20:24:03',0,'Фитнес'),(221,1,'Вращение туловища в висе','',11,'b84050029a3f864734f8b8936a482315.png','3dad7aa8731bdf64c329ebe24655330e.png','7f758e4787cbb81992ea439d8fd383ca.png','','<p><em>Дополнительное оборудование:&nbsp;</em> нестабильные опоры,&nbsp; петли для рук 2шт.</p><p><em>Исходное положение:&nbsp;</em> стоя, ноги на ширине плеч, колени согнуты на 90°. Одна рука в петле, другая отведена в сторону на уровне груди. Тело на весу. Голова повёрнута в сторону свободной руки.<br></p><p><em>Движение:&nbsp;</em> вращение туловища вправо-влево с одновременным поворотом головы и заведением свободной руки поверх руки в петле.<br></p><em>Рекомендации:</em>&nbsp; сфокусируйте внимание на сохранении ровной линии спины во время движения.<br><p>Следите за дыханием!</p>','0e90165500b6ef2c8bc656e97325d6b4','2016-08-13 20:32:08',0,'Фитнес'),(222,1,'111111111','',11,'2f0c51eefabf619883becc71d9f13c9e.png',NULL,NULL,'','','0f2c13a7afbd45efe88a01f287f73229','2016-09-12 06:04:03',1,'Травматология'),(223,1,'5555555555','',11,NULL,NULL,NULL,'','','b6ef82cad8859f75396dece1b7706d83','2016-09-12 06:32:25',1,'Реабилитация'),(224,33,' Локтевое отведение кисти ','',11,NULL,NULL,NULL,'','<p><i>Дополнительное оборудование</i>: нет</p><p><i>Исходное положение:</i> лежа на спине, под головой валик. Ассистент сгибает руку пациента в в локтевом суставе, кисть поворачивает ладонью внутрь.&nbsp;</p><p><i>Движение: </i>удерживая руку в заданном положении, ассистент наклоняет кисть к наружной стороне предплечья, затем возвращает ее в исходное положение.&nbsp;</p><p><i>Рекомендации:</i> локтевое отведение кисти выполнять медленно, без  излишнего напряжения мышц.</p><br>','7002cf7a2ad5258f89769b77c97cf07b','2016-09-26 13:26:08',1,'Реабилитация'),(225,33,'Сгибание колена лежа на боку','',11,'eceaf18a2f36fae2828102af95cb0129.png','18b725b8b95dbd591164e4095c7dc8df.png',NULL,'','','0f7fedf62802e2f1537a15f559ce53fa','2016-09-26 14:16:40',1,'Реабилитация'),(226,33,'Сгибание колена лежа на боку','',11,'d413a36c25fd63c547028d511b2c2c04.png','88934afe40c08a6056258564db0d4b94.png',NULL,'','','58e74dbd20ebffeba5bae2aa71023cfc','2016-09-26 14:17:28',1,'Реабилитация'),(227,33,'Сгибание колена лежа на боку','',11,'7e4f5fcf3e2e36be938ab6f8e643eb28.png','6982c377e3d30d62bcfb38fd9fb99c3e.png',NULL,'','','bcc8ee6e6cad441709ec259759bf9e83','2016-09-26 14:17:31',1,'Реабилитация'),(228,33,'Сгибание колена, лёжа на боку','',1,'f9876337a9993350e7f957345b63c5db.png','4585831d8b22bf288d322c7d01da9a4d.png',NULL,'','<p><em>Дополнительное оборудование</em>:  валик под голову.</p><p><em>Исходное положение</em>: лёжа на правом боку, ноги выпрямлены.</p><p><em>Движение</em>: ассистент кладёт правую руку на дистальную часть голени и плавным движением отводит ногу максимально назад, согнув её в колене. Затем возвращает конечность в исходное положение.&nbsp;</p><p><em>Рекомендации:&nbsp;</em>следите за дыханием.<br></p><br><p></p>','6ae1609c212b276f6fa34b6faab98e5d','2016-09-26 14:18:57',0,'Реабилитация'),(229,33,'Сгибание колена, лёжа на животе','Пассивная растяжка ',2,'0d3405fed1247fa82f9dbbd2cfd9dc40.png','01af8f28ea00f50adad852d7e2a536ad.png',NULL,'','<p><em>Дополнительное оборудование</em>:  валик под голову.</p><p><em>Исходное положение</em>: лёжа на животе, ноги выпрямлены. Руки согнуты в локтях, ладони и предплечья слегка упираются в поверхность кушетки.</p><p><em>Движение:&nbsp;</em>ассистент левой рукой придерживает пациента за поясницу, правой рукой захватывает дистальную часть правой голени и, плавно сгибая ногу в коленном суставе, максимально приближает её к задней поверхности бедра.</p><p><em>Рекомендации: </em>старайтесь обеспечить максимально мягкую растяжку бедра. Следите за дыханием.<br></p><br>','72794ca8c4ef12df865eedcbba645494','2016-09-26 14:31:35',0,'Реабилитация'),(230,33,'Ротация плеча с поворотом головы','',3,'4e6f279b12780d08942febef42ef1645.png','806dc626818d71ad21324837073316e9.png',NULL,'','<p><em>Дополнительное оборудование: </em>нет.</p><p><em>Исходное положение:&nbsp;</em>лёжа на спине, ноги согнуты в коленях, стопы упираются в пол. Правая рука выпрямлена и отведена в сторону на уровень плеча. Кисть максимально согнута. Голова лежит на ровной поверхности, повёрнута влево.&nbsp;</p><em>Движение: </em>одновременно сгибаете правую руку в локтевом суставе, разгибаете кисть и поворачиваете голову вправо, чтобы увидеть разогнутую кисть.&nbsp;<br><p><em>Рекомендации: </em>следите за тем, чтобы движение было плавным и синхронным. Следите за дыханием!<br></p>','564a6b839ee0f39a18eb9616502e1956','2016-09-26 14:33:17',0,'Реабилитация'),(231,33,'Локтевое отведение кисти','',4,'9e94ea864d8e4240dd5ec6aca1c73e0c.png','b540c788a79d5aa564f0176b68945e4a.png',NULL,'','<p><em>Дополнительно оборудование</em>: валик под голову.</p><p><em>Исходное положение:&nbsp;</em>лёжа на спине. Ассистент сгибает руку пациента в локтевом суставе, кисть поворачивает ладонью внутрь.&nbsp;</p><p><em>Движение: </em>удерживая руку в заданном положении, ассистент наклоняет кисть к наружной стороне предплечья, затем возвращает её в исходное положение.&nbsp;</p><p><em>Рекомендации:&nbsp;</em>локтевое отведение кисти следует выполнять медленно, избегая чрезмерного напряжения мышц. Следите за дыханием!<br></p><br>','e5dd259c276273a7710933a87d8ab6a4','2016-09-26 14:34:55',0,'Реабилитация'),(232,33,'Ротация предплечья','',5,'edda78f836ab2fe143d9415341eb6fe3.png','83fac51e7fb4439759fc6ead305ef5aa.png',NULL,'','<p><em>Дополнительное оборудование</em>: валик под голову.</p><p><em>Исходное положение</em>: лёжа  на спине. Ассистент сгибает руку пациента в локтевом суставе, кисть поворачивает ладонью внутрь.</p><p><em>Движение</em>: удерживая руку в заданном положении, ассистент поворачивает предплечье против часовой стрелки до легкого напряжения мышц, затем поворачивает в обратную сторону.<em><br>Рекомендации</em>: амплитуда вращений предплечья выполняется в щадящем режиме. Следите за дыханием!<br></p>','72389c63214d184dc8a43e136d7a4e2a','2016-09-26 14:36:45',0,'Реабилитация'),(233,33,'Вращение плечевого и тазового пояса','в разные стороны, лёжа на боку',6,'5217a4946a2491b6b9240e4e15ffddef.png','9f9f961af0c7be0152a44cb2da5fb3e1.png',NULL,'','<p><em>Дополнительное оборудование</em>: валик под голову.</p><p><em>Исходное положение</em>: лёжа на боку. Ассистент, стоя сзади, поддерживает\n пациента в области плеча и поясницы.&nbsp;</p><p><em>Движение</em>: ассистент помогает повернуть плечевой пояс назад, а тазовый пояс вращает вперёд. Затем возвращает туловище в исходное положение.&nbsp;</p><p><em>Рекомендации</em>: следите за дыханием!</p>','9ed38fb47ff25a8061123f4f5c60c4b3','2016-09-26 14:40:17',0,'Реабилитация'),(234,33,'Вращение туловища, лёжа на боку','Активное ',7,'61d6a0010c16e8daddbd73cb98471b28.png','39b74dbf7b0618feeaccbe68390da3b8.png',NULL,'','<p><em></em><em>Исходное положение:</em>&nbsp; лёжа на правом боку, правую ногу фиксируете в прямом положении, правую руку сгибаете в локте, кисть отводите за голову. Левая нога согнута в колене под углом 90°, левая рука вытянута вперёд на уровне плеча.&nbsp;</p><p><em>Движение: </em>левую руку отводите назад с одновременным поворотом туловища и головы. &nbsp;&nbsp;</p><p><em>Рекомендации: </em>обратите внимание на синхронность поворота туловища, головы и движения руки. Следите за дыханием!</p>','c09b38133dd977f3eb63cc0584264be4','2016-09-26 14:42:55',0,'Реабилитация'),(235,33,'Разминка на массажном роллере','',8,'f6bf815cccd6ced8f609baeed14c4427.png','e62a05fb4f611f9adabd352aadb8cbac.png',NULL,'','<p><em>Дополнительное оборудование:</em>&nbsp; массажный ролик.</p><em>Исходное положение:</em>&nbsp; лёжа на животе. Правая нога согнута в колене. Левая опирается передней поверхностью бедра на массажный ролик. &nbsp;&nbsp;<p><em>Движение:</em>&nbsp; поступательным движением перекатываете ролик, массируя переднюю поверхность бедра.</p><p><em>Рекомендации:</em>&nbsp; правую ногу отвести максимально в сторону, чтобы не создавать помех для перекатывания ролика. Следите за дыханием!<br></p>','eec9d011da8832bd3fc332650ac28cd5','2016-09-26 14:43:55',0,'Реабилитация'),(236,33,'Отведение прямой ноги','со скручиванием туловища',9,'d42da9fbd86336115e917e3eecb22fa9.png','b117c776e5b551c4b6da0a14ec5e7413.png',NULL,'','<p><em></em><em>Исходное положение: </em>лёжа на спине, ноги выпрямлены, руки разведены в стороны на уровне плеч.&nbsp;</p><p><em>Движение:</em>&nbsp; заведите левую ногу максимально вправо с одновременным поворотом нижней части туловища. Затем повторите движение другой ногой в противоположную сторону. &nbsp;</p><p><em>Рекомендации:</em>&nbsp; совершайте движения плавно.</p><p>Следите за дыханием!</p>','8af65debf3f4ffb817a0cbca0da4f4f7','2016-09-26 14:46:24',0,'Фитнес'),(237,33,'Отведение руки вверх, лёжа на боку','',10,'8fe9a766faa361dd76a0dead06aaa95a.png','ae83f99a833fcadd46cb8fc1edb2fbae.png',NULL,'','<p><em>Исходное положение</em>: лёжа на спине, левая нога согнута в колене и наклонена вправо. Руки лежат вдоль туловища.</p><p><em>Движение:</em>&nbsp; плавно отведите левую руку ладонью вверх за голову, медленно описывая полукруг от туловища к голове.&nbsp;</p><p><em>Рекомендации: </em>следите за тем, чтобы рука при движении оставалась выпрямленной и не отрывалась от пола.<br></p><p>Следите за дыханием!<br></p>','2abcffd3307171a2cfe670cedd52b308','2016-09-26 14:52:28',0,'Реабилитация'),(238,33,'Сгибание колена лежа на боку','',11,NULL,NULL,NULL,'','<p><em>Дополнительное оборудование</em>:  валик под голову.</p>&nbsp;<p><em>Исходное положение</em>: лежа на правом боку, ноги выпрямлены.</p>&nbsp;<p><em>Движение</em>: ассистент кладет правую руку на дистальную часть голени и плавным движением отводит ногу максимально назад, согнув ее в колене. Затем возвращает конечность в исходное положение.&nbsp;</p><p><em>Рекомендации</em>: следите за дыханием.</p>','9c86e3b750c74465bfec727b245ac717','2016-09-26 17:58:55',1,'Реабилитация'),(239,33,'Сгибание колена лежа на животе','',11,NULL,NULL,NULL,'','<p><em>Дополнительное оборудование</em>:  валик под голову.</p><p><em><br></em></p><p><em>Исходное положение</em>: лежа на животе, ноги выпрямлены. Руки согнуты в локтях, ладони и предплечья слегка упираются в поверхность кушетки.</p><p><em>Движение</em>: ассистент левой рукой придерживает пациента за поясницу, правой рукой захватывает дистальную часть правой голени и плавно сгибая ногу в коленном суставе, максимально приближает ее к задней поверхности бедра.</p><p><em>Рекомендации:</em>старайтесь обеспечить максимально мягкую растяжку бедра.</p>','31b167cba9a1d3552975a5ab111c0029','2016-09-26 18:06:37',1,'Реабилитация'),(240,33,'Ротация плеча с поворотом головы','',11,'3eecdf458d027d94df1aa0c3ddb721e2.png','84bf299f11f512d3bbfa83ce4116f0b1.png',NULL,'','<p><em>Дополнительное оборудование</em>: нет</p><br><p><em>Исходное положение</em>: лежа на спине, ноги согнуты в коленях, стопы упираются в пол. Правая рука выпрямлена и отведена в сторону на уровень плеча. Кисть максимально согнута. Голова лежит на ровной поверхности, повернута \nвлево. &nbsp;</p>&nbsp;<p><em>Движение: </em>одновременно сгибаете правую руку в локтевом суставе, разгибаете кисть и поворачиваете голову вправо, чтобы увидеть разогнутую кисть.</p><p><em>Рекомендации</em>: следите затем, чтобы движение было плавным и синхронным.</p><br>','918e804a2d33a511ae89cc65007f832c','2016-09-26 18:23:47',1,'Реабилитация'),(241,33,'123445','',11,NULL,NULL,NULL,'','','53220271d3c74ee1b75e1e1ff628c368','2016-09-26 18:41:41',1,'Реабилитация'),(242,33,'12445','',11,NULL,NULL,NULL,'','jgvghgc','8c2e403191b4a7fe518505712bbd3f92','2016-09-26 18:42:59',1,'Реабилитация'),(243,33,'123','',11,'5e9005cb39984fa4883aec9c922398bf.png',NULL,NULL,'','валпшдуфиаршдф','65f05bb5cd88247bc9b150523eeb43f0','2016-09-26 18:58:49',1,'Реабилитация'),(244,33,'Локтевое отведение кисти','',11,'cc36ff62681852f9dccba559ee1cfa07.png','a793b397db947fdf82c6d0d9e34d4d1a.png',NULL,'','<p><em>Дополнительное оборудование: </em>нет.</p><p><em>Исходное положение</em>: лежа на спине, под головой валик. Ассистент сгибает руку пациента в в локтевом суставе, кисть поворачивает ладонью внутрь.</p><p><em>&nbsp;\nДвижение:</em>удерживая руку в заданном положении, ассистент наклоняет кисть к наружной стороне предплечья, затем возвращает ее в исходное положение. &nbsp;</p><p><em>Рекомендации:</em>локтевое отведение кисти выполнять медленно, без  излишнего напряжения мышц.&nbsp;</p><br>','fe7e251c28c2b201011e4cfe1e55a113','2016-09-26 18:58:55',1,'Реабилитация'),(245,33,'Ротация предплечья','',11,NULL,NULL,NULL,'','<p><em>Дополнительное оборудование</em>: нет.</p><p><em>Исходное положение</em>: лежа  на спине, под головой валик. Ассистент сгибает руку пациента в локтевом суставе, кисть поворачивает ладонью внутрь.</p><p><em>&nbsp;\nДвижение</em>: удерживая руку в заданном положении, ассистент поворачивает предплечье против часовой стрелки до легкого напряжения мышц, затем поворачивает в обратную сторону. &nbsp;</p><p><em>&nbsp;\nРекомендации:</em>амплитуда вращений предплечья выполняется в щадящем режиме.&nbsp;</p><br>','33f14140746d6af8660bd1d7dbb6ff71','2016-09-26 19:01:43',1,'Реабилитация'),(246,33,'Ротация предплечья','',11,NULL,NULL,NULL,'','<p><em>Дополнительное оборудование</em>: валик под голову.</p><p><em>Исходное положение:&nbsp;</em>лежа  на спине. Ассистент сгибает руку пациента в локтевом суставе, кисть поворачивает ладонью внутрь.</p><p><em>&nbsp;\nДвижение</em>: удерживая руку в заданном положении, ассистент поворачивает предплечье против часовой стрелки до легкого напряжения мышц, затем поворачивает в обратную сторону. &nbsp;</p><p><em>&nbsp;\nРекомендации</em>: амплитуда вращений предплечья выполняется в щадящем режиме.</p>','e71614c44a3f14bbd56e6aebd787be5e','2016-09-26 19:08:31',1,'Реабилитация'),(247,33,'Вращение туловища на боку','123',11,NULL,NULL,NULL,'','<p><em>Дополнительное оборудование</em>: валик под голову.</p><p><em>Исходное положение</em>: лежа на боку. Ассистент, стоя сзади, поддерживает\n пациента в области плеча и поясницы.&nbsp;</p>&nbsp;<em>Движение</em>: ассистент помогает повернуть плечевой пояс назад, а тазовый пояс вращает вперед. Затем возвращает туловище в исходное положение.&nbsp;<br><em>Рекомендации</em>: следите за дыханием.','cdb121f20a208d398b29d7525881bb94','2016-09-26 19:31:24',1,'Реабилитация'),(248,33,'Вращение туловища лежа на боку','активное',11,NULL,NULL,NULL,'','<p><em>Дополнительное оборудование</em>: нет.</p><p><em>Исходное положение</em>: лежа на правом боку, правую ногу фиксируете в прямом положении, правую руку сгибаете в локте, кисть отводите за голову. Левая нога согнута в колене  под углом 90 градусов, левая рука вытянута вперед на уровне плеча.</p><p><em>&nbsp;Движение:</em>левую руку отводите назад с одновременным поворотом  туловища и головы. &nbsp;</p><p><em>Рекомендации:</em>обратите внимание на синхронность поворота туловища, головы и движения руки. Следите за дыханием.</p>','ae0aff5cbfb3082ed1c06940b6950146','2016-09-26 19:39:46',1,'Реабилитация'),(249,33,'Разминка на массажном роллере','',11,NULL,NULL,NULL,'','<p><em>Дополнительное оборудование</em>: массажный ролик.</p><em>Исходное положение:</em>лежа на животе. Правая нога согнута в колене. Левая опирается передней поверхностью бедра на массажный ролик. &nbsp;<br><em>Движение: </em>поступательным движением перекатываете ролик, массируя переднюю поверхность бедра&nbsp;<br><em>Рекомендации:</em>правую ногу отвести максимально в сторону, чтобы не создавать помех для перекатывания ролика.&nbsp;','8959bcfce55a176c41d1f333934c886f','2016-09-26 19:43:42',1,'Реабилитация'),(250,33,'Поворот туловища','',11,NULL,NULL,NULL,'','<p><em>Дополнительное оборудование</em>: нет.</p><p><em>Исходное положение</em>: лежа на спине, ноги выпрямлены, руки разведены в стороны на уровне плеч.</p><p><em>Движение:</em>заведите левую ногу максимально вправо с одновременным поворотом нижней части туловища. Затем повторите движение другой ногой в противоположную сторону.&nbsp;</p><p><em>\nРекомендации:</em>совершайте движения плавно, следите за дыханием.</p>','2f03c4651922094f3d8f2a14bf9264af','2016-09-26 19:50:30',1,'Фитнес'),(251,33,'Отведение согнутой ноги','',11,'ca39f9ea85c7ac6d5f9ac090130b6eec.png','b1e717b5aca3fa26618336975ed53915.png',NULL,'','<em>Исходное положение:</em>&nbsp; лёжа на животе, ноги выпрямлены, руки разведены в стороны на уровне плеч.<p><em>Движение:</em>&nbsp; правую ногу сгибаете в колене и максимально отводите влево. Затем повторите движение другой ногой в противоположную сторону.</p><p><em>Рекомендации: </em>следите, чтобы руки, плечи и верхняя часть туловища не отрывались от пола. Следите за дыханием!<br></p><br><br><br>','5ad07edd0e660690f234885d747a106b','2016-09-27 07:57:43',0,'Реабилитация'),(252,33,'Подтягивание верхней части туловища','на подвеске',12,'f523d04d789ad71b1a3239d2c52591d9.png','a566994902b87bf166090f95e0175859.png',NULL,'','<p><em>Дополнительное оборудование:</em>&nbsp; слинги, подвеска узкая.</p><p><em>Исходное положение:</em>&nbsp; лёжа на спине, ноги согнуты в коленях, стопы упираются в пол. Грудной отдел позвоночника разгружен на широкой подвеске, подвешенной на высоте 20-30 см. от пола. Руки заведены за голову.</p><p><em>Движение:</em>&nbsp; прогнитесь через подвеску немного назад, затем плавно согните шейный и грудной отдел позвоночника поднимая туловище вверх.</p><p><em>Рекомендации:&nbsp;</em>следите за дыханием: в исходном положении - вдох, в фазе максимальной группировки  мышц - выдох.</p>','5a3dfa33d0d4a300d6ce0289e037f7e6','2016-09-27 08:00:10',0,'Реабилитация'),(253,33,'Сгибание верхней части туловища','на подвеске',13,'48a80b6c96e60770536a989fd57d43ee.png','25521e3d1fbbc05575b99d140f340a84.png',NULL,'','','ea8a2ed4746f7e4beb51f074f2070c76','2016-09-27 08:00:12',1,'Реабилитация'),(254,1,'Попеременные наклоны бёдер','',163,'8f184df26b25d7e1e83fc1223b538847.png','8c75d1b6269a591f492be8089576ab99.png',NULL,'','<p><em>Исходное положение:</em>&nbsp; лёжа на спине, ноги согнуты в коленях, ступни упираются в пол. Руки разведены в стороны на уровне плеч.</p><p><em>Движение:&nbsp;</em>&nbsp; выполняем&nbsp; наклоны ног поочередно влево/вправо.</p><p><em>Рекомендации:</em>&nbsp; следите за тем, чтобы колени максимально приближались к полу, а плечи и руки не отрывались от пола. Перемещение согнутых ног плавное, с удержанием туловища в прямом положении. Следите за дыханием!</p><br>','c2de34e7f0fc91ff32d8ab30c10b64ba','2016-10-02 20:20:05',0,'Реабилитация'),(255,1,'Подъём гантелей в положении лёжа','',164,'845cd111f6f76e8c7f1daa21ce39e149.png','156b3c6f060c1a5ce803e77512e40cea.png',NULL,'','<br><p><em>Исходное положение:</em>&nbsp; лёжа на спине, ноги согнуты в коленях, ступни упираются в пол. Руки с гантелями разведены в стороны на уровне плеч.</p><p><em>Движение: </em>поднимаете руки вверх и сводите гантели вместе на уровне груди.</p><p><em>Рекомендации: </em>в исходном положении делайте вдох, в момент подъёма рук делайте выдох!</p>&nbsp;<br>','536108920d697b9fe955d795dbeed830','2016-10-03 05:52:14',0,'Фитнес'),(256,1,'Выпрямление ноги на валике','с удержанием стопы на весу',165,'241684a5b792d117c55b3fa7c12bc3b5.png','7f9c2d1f9884f9adeb17641ddc993d35.png',NULL,'','<em>Дополнительное оборудование:&nbsp;</em>&nbsp; валик.<br><p><em>Исходное положение:&nbsp; </em>лёжа на спине с опорой на локти и предплечья. Под коленный сустав подложен маленький валик. Свободная нога согнута, стопа упирается в пол.</p><p><em>Движение:&nbsp; </em>выпрямляете ногу на валике в коленном суставе, отрывая пятку от пола. Удерживаете это положение 20-30 сек., затем опускаете пятку вниз и слегка массируете переднюю поверхность бедра.&nbsp;</p><p><em>Рекомендации:</em>&nbsp; поддерживайте поясничный отдел позвоночника в нейтральном положении,</p><p>голову держите прямо, плечи не втягивайте. Следите за дыханием!<br></p><br>','3cb37557a942351516947a957e692540','2016-11-04 20:41:29',0,'Реабилитация'),(257,33,'Сведение лопаток','',13,'45009c306b2de40b9fa6f785a31bee18.png','5912cfa0e833b7660ab01f733edc71cb.png',NULL,'','<p><em>Исходное положение:</em>&nbsp; лёжа на животе, ноги выпрямлены, руки согнуты в локтях, плечи отведены на 90°.<em><br></em></p><p><em>Движение:</em>&nbsp; плавно поднимите руки через стороны вверх к потолку.<br></p><p><em>Рекомендации:&nbsp; </em>старайтесь, чтобы лопатки были максимально сведены вместе, без резких движений. Следите за дыханием!</p><br>','7594e9892505eae4d78e5a2bed02f8af','2016-11-10 14:22:05',0,'Реабилитация'),(258,33,'Подтягивание грудной клетки вверх','',14,'7ba4df10da39e9626d574dc717195c39.png','18461892ebc550ae1ca5ea372bfa3613.png',NULL,'','<p><em>Исходное положение:&nbsp;</em>лёжа на животе, ноги выпрямлены, руки согнуты в локтях и сведены вместе перед головой, лоб опирается на предплечья.</p><em>Движение:</em>&nbsp; поднимите медленно верхнюю часть туловища и голову над полом.<br><p><em>Рекомендации:</em>&nbsp; прогните поясницу, следите, чтобы плечи и голова находились на одном уровне. В исходном положении делайте вдох, в момент подъёма туловища и головы делайте выдох!</p><br>','71ed946fd12f098c4bca6c72f08219fa','2016-11-14 18:09:48',0,'Реабилитация'),(259,33,'Отведение прямой ноги вверх','в положении лёжа на боку',15,'f4b8adaa7ae6d41c86927e609358a12f.png','1b9ae72f13fcfcd6747b00ee7e29c480.png',NULL,'','<i>Дополнительное оборудование:</i>&nbsp; валик.<br><p><i>Исходное положение:</i>&nbsp; лёжа на боку, ноги выпрямлены, рука согнута в локте, под головой валик.</p><i>Движение:</i>&nbsp; максимально поднимаете ногу вверх и возвращаете её в исходную позицию. &nbsp;<br><p><i>Рекомендации:</i>&nbsp; тяните носок, следите за тем, чтобы нога была прямая и не сгибалась в колене.</p><br>','952bf05c73c43d82d4d9b617bbc61719','2016-11-14 18:14:51',0,'Фитнес'),(260,33,'Поступательные круговые движения ногами','',16,'d5660c79624894263715b48efd4b7642.png','540a3921ccbd1a1fd354c0337a74dc7a.png',NULL,'','<p><em>Исходное положение:</em>&nbsp; лёжа на спине, ноги согнуты и находятся на весу (ступни не упираются в пол), руки лежат вдоль туловища.</p><em>Движение:</em>&nbsp; попеременно делаете поступательные&nbsp; круговые движения ногами,&nbsp; имитируя “езду на велосипеде”.<br><p><em>Рекомендации:</em>&nbsp; следите за широкой амплитудой движений ног и правильным дыханием.</p><br>','a7e226a78d36ff713c24b441e93cbf89','2016-11-14 18:17:18',0,'Фитнес'),(261,33,'Боковое подтягивание ног','',17,'ab048374ea5393b38f28d7d236c51ec8.png','2c80b14926a8ba357f022d2134567199.png',NULL,'','<p><em>Исходное положение:</em>&nbsp; лёжа на боку, ноги выпрямлены, голова опирается на согнутую в локте руку.</p><em>Движение:&nbsp; </em>одновременно медленно поднимите обе ноги над полом, затем верните в исходное положение.<br><em>Рекомендации:</em>&nbsp; спину держите прямо,&nbsp; старайтесь, чтобы уровень стоп при подъёме находился на одной линии с плечом. Следите за дыханием!<br>','bcc3dbba14601fcac4441ced01a17054','2016-11-14 18:37:59',0,'Фитнес'),(262,33,'Отведение прямой ноги назад','в положении лёжа на животе',18,'a2e5561e0af36745f59be8da78df95e7.png','a79b4e4d28aef5af7f8a9ad785580ce9.png',NULL,'','<p><em>Исходное положение:</em>&nbsp; лёжа на животе, ноги выпрямлены, руки вдоль туловища, голова повёрнута на бок.</p><em>Движение:</em>&nbsp; попеременно отводите прямую ногу максимально назад, поднимая её над полом на 45°.<br><p><em>Рекомендации:&nbsp; </em>следите, чтобы плечи и туловище не отрывались от пола. Следите за дыханием!<br></p><br>','c415fd4f8d48803bd81f59ece220f2ba','2016-11-14 18:43:27',0,'Фитнес'),(263,33,'Боковое отведение ноги вверх','',19,'1ad63dbe45e30675a892368f45bcadbf.png','6a05bbf1ee8b3930727c0ec63fb51e14.png',NULL,'','<p><em>Исходное положение:&nbsp;</em> лёжа на левом боку, левая нога прямая, правая согнута в колене и упирается в пол перед левым коленом, голова опирается на согнутую в локте руку.</p><em>Движение:</em>&nbsp; поднимите прямую ногу вверх.<br><p><em>Рекомендации:&nbsp; </em>старайтесь не отрывать</p><p>согнутую&nbsp; ногу от пола, а прямую ногу не сгибать в колене. Упражнение выполняется на обе стороны. Следите за дыханием!</p><br>','3c027763f08e4eb4de3b97d99a0a707a','2016-11-14 18:47:35',0,'Фитнес'),(264,33,'Подтягивание гантелей','в положении лёжа на фитболе',20,'aacfbd5a0d13be279341fbf053322ad5.png','90ef12465361a36fc40668c1c0bcbfc9.png',NULL,'','<p><em>Дополнительное оборудование:&nbsp; </em>фитбол.<br></p><p><em>Исходное положение:</em>&nbsp; лёжа на фитболе лицом вниз, ноги упираются в пол на ширине плеч. Руки с гантелями опущены вниз перед грудью.</p><em>Движение:&nbsp; </em>разведите руки через стороны вверх, образуя плечами почти горизонтальную линию.<br><p><em>Рекомендации:</em>&nbsp; старайтесь удерживать равновесие, следите за дыханием.</p><br>','caf06d027063b267a8afa0e48cf15ebe','2016-11-14 18:50:33',0,'Фитнес'),(265,33,'Отведение голени в сторону','',21,'e66ce1136e96f7c33539fd45bc358517.png','eee5a1bea9e31b47f0651822c469dc20.png',NULL,'','<p><em>Исходное положение:</em>&nbsp; лёжа на боку с опорой на локоть и предплечье, кисть свободной руки упирается в бок,&nbsp; согнутые в коленях ноги сведены вместе.</p><em>Движение:</em>&nbsp; отведите голень и бедро в сторону под углом&nbsp; 90° с одновременным поворотом стопы вниз, а затем&nbsp; возвращайте ногу в исходную позицию.<br><p><em>Рекомендации:</em>&nbsp; следите за тем, чтобы отведённое колено и локоть находились в одной плоскости, старайтесь держать стопы вместе. </p><br>','cfd4e1c3f69254cfdd8f1a0ee201a0de','2016-11-14 18:56:57',0,'Фитнес'),(266,33,'Отведение в стороны рук с гантелями','в положении лёжа на фитболе',22,'b1625713fec23934d63a72513b0b8a41.png','7c8c6f0eac9057bb225b1e957f9417e4.png',NULL,'','<p><em>Дополнительное оборудование:</em>&nbsp; фитбол.</p><p><em>Исходное положение:&nbsp;</em>лёжа, с опорой на фитбол&nbsp; головой и верхней частью спины, ноги на 90° согнуты в коленях, стопы упираются в пол, руки с гантелями вытянуты вверх перпендикулярно туловищу.</p><em>Движение:</em>&nbsp; разведите руки через стороны, образуя плечами почти горизонтальную линию, удерживая&nbsp; кисти с гантелями на весу на уровне головы.<br><p><em>Рекомендации:</em>&nbsp; старайтесь, чтобы руки, туловище и бёдра находились в одной плоскости. Следите за дыханием!</p><br>','5f67019ea6ae093d23d1ff53aff824aa','2016-11-14 19:05:01',0,'Фитнес'),(267,33,'Отведение руки назад','в положении лёжа на фитболе',23,'181056060c806a63b2ebfa1fefef5f07.png','1ba6944a307f024dafa3a2f8dc7d7304.png',NULL,'','<p><em>Дополнительное оборудование:</em>&nbsp; фитбол.<br><em>Исходное положение:</em>&nbsp; лежа на фитболе, стопы и кисти рук упираются в пол.<br><em>Движение:&nbsp; </em>слегка согнутую в локте и кисти левую руку отведите назад с одновременным поворотом&nbsp; туловища и головы.<br><em>Рекомендации:</em>&nbsp; движение выполняйте плавно, обратите внимание на поворот головы, чтобы видеть согнутую кисть. Следите за дыханием!<br><br></p>','5070070002849ff89e247047f4e7e238','2016-11-14 19:14:42',0,'Фитнес'),(268,33,'Сдавливание мяча коленями','',24,'0d3b7870bf853b0715d6ab4dbd609f29.png',NULL,NULL,'','<p><em>Дополнительное оборудование:&nbsp; </em>спортивный мяч.</p><p><em>Исходное положение:</em>&nbsp; лёжа на спине, ноги согнуты в коленях, стопы упираются в пол. Между коленями зажат мяч.</p><em>Движение:</em>&nbsp; пациент сдавливает мяч коленями и удерживает это напряжение 5-15 сек.<br><p><em>Рекомендации:</em>&nbsp; обращайте внимание на то, чтобы статическое напряжение мышц чередовалось с&nbsp; максимальным расслаблением. Следите за дыханием!</p><br>','e3d1e8e486f02ad652866a8b965afc4e','2016-11-14 19:27:48',0,'Фитнес'),(269,33,'Отведение согнутой в колене ноги назад','с опорой на одно колено',25,'4dcfa494059774a78ca56681b2597225.png','a47007903b86ff192790da8ef06aefe1.png',NULL,'','<p><em>Исходное положение:</em>&nbsp; колено-кистевая стойка, кисти на уровне плеч, пальцы одной стопы упираются в пол, другая стопа чуть приподнята.</p><em>Движение:</em>&nbsp; максимально отведите ногу назад, чтобы бедро и стопа находились параллельно полу. <br><p><em>Рекомендации:</em>&nbsp; старайтесь в исходном положении держать спину&nbsp; прямо, а в момент напряжения прогибать её в пояснице. Следите за дыханием: исходное положение вдох, отведение ноги - выдох.</p><br>','1b109c3b5d567d9d00a3dc610c0e5b9d','2016-11-14 19:31:19',0,'Фитнес'),(270,33,'Отведение согнутой в колене ноги','с оодновременным поворотом таза',26,'8fe84643fef890b00d30ab182c6f74ab.png','1cceefd0ec00b6db6e4fcc28cbb1b00d.png',NULL,'','<p><em>Исходное положение:</em>&nbsp; лёжа на боку, ноги согнуты в коленях, голова опирается на плечо согнутой в локте руки.</p><p><em>Движение:</em>&nbsp; отводим свободную ногу вверх с одновременным поворотом таза назад, затем возвращаем конечность в исходное положение.</p><p><em>Рекомендации:</em>&nbsp; следите за тем, чтобы положение туловища оставалось на боку. Следите за дыханием!<br></p><br>','0f02bf0403f01196c1a8c52ea8ef678d','2016-11-14 19:35:19',0,'Реабилитация'),(271,33,'Обратная планка','с опорой на предплечья и локти',27,'b643bb7ba3f650a125f1dbe505267330.png','97f84b56e29d11b6e4785c5a326c459c.png',NULL,'','<p><em>Исходное положение:</em>&nbsp; лёжа на спине, с опорой на локти и предплечья.</p><em>Движение:&nbsp; </em>приподнять таз и бёдра над поверхностью пола.<br><p><em>Рекомендации:&nbsp; </em>старайтесь, чтобы туловище и</p><p>ноги&nbsp; находились на одной линии, держите голову и спину прямо, не сгибайте ноги в коленях. Следите за дыханием!<br></p><br>','26f21356e13fdedc8e3548d56fc099db','2016-11-14 19:39:09',0,'Фитнес'),(272,33,'Одновременное отведение обеих ног назад','',28,'cf5ac94ba684e9cc778dc5f67d64f89d.png','f62d0147422ff8443ed0b38cfada35f9.png',NULL,'','<p><em>Исходное положение:&nbsp; </em>лёжа на животе, ноги выпрямлены, руки вдоль туловища, лицо направлено вниз.</p><em>Движение:</em>&nbsp; одновременное отведение обеих ног над полом на 45°.<br><p><em>Рекомендации:</em>&nbsp; старайтесь не сгибать ноги в коленях, следите за тем, чтобы туловище и таз не отрывались от пола. Следите за дыханием!</p><br>','93282c66b235d214d2a8e332c4291b5d','2016-11-14 19:41:53',0,'Реабилитация'),(273,33,'Отведение согнутых в локтях рук','с лентой эспандером',29,'d342b02aab3473b239e13c326ff57079.png','78b811d9c51311c8341dcb2673e6fbed.png',NULL,'','<p><em>Дополнительное оборудование:</em>&nbsp; силовой модуль, лента эспандер. <br></p><p><em>Исходное положение:</em>&nbsp; лёжа на спине, ноги согнуты в коленях, стопы упираются в пол. Рука согнута в локте на 90°, опирается на пол, предплечье вертикально.</p><p><em>Движение:</em>&nbsp; не отрывая локтя от пола и не разгибая руки, наклоните предплечье в сторону головы, преодолевая сопротивление эспандера. </p><p><em>Рекомендации:</em>&nbsp; следите за дыханием: в исходном положении вдох, в конечном положении - выдох.</p><br>','cab223107c5f4ef337ca67c39665e50d','2016-11-14 19:47:05',0,'Реабилитация'),(274,33,'Отведение прямых рук в стороны','с лентой эспандером',30,'f0748164c2d41ca4b98178abd1ef2b75.png','4f0f4a0da1074b2c0b0be0797423ce64.png',NULL,'','<p><em>Дополнительное оборудование:</em>&nbsp; лента эспандер. </p><p><em>Исходное положение:</em>&nbsp; лёжа на спине, прямые ноги на ширине плеч упираются в ленту эспандер, руки&nbsp; удерживают ленту на уровне бёдер.</p><p><em>Движение:</em>&nbsp; развести руки через стороны до уровня плеч. </p><p><em>Рекомендации:</em>&nbsp; будьте внимательны, чтобы во время движения плечи и предплечья находились под прямым углом к туловищу, старайтесь не сгибать руки в локтях. Следите за дыханием!</p><br>','e0612d8c340a2f20b5500967d252e296','2016-11-14 19:50:30',0,'Реабилитация'),(275,33,'Отведение соединённых рук','',31,'e478f6ef874b89450c499f22bd6f4d14.png','1d8798b10a6fd7626bc7f6573cc928e1.png',NULL,'','<p><em>Дополнительное оборудование:</em>&nbsp; фитбол.</p><p><em>Исходное положение:</em>&nbsp; лёжа на фитболе, ноги согнуты в коленях, стопы упираются в пол, руки выпрямлены перед грудью, кисти соединены.</p><p><em>Движение:&nbsp; </em>потяните руки вправо/влево, имитируя “маятник” с одновременным поворотом головы и плечевого пояса.</p><p><em>Рекомендации:</em>&nbsp; старайтесь, чтобы спина была прижата к фитболу. Следите за дыханием!</p><br>','b64cba509bbbcfba416948cd12de6dab','2016-11-14 19:55:03',0,'Фитнес'),(276,33,'Подъём таза','с удержанием мяча между коленями',32,'e101561eba29a8e20cb74052505d5853.png','306cab8030dd09d4116eb4fa5fe30b97.png',NULL,'','<p><em>Дополнительное оборудование:&nbsp; </em>мяч.</p><p><em>Исходное положение:</em>&nbsp; лёжа на спине, руки вдоль туловища ладонями вниз, ноги согнуты в коленях, стопы упираются в пол. Между коленями зажат мяч.</p><p><em>Движение:&nbsp; </em>помогая себе плечами и стопами, оттолкнитесь и поднимите таз и грудную клетку. Вернитесь в исходное положение.</p><p><em>Рекомендации:</em>&nbsp; старайтесь, чтобы спина оставалась прямая, а бёдра и туловище находились на одной линии. Следите за дыханием!</p><br>','cd8f46163ff13ff45b228b04033f9d32','2016-11-14 19:59:10',0,'Реабилитация'),(277,33,'Отведение рук с эспандером вверх','',33,'0dfc50f053ed5a922dd9e2495dde699a.png','b2d9d70e2c3b54fede6b4c854d56f4df.png',NULL,'','<p><em>Дополнительное оборудование:</em>&nbsp; лента эспандер.</p><p><em>Исходное положение:</em>&nbsp; лёжа на спине, прямые ноги упираются в ленту эспандер, руки над туловищем удерживают эспандер на уровне поясницы.</p><em>Движение:</em>&nbsp; поднимите руки через стороны вверх, направляя ладони от себя.<br><p><em>Рекомендации:</em>&nbsp; следите за дыханием!</p><br>','30fea6fb8eb44e86181d43800524941f','2016-11-14 19:59:42',0,'Реабилитация'),(278,33,'Подтягивание коленей к груди','в положении лёжа на боку',34,'8290c6901106c8f9ef1a61d91f1c46cc.png','c7837ab7b9ca7bfede5556183f04e865.png',NULL,'','<p><em>Исходное положение:</em>&nbsp; лёжа на боку с опорой на локоть и предплечье, кисть свободной руки упирается в пол, слегка&nbsp; согнутые в коленях ноги сведены вместе.</p><p><em>Движение:</em>&nbsp; максимально подтяните колени к груди, а затем поднимите обе ноги вверх, так чтобы голени находились параллельно полу.</p><p><em>Рекомендации:</em>&nbsp; старайтесь держать спину прямо. Следите за дыханием!</p><br>','1f79e4253604a7dd920ae3f0a2eaa522','2016-11-14 20:01:30',0,'Фитнес'),(279,33,'Отведение прямых ног в стороны','в положении лёжа на спине',35,'b3d0013984ec6b4e699dcfcd53edba3f.png','c7fe6e2e0572b59e07993064c17cd3c9.png',NULL,'','<p><em>Исходное положение:</em>&nbsp; лёжа на спине, выпрямленные ноги сведены вместе и подняты вверх под прямым углом к туловищу.</p><p><em>Движение:&nbsp; </em>развести&nbsp; ноги максимально в стороны.</p><p><em>Рекомендации:</em>старайтесь не сгибать ноги в коленях. Следите за дыханием!</p><br>','a1d32570684f9c7af8f4a3705024f661','2016-11-14 20:22:17',0,'Фитнес'),(280,33,'Подтягивание гантелей к плечам','в положении лёжа на фитболе лицом вниз',36,'fc8491d2dc7f7b522f979b99965174bf.png','1fbf336d0d17ae7fd692501db4b3198e.png',NULL,'','<p><em>Дополнительное оборудование:</em>&nbsp; фитбол. </p><p><em>Исходное положение:</em>&nbsp; лёжа на фитболе лицом вниз, ноги упираются в пол на ширине плеч. Руки согнуты в локтях, плечи отведены в стороны&nbsp; на 90°. Предплечья опущены вертикально вниз.</p><p><em>Движение:</em>&nbsp; не выпрямляя рук, поднимите&nbsp; предплечья горизонтально на одну линию с плечевым поясом за счет вращения в плечевых суставах.</p><p><em>Рекомендации:</em>&nbsp; следите, чтобы&nbsp; плечи находились в фиксированном положении. В исходном положении вдох, во время движения – выдох.</p><br>','4f1ca379921d20b79baba7ab205d3a51','2016-11-14 20:41:47',0,'Фитнес'),(281,33,'Выпрямление ноги','в положении лёжа на фитболе лицом вверх',37,'e31578f0147847d55b3b25f2df61e666.png','f0aa798916ea95049c543035215258bf.png',NULL,'','<p><em>Дополнительное оборудование:&nbsp; </em>фитбол.</p><p><em>Исходное положение:&nbsp; </em>лёжа на спине с опорой на фитбол, ноги согнуты в коленях, стопы упираются в пол.</p><p><em>Движение:&nbsp; </em>выпрямить ногу&nbsp;&nbsp; параллельно полу.</p><p><em>Рекомендации:</em>&nbsp; старайтесь держать спину прямо, чтобы бёдра находились на одной линии с туловищем. Следите за дыханием! </p><br>','200c8b204e84ce890233123caff5942c','2016-11-14 20:44:19',0,'Фитнес'),(282,33,'Подъём гантелей перед грудью','в положении лёжа на фитболе лицом вверх',38,'7fe852d4d423047b3466072b6778492a.png','1e26028de12fbbb49481b72cface8af9.png',NULL,'','<p><em>Дополнительное оборудование:</em>&nbsp; фитбол, гантели.</p><p><em>Исходное положение:</em>&nbsp; лёжа на спине, таз свободно свисает, расставьте стопы&nbsp; чуть&nbsp; шире плеч.</p><p><em>Движение:</em>&nbsp; выпрямить руки вверх перпендикулярно туловищу.</p><p><em>Рекомендации:&nbsp; </em>следите за дыханием.</p><br>','d67e2c87aa5d5e6b1cf01c1ee37a965c','2016-11-14 20:47:10',0,'Фитнес'),(283,33,'Тяга назад прямыми руками','',39,'94c0b139a0b9c60c3a444299e59c6bd7.png','3a098782b3a79d47b72df1399aaf28d4.png',NULL,'','<p><em>Дополнительное оборудование:</em>&nbsp; силовой модуль, эластичный трос.</p><p><em>Исходное положение:</em>&nbsp; стоя лицом к точке крепления троса, руки выпрямлены вперёд на уровне поясницы, позвоночник находится в нейтральном положении.</p><p><em>Движение:</em>&nbsp; потяните трос прямыми руками назад, заводя кисти за уровень бёдер.</p><p><em>Рекомендации:&nbsp; </em>старайтесь держать&nbsp; спину прямо, не сгибайте руки. Следите за дыханием!</p><br>','4547fad6d6fef45973dce713da7ded08','2016-11-14 20:53:31',0,'Реабилитация'),(284,33,'Тяга вперёд прямыми руками','',40,'e7bd788f46dc730af0daa088bda07cd8.png','93196f1190d0dd256b5a560ddbc418bd.png',NULL,'','<p><em>Дополнительное оборудование:</em>&nbsp; силовой модуль, эластичный трос. </p><p><em>Исходное положение:</em>&nbsp; стоя спиной к точке крепления троса, нога выставлена вперёд и согнута в колене, туловище немного наклонено вперёд.&nbsp; Разведённые в стороны прямые руки удерживают эластичный трос на уровне плеч.</p><p><em>Движение:</em>&nbsp; соединить прямые руки через стороны перед грудью, преодолевая сопротивление троса.</p><p><em></em>Реабилитация:&nbsp; выполняйте упражнение с опорой на слегка согнутую правую ногу, старайтесь, чтобы другая нога оставалась прямой, и пятка не отрывалась от пола. Следите за дыханием!</p><br>','02c84dd09b4b859def0ca33a1eac97a0','2016-11-14 20:56:20',0,'Реабилитация'),(285,33,'Выпрямление ноги','в положении сидя',41,'00cc6190433ceef76095a7b0521124ef.png','cbd6cbb3fb20b84f78597095880f23be.png',NULL,'','<p><em>Дополнительное оборудование:</em>&nbsp; стул, эластичная лента.</p><p><em>Исходное положение:</em>&nbsp; сидя на стуле, руки удерживают&nbsp; концы эластичной ленты. Одна нога упирается в пол, другая разгружена на весу эластичной лентой, так чтобы согнутое колено было подтянуто к груди. </p><p><em>Движение:</em>&nbsp; удерживая руки перед грудью, выпрямите ногу, преодолевая сопротивление эластичной ленты.</p><p><em>Рекомендации:</em>&nbsp; старайтесь, чтобы локти и предплечья&nbsp; оставались на одном уровне. Следите за дыханием!</p><br>','0810025081e1d25283f62384f159f0ff','2016-11-15 09:33:10',0,'Фитнес'),(286,33,'Разгибание рук из-за головы','',42,'935d51ecbd443226419814e01d9ad940.png','ebbc6eb506b78d85fe7822274c5825b5.png',NULL,'','<p><em>Дополнительное оборудование:</em>&nbsp; эспандер.</p><p><em>Исходное положение:</em>&nbsp; стоя одной ногой на эспандере,&nbsp; ноги выпрямлены, стопы вместе. Согнутые в локтях руки&nbsp; удерживают за головой концы эспандера. </p><p><em>Движение:</em>&nbsp; разогнуть руки из-за головы, преодолевая сопротивление эспандера.</p><p><em>Рекомендации:</em>&nbsp; старайтесь держать спину прямо. Следите за дыханием!</p><br>','973f93cbbfa0808086cf20fa73dbe4a9','2016-11-15 09:36:38',0,'Фитнес'),(287,33,'Тяга назад прямыми руками','',43,'d79b356222076d7bea767cb6dc6a63b7.png','443b21dec7e77b2e42fdef755e6563c3.png',NULL,'','<p><em>Дополнительное оборудование:&nbsp; </em>эспандер.</p><p><em>Исходное положение:&nbsp; </em>стоя одной ногой на эспандере, другая нога выставлена вперёд, туловище наклонено вперёд. Руки удерживают концы эспандера впереди на уровне бедер.</p><p><em>Движение:</em>&nbsp; отведите прямые </p><p>руки через стороны назад, преодолевая сопротивление эспандера.</p><p><em>Рекомендации:&nbsp; </em>следите за тем, чтобы в момент максимального напряжения туловище не отклонялось слишком сильно вперёд,&nbsp; держите&nbsp; голову прямо. Следите за дыханием!</p><br>','d527fee670b14a6936fe562fc330ca9d','2016-11-15 09:39:08',0,'Реабилитация'),(288,33,'Подтягивание троса к груди','',44,'700c50d334151a1ab4f04dc68d3ec0f6.png','b942399e71f9aa9083954813b48bb4ca.png',NULL,'','<p><em>Дополнительное оборудование:</em>&nbsp; эластичный трос.</p><p><em>Исходное положение:&nbsp; </em>стоя лицом к точке крепления троса, одна нога выставлена вперёд. </p><p><em>Движение:</em>&nbsp; подтяните трос к груди, заводя согнутые локти назад. </p><p><em>Рекомендации:</em>&nbsp; не опускайте локти ниже уровня плеч. Старайтесь не наклонять туловище и не отрывать стопы от пола. Не допускайте сильного прогиба в пояснице. Следите за дыханием!</p><br>','06ec3778300d1173d074a375f4ff5272','2016-11-15 09:41:49',0,'Реабилитация'),(289,33,'Внешнее вращение ноги','',45,'6c080f95df5e9035acf365af75a30399.png','f167da714c20dbdb009a400b3af3daae.png',NULL,'','<p><em>Дополнительное оборудование:</em>&nbsp; эластичная лента.</p><p><em>Исходное положение:</em>&nbsp; сидя на коврике, одна нога согнута в колене и упирается в пол. На наружную&nbsp; поверхность стопы надета&nbsp; эластичная лента.</p><p><em>Движение:&nbsp; </em>наклоните стопу вправо/влево.</p><p><em>Рекомендации:</em>&nbsp; при вращениях ступни&nbsp; старайтесь не отрывать пятку от пола. </p><br>','07416630da93e98fa2a127e6e8cdd6bb','2016-11-15 09:51:33',0,'Реабилитация'),(290,33,'Внешнее вращение плеча','',46,'67ae73306f96bdb1d38d9296f93ac7d0.png','5bd811960d6fd905eadb01971d1c241c.png',NULL,'','<p><em>Дополнительное оборудование:</em>&nbsp; эластичный трос.</p><p><em>Исходное положение:</em>&nbsp; сидя на пятках, плечо отведено в сторону на 90°. Предплечье и кисть в горизонтальном положении&nbsp; удерживают эластичный трос.</p><p><em>Движение:</em>&nbsp; не меняя положения плеча, переводим предплечье&nbsp; из горизонтального положения в&nbsp; вертикальное, с преодолением сопротивления эластичного троса.</p><p><em>Рекомендации:</em>&nbsp; старайтесь держать спину и голову прямо. Следите за дыханием!<br></p><br>','6f5c6247ce22767e2d736d1d99d20848','2016-11-15 09:55:44',0,'Реабилитация'),(291,33,'Подъём прямой руки вверх','',47,'40e5954c7d7eb8907d8ce759f483275e.png','da7f8693db5b06038b75e23101f1b8df.png',NULL,'','<p><em>Дополнительное оборудование:</em>&nbsp; гантель, скамья с наклонной спинкой и фиксирующим ремнём.</p><p><em>Исходное положение:</em>&nbsp; сидя на скамье, ремень пристегнут на уровне нижней линии груди, стопы упираются в пол, правая прямая рука удерживается над левым бедром.</p><p><em>Движение:</em>&nbsp; поднимите гантель по диагонали вверх над правым плечом, совершая дугообразное движение от противоположного бедра.</p><p><em>Рекомендации:</em>&nbsp; следите за тем, чтобы рука оставалась прямой.</p><br>','a3421c6d649733781d1666d7784e4386','2016-11-15 10:00:04',0,'Реабилитация'),(292,33,'Круговые движения локтями','в положении лёжа на фитболе лицом вниз',48,'05a9ea78d26844d67a484fd0cc595535.png','70ca38a96752508bc6d6d83c010a798e.png',NULL,'','<p><em>Дополнительное оборудование:</em>&nbsp; фитбол.</p><p><em>Исходное положение:&nbsp; </em>лёжа на фитболе лицом вниз. Согнутые в локтях руки под прямым углом опираются предплечьями на поверхность фитбола, стопы упираются в пол на ширине плеч.</p><p><em>Движение:</em>&nbsp; опираясь локтями на фитбол, описываете круг локтями вместе с мячом, делая&nbsp; вращательные движения плечевыми суставами.</p><p><em>Рекомендации:</em>&nbsp; сохраняя наклонное положение туловища, следите за тем, чтобы спина оставалась прямой.&nbsp; Следите за дыханием!<br></p><br>','2eb1ef30721898e76cf66b4f1d1d299b','2016-11-15 10:07:33',0,'Фитнес'),(293,33,'Планка на боку','#3',49,'2cd020634ea6da43336b678e27959cf6.png','7971c15104766163facf1c2925bb7ffb.png',NULL,'','<p><em>Дополнительное оборудование:&nbsp;</em>гимнастический коврик.</p><p><em>Исходное положение:</em>&nbsp; лёжа на правом&nbsp; боку, туловище на весу с опорой на предплечье и наружный край стопы. Локоть опорной руки находится точно под плечевым суставом, верхняя рука прижата к бедру.</p><p><em>Движение:</em>&nbsp; продолжая удерживать туловище на весу, поднимите левую ногу вверх. Вернитесь в исходное положение.<br></p><p><em>Рекомендации:</em>&nbsp; старайтесь держать голову и туловище прямо и не сгибать опорную ногу. Следите за дыханием!<br></p>','e76a2b789748df37ac5044884f8d30e9','2016-11-16 20:20:34',0,'Фитнес'),(294,33,'Планка с опорой на ладони','',50,'84500a0ea3e941b003fa9140815f736b.png','aeeb104dca236b02b49cc6c027144a15.png',NULL,'','<p><em>Исходное положение:</em>&nbsp; планка с опорой на ладони. Прямые ноги на ширине плеч. Положение рук - ближе к центру. </p><p><em>Движение:</em>&nbsp; опираясь на одну руку, отвести другую через сторону вверх с одновременным поворотом головы, туловища и ног наружу.</p><p><em>Рекомендации:&nbsp; </em>обратите внимание на поворот головы, чтобы видеть отведённую вверх кисть.</p><br>','c7c32baabdb44b845ed6e2e149c697c9','2016-11-16 20:23:21',0,'Фитнес'),(295,33,'Подъём рук с гантелями','в положении сидя',51,'13f636655357d564cf6875c3b8ea21c9.png','aec5622df223ada71665ea53ae6f1417.png',NULL,'','<p><em>Дополнительное оборудование:</em>&nbsp; гантели, стул.</p><p><em>Исходное положение:</em>&nbsp; сидя, ноги согнуты в коленях.</p><p><em>Движение:</em>&nbsp; поднять прямые руки через стороны&nbsp; вверх чуть выше уровня плеч.</p><p><em>Рекомендации:</em>&nbsp; следите за тем, чтобы в конечной позиции гантели были направлены вниз. Следите за дыханием!</p><br>','30f80010148fa4affb9ccbcbec503885','2016-11-16 20:25:22',0,'Реабилитация'),(296,33,'Наклон туловища в сторону','с одновременным подъёмом ноги',52,'fa4eb6dfe6f5c9769ed27cd2cd51c6ef.png','090215451e893124f574295e73289275.png',NULL,'','<p><em>Дополнительное оборудование:&nbsp;</em> стул. </p><p><em>Исходное положение:</em>&nbsp; сидя, ноги согнуты в коленях, кисти лежат на бёдрах ладонями вниз.</p><p><em>Движение:</em>&nbsp; наклонить туловище и голову вправо, одновременно поднимая согнутую левую ногу.</p><p><em>Рекомендации:</em>&nbsp; выполняя наклон, старайтесь опираться на бедро правым предплечьем. Следите за дыханием!</p><br>','fa319a5a52d8aaf35e9e0aa6f0d7bdae','2016-11-16 20:28:09',0,'Реабилитация'),(297,33,'Приведение локтя ','к противоположному колену',53,'cd5913a6586dc4014f6d7fa8c633c099.png','461c2ac00a46102e625b2253bfae5cf7.png',NULL,'','<p><em>Дополнительное оборудование:</em>&nbsp; гимнастический коврик. </p><p><em>Исходное положение:&nbsp; </em>лёжа на спине, правая рука заведена за голову.&nbsp; Ноги согнуты в коленях, стопы упираются в пол. </p><p><em>Движение:</em>&nbsp; правым локтем и плечом потянуться к противоположному колену, при этом левое плечо остается прижатым к полу.</p><p><em>Рекомендации:</em>&nbsp; выполняя упражнение, следите за тем,&nbsp; чтобы стопы стояли неподвижно на полу. Следите за дыханием! </p><br>','09e8ba72ea0e90ed090c7532aa63b947','2016-11-16 20:32:00',0,'Фитнес'),(298,33,'Приседание на одной ноге','',54,'47d7b403565313603fcd3d2de9e042d6.png','579d353475751007b8f42eeefaa29161.png',NULL,'','<p><em>Дополнительное оборудование:</em>&nbsp; табурет.</p><p><em>Исходное положение:</em>&nbsp; стоя на одной ноге, вторая нога опирается стопой на поверхность табурета, руки на поясе.</p><p><em>Движение:</em>&nbsp; сделать приседание на одной ноге, слегка наклонив туловище вперёд, согнув вторую ногу в колене.</p><p><em>Рекомендации:&nbsp; </em>важно, чтобы во время приседания вторая нога не касалась пола. Следите за дыханием!</p><br>','47ecace733ecc17384b88162b6c7300e','2016-11-16 20:33:56',0,'Фитнес'),(299,33,'Приседание с отведением ноги','',55,'2852f3849ae51d4700288ae271321ebb.png','3d3ba6b09d841f83cef434fc8f647640.png',NULL,'','<p><em>Исходное положение:&nbsp;</em> стоя, ноги вместе, руки на поясе.</p><p><em>Движение:</em>&nbsp; отставив правую ногу назад, опуститесь на правое колено, одновременно делая приседание на левой ноге.</p><p><em>Рекомендации:</em>&nbsp; следите, чтобы спина была прямая, а правая голень не касалась пола. Следите за дыханием! </p><br>','8622df24d31c0cb8cd8971dacf53c471','2016-11-16 20:38:20',0,'Фитнес'),(300,33,'Приседание, руки перед грудью','',56,'20599cef8bd7a5acd313cec96c72460e.png','1841f4a259653eaaa0f53822f3a16705.png',NULL,'','<p><em>Исходное положение:</em>&nbsp; стоя, стопы на ширине плеч, руки&nbsp; вытянуты перед грудью, кисти соединены.</p><p><em>Движение:</em>&nbsp; сделайте неглубокое приседание, слегка наклонив туловище&nbsp; вперёд, не отрывая стоп от пола.</p><p><em>Рекомендации:</em>&nbsp; следите, чтобы колени&nbsp; во время приседания двигались по направлению к большим пальцам ног, держите голову прямо. Следите за дыханием!</p><br>','5c0fefa55a234214eea1f0230d324d24','2016-11-16 20:40:54',0,'Фитнес'),(301,33,'Отжимание','',57,'f0f89a7ce60e6da71ecb2e6120e015b5.png','728646401481c31c5a8a7a57480ce822.png',NULL,'','<p><em>Исходное положение:&nbsp; </em>коленно-кистевой упор, руки выпрямлены, ладони на расстоянии ширины плеч. <br></p><p><em>Движение:&nbsp; </em>на вдохе опуститесь, почти касаясь грудью пола, на выдохе вернитесь в исходное положение. </p><p><em>Рекомендации:&nbsp; </em>старайтесь держать спину и голову прямо. Следите за дыханием! </p><br>','fcac140bd68b23ff9c76196b6954b5ef','2016-11-16 20:42:37',0,'Фитнес'),(302,33,'Стойка на одной ноге','с присогнутыми коленями',58,'3c2943299406bc2854adfc03863aeed6.png','f821b6eee8ccc5302f62f672b19da011.png',NULL,'','<p><em>Дополнительное оборудование:&nbsp;</em>баланс-подушка.<br></p><p><em>Исходное положение:</em>&nbsp; встаньте на баланс-подушку (или сверните мат и встаньте на него). Опорная нога слегка присогнута.<br></p><p><em>Движение:</em>&nbsp; поднимите вторую ногу, согнув в колене на 90°. Руки на бёдрах. Старайтесь удержать равновесие.&nbsp;<br></p><p><em>Рекомендации:</em>&nbsp; смените ноги. Следите за дыханием!<br></p>','10c042e4530cb8b2e57496bf9551b409','2016-11-23 19:25:04',0,'Фитнес'),(303,33,'Стойка с поднятием руки и ноги','с опорой',59,'4102eb61ea25eb0d8f0c185f0ff9f462.png','491e9e7eef2965caa410bc70f7d86805.png',NULL,'','<p><em>Дополнительное оборудование:</em>&nbsp; баланс-подушка, стул.<br></p><p><em>Исходное положение:</em>&nbsp; встаньте на баланс-подушку, перед собой поставьте стул и руками держитесь за стул. Расслабьте шею и смотрите прямо перед собой.<br></p><p><em>Движение:</em>&nbsp; плавным движением поднимите одну ногу, согнув её в колене, и противоположную руку. Повторите движение с другой ногой и с другой рукой.<br></p><p><em>Рекомендации:</em>&nbsp; старайтесь держать спину ровно и сохранять равновесие. Следите за дыханием!<br></p><br>','572c788bfc69a4731708c435af5c4e40','2016-11-24 18:58:21',0,'Реабилитация'),(304,33,'Удержание равновесия','на балансировочной платформе',60,'b72836f15fe0e7c9af5ee2a5776c335b.png','6e0dd3c833d363798f8da890d9ef6c6d.png',NULL,'','<p><em>Дополнительное оборудование:&nbsp; </em>балансировочная платформа.<br></p><p><em>Исходное положение:&nbsp; </em>встаньте на балансировочную платформу.</p><p><em>Движение: </em>постарайтесь удержать баланс.<br></p><p><em>Рекомендации:</em>&nbsp; упражнение можно усложнить, если поворачивать голову в разные стороны и закрывать глаза.<br></p><p>Следите за дыханием!<br></p>','b606b59e04ea1c74dc1f747042def39b','2016-11-24 19:07:04',0,'Реабилитация'),(305,33,'Баланс на одной ноге','c согнутым коленом на баланс-подушке',61,'62bbd0cac04fcae7cf023725f4539549.png','4d0ad7cc5e45f23d3bca6faf9f50a157.png',NULL,'','<p><em>Дополнительное оборудование:&nbsp; </em>баланс-подушка<br></p><p><em>Исходное положение:</em>&nbsp; встаньте на баланс-подушку и держите равновесие. <br></p><p><em>Движение:</em>&nbsp; Поднимите одну ногу и согните в колене, стараясь сохранить равновесие как можно дольше. Повторите упражнение с другой ногой. <br></p><p><i>Рекомендации:&nbsp;</i> не опускайте подбородок, смотрите прямо перед собой, старайтесь держать спину прямо. <br></p><p>Следите за дыханием! <br></p><br>','1aad465cb8defe2822f61bb19bba872f','2016-11-24 19:15:34',0,'Реабилитация'),(306,33,'Приседания на балансировочной платформе','',62,'438aeaa7a3086b0a682a10cfcda17006.png','18ae2d06645965763092998836811418.png',NULL,'','<p><i>Дополнительное оборудование:</i>&nbsp; балансировочная платформа.<br></p><p><i>Исходное положение:&nbsp; </i>встаньте на балансировочную платформу. <br></p><p><i>Движение:</i>&nbsp; согните колени примерно на 90°, таз отведите назад. Спину держите прямо и смотрите перед собой. <br></p><p><i>Рекомендации:</i>&nbsp; перед тем, как отвести таз назад, вы можете постоять несколько секунд в присяди.</p><p>Следите за дыханием!<br></p>','1e0e5eef5052c5fa9c7f07b73bced31d','2016-11-24 19:19:55',0,'Реабилитация'),(307,33,'Выпад вперёд','на балансировочную платформу',63,'eec53c18d6e7d1fffba2ae9dbb77b93c.png','4021fd48a07653f0ed8a4678ed17b9c7.png',NULL,'','<p><em>Дополнительное оборудование:&nbsp;</em> балансировочная платформа. <em>Исходное положение:</em>&nbsp; положите балансировочную платформу на пол и встаньте напротив неё. Ноги вместе. Руки опущены.<br></p><p><em>Движение:&nbsp;</em> поднимите одну ногу, сделайте выпад и поставьте ногу на балансировочную платформу. Когда ваша ступня встанет на балансировочную платформу, замедлите движение и остановитесь, когда ваше колено будет под углом </p><p>90°,&nbsp; а тело уйдет в глубокий присяд. Вернитесь в исходную позицию.</p><p><em>Рекомендации:&nbsp; </em>старайтесь держать спину и голову ровно. <br></p><p>Следите за дыханием!<br></p><br>','421ace8a48c9ad182c4c38dfe81fc2fd','2016-11-24 19:30:07',0,'Фитнес'),(308,33,'Приседание на одной ноге','на балансировочной платформе',64,'e7de59bff9481ba34b49ffd7722b6d95.png','600955ddc705b469ac74f90d1ab32422.png',NULL,'','<p><em>Дополнительное оборудование:</em>&nbsp; балансировочная платформа.</p><p><em>Исходное положение:</em>&nbsp; встаньте на балансировочную платформу.<br></p><p><em>Движение:&nbsp;</em>поднимите слегка согнутую ногу и постарайтесь удержать равновесие, стоя на одной ноге. Согните опорную ногу в колене и отведите таз назад.<br></p><p><em>Рекомендации:</em>&nbsp; держите спину прямо и смотрите вперёд. Следите за дыханием!<br></p><br>','f2a9eb03ffffed3e3e01e894e968111f','2016-11-24 20:14:42',0,'Фитнес'),(309,33,'Прыжки на одной ноге на баланс-подушке','',65,'03864a8cafe896db8b069be5a9a76a76.png','de527cd803d6dd43a02a8d90740bab9f.png',NULL,'','<p><em>Дополнительное оборудование:&nbsp;</em>баланс-подушка.</p><p><em>Исходное положение:</em>&nbsp; встаньте на одной ноге на баланс-подушку, руки на поясе.<br></p><p><em>Движение:</em>&nbsp; прыгайте и приземляйтесь на баланс-подушку. Смените ногу.<br></p><p><em>Рекомендации:</em>&nbsp; держите спину прямо, смотрите перед собой. Следите за дыханием.<br></p>','2bed0490c44f0f313e2a2c36a4e351c1','2016-11-28 15:09:13',0,'Фитнес'),(310,33,'Упражнения на баланс-подушке ','с наклонами головы',66,'5b9b1fd272716d32a67eff43046cf7fe.png','5e0303a93a6ffb1ad162e2510b1d4161.png',NULL,'','<p><em>Дополнительное оборудование:</em>&nbsp; баланс-подушка.</p><p><em>Исходное положение:</em>&nbsp; встаньте на баланс-подушку, стопы вместе. <br></p><p><em>Движение:</em>&nbsp; медленно наклоняйте голову вверх и вниз, стараясь удержать равновесие. <br></p><p><em>Рекомендации:</em>&nbsp; при наклоне головы вверх не допускайте болевых ощущений в шейном отделе позвоночника. <br></p><p>Следите за дыханием!<br></p>','6695c4a7d0d4908c78f16d240190386e','2016-11-28 15:18:37',0,'Реабилитация'),(311,33,'Подъём на носочках ','на балансировочной платформе',67,'2b08e3c42dd2d88b5c7bb2509b1c4eaa.png','87b5456888021a75bc3bf0889bd0d80d.png',NULL,'','<p><em>Дополнительное оборудование:&nbsp;</em> балансировочная платформа. </p><p><i>Исходное положение:</i>&nbsp; встаньте на балансировочную платформу и держите равновесие. <br></p><p><i>Движение:</i>&nbsp; приподнимитесь на носочках и тянитесь вверх, пока стопы не примут вертикальное положение. Вернитесь в исходное положение и повторите упражнение. <br></p><p><i>Рекомендации:</i>&nbsp; для начала можете опереться на что-нибудь, чтобы удержать равновесие.</p><p>Следите за дыханием!<br></p>&nbsp;<br>','8ac359f8008274fd29109925426a5019','2016-11-28 15:22:35',0,'Реабилитация'),(312,33,'Баланс на одной ноге с поднятием колена','на балансировочной платформе',68,'666f600191a137cf891de4a03f26fe1a.png','fbedb1bda0153953bf2d62c40d6315f1.png',NULL,'','<p><i>Дополнительное оборудование:</i>&nbsp; балансировочная платформа.<br></p><p><i>Исходное положение:</i>&nbsp; встаньте на балансировочную платформу и держите равновесие. <br></p><p><i>Движение:</i>&nbsp; поднимите одно колено и удерживайте равновесие на одной ноге. Стойте столько, сколько получается держать баланс. Поменяйте ноги. <br></p><p><i>Рекомендации:</i>&nbsp; для начала можете опереться на что-нибудь, чтобы удержать равновесие.</p><p>Следите за дыханием!<br></p><br>','f4a9231952a45b7f360fc7426fa61979','2016-11-28 15:27:15',0,'Реабилитация'),(313,33,'Баланс на коробке и баланс-подушке #1','',69,'953b76c82223a5cf35ad68b203c93186.png','22ea21ee5d305544f2c91e713c4136ff.png',NULL,'','<p><em>Дополнительное оборудование:</em>&nbsp; баланс-подушка, коробка.<em><br></em></p><p><em>Исходное положение:</em>&nbsp; поставьте одну ногу на коробку. Поставьте вторую ногу на баланс-подушку, расположенную напротив коробки.<br></p><p><em>Движение:&nbsp;</em>слегка согните колени и удерживайте равновесие.</p><p><em>Рекомендации:&nbsp;</em>упражнение выполняется с внешней поддержкой ассистента. Следите за дыханием!<br></p>','7e51f22bdbe5ca8c8664aa1b978a2f28','2016-11-28 15:32:29',0,'Реабилитация'),(314,33,'Удержание равновесия на баланс-подушке','с закрытыми глазами',70,'e3498edbe10ec988acfe437f51d497f0.png','0a20eaed6028e42ff0d9e6be932f9225.png',NULL,'','<p><em>Дополнительное оборудование:</em>&nbsp; баланс-подушка.</p><p><em>Исходное положение:</em>&nbsp; встаньте на баланс-подушку,</p><p>стопы расположены близко друг к другу.<br></p><p><em>Движение:</em>&nbsp; закройте глаза и удерживайте равновесие.</p><p><em>Рекомендации:</em>&nbsp; следите за дыханием!<br></p><br>','2809895e2adaaadc345c02ac7c14476a','2016-11-28 15:42:51',0,'Реабилитация'),(315,33,'Сгибание руки на тренировку бицепса','на баланс-подушке',71,'c59b6b81fedb44927420d9729b9f38d1.png','07ecd064f354c359afa4f4d7519dea5a.png',NULL,'','<p><em>Дополнительное оборудование:</em>&nbsp; баланс-подушка,&nbsp; гантели.</p><p><em>Исходное положение:</em>&nbsp; встаньте на баланс-подушку, в каждую руку возьмите по гантели, ладонями вверх. <br></p><p><em>Движение:</em>&nbsp; согните руки в локтях и поднимите гантели на уровень груди. Медленно опустите руки.</p><p><em>Рекомендации:&nbsp; </em>держите спину ровно. Следите за дыханием! <br></p>','350c7193198a3e39adcab83f976cce8d','2016-11-28 15:47:56',0,'Фитнес'),(316,33,'Баланс на одной ноге с наклоном бедра','на балансировочной платформе',72,'e8ed7d8ea7af48ad4e198efd2f3c3a76.png','fba59b5c15b2c2ba3ae2c5defeda258d.png',NULL,'','<p><em>Дополнительное оборудование:</em>&nbsp; балансировочная платформа.</p><p><em>Исходное положение:</em>&nbsp; встаньте на балансировочную платформу и держите баланс. <br></p><p><em>Движение:</em>&nbsp; поднимите одну ногу и вытяните её назад, одновременно направляя бедро вперёд. Удерживайте баланс, насколько это возможно. Повторите упражнение с другой ногой.</p><p><em>Рекомендации:</em>&nbsp; старайтесь держать спину ровно. Обращайте внимание на то, чтобы голова и позвоночник находились в одной плоскости. Следите за дыханием!<br></p>','27e6a08b40c5f1ff24aef41ba65da17a','2016-11-28 15:54:13',0,'Фитнес'),(317,33,'Удержание равновесия на баланс-подушке','с поворотами головы',73,'414b86a25cea2b5376ae5bf7de60d1d5.png','2a232195bec6a5ae6919d5046e338424.png',NULL,'','<p><em>Дополнительное оборудование:</em>&nbsp; баланс-подушка.</p><p><em>Исходное положение:&nbsp;</em>встаньте на баланс-подушку, стопы вместе.<br></p><p><em>Движение:&nbsp;</em>медленно поворачивайте голову влево и вправо, стараясь удержать баланс.</p><p><em>Рекомендации:&nbsp;</em>следите за дыханием!<br></p>','d337138ff0009636223f1c8e27fb3602','2016-11-28 15:58:30',0,'Реабилитация'),(318,33,'Стойка с вытянутой в сторону ногой','с эластичной лентой',74,'dfc7f43da619f3e75141ac20a0e966a9.png','9dbbfec3c4aca46b93d607f317af4ae6.png',NULL,'','<p><em>Дополнительное оборудование:</em>&nbsp; балансировочная платформа.</p><p><em>Исходное положение:</em>&nbsp; встаньте на балансировочную платформу, обернув эластичную ленту вокруг лодыжки. <em>Движение:</em>&nbsp; держите равновесие и вытяните активную ногу назад и в сторону. Колени должны быть прямыми. Повторите упражнение для другой ноги.</p><p><em>Рекомендации:</em>&nbsp; обращайте внимание на то, что спина и колени должны оставаться прямыми. Следите за дыханием!<br></p>','56b131944a67f3ba64ad07519ab6420f','2016-11-28 16:23:43',0,'Реабилитация'),(319,33,'Баланс на одной ноге','с растяжкой бедра',75,'3113f6e3fd60f838c93efd30df5e4ed5.png','aa29e94b1bf03b3ba3e350c2925502c7.png',NULL,'','<p><em>Дополнительное оборудование:</em>&nbsp; балансировочная платформа.</p><p><em>Исходное положение:</em>&nbsp; встаньте на балансировочную платформу и удерживайте равновесие. <br></p><p><em>Движение:</em>&nbsp; поднимите одну ногу и вытяните её назад, старайтесь удержать баланс, стоя на одной ноге как можно дольше. Повторите упражнение для другой ноги. <br></p><p><em>Рекомендации:&nbsp; </em>старайтесь держать спину ровно. Следите за дыханием! <br></p>','16a4ce9ccb4f38c8e9bb76c59f4913ec','2016-11-28 16:36:38',0,'Реабилитация'),(320,33,'Вытягивание руки','в колено-кистевой стойке на баланс-подушке',76,'6c966b3053d6c70eaacd0a1656d2b990.png','bdc389d9d16a739c9b38132761676322.png',NULL,'','<p><em>Дополнительное оборудование:</em>&nbsp; баланс-подушка 4 шт.</p><p><em>Исходное положение:</em>&nbsp; колено-кистевая стойка. Положите баланс-подушку под каждое колено и под каждую руку.<em><br></em></p><p><em>Движение:</em>&nbsp; держите спину прямой и старайтесь удержаться в этом положении, не теряя равновесие. Постарайтесь вытянуть одну руку, не теряя баланс. Повторите упражнение с другой рукой.</p><p><em>Рекомендации:&nbsp; </em>не допускайте сильного прогиба в пояснице, лицо смотрит вниз. Следите за дыханием!<br></p>','b75bb0e0b99331c4ce6538b8e1f88263','2016-11-28 16:45:47',0,'Фитнес'),(321,33,'Поочерёдное движение руками','вверх-вниз, стоя на баланс-подушке',77,'70783a9cd53c21bc9bc73dc0f0a51ead.png','cbf720059fdaa3e36f16f5a563204b3f.png',NULL,'','<p><i>Дополнительное оборудование:</i>&nbsp; баланс-подушка.</p><p><i>Исходное положение:</i>&nbsp; встаньте на баланс-подушку, стопы на ширине плеч. <br></p><p><i>Движение:</i>&nbsp; разведите руки в разные стороны и поочередно двигайте руками вверх и вниз.</p><p><i>Рекомендации:</i>&nbsp; убедитесь, что мышцы ваших бёдер работают над удержанием равновесия. Следите за дыханием!<br></p><br>','7109da530400882bde89fa73e41a112e','2016-11-28 16:51:57',0,'Фитнес'),(322,33,'Бросок ноги с эластичной лентой','в положении стоя на балансировочной платформе',78,'4132722524d550dec933370549edc101.png','0c0f80f0c68f85e82b7475d6f6433608.png',NULL,'','<p><em>Дополнительное оборудование:</em>&nbsp; балансировочная платформа, эластичная лента, силовой модуль.<br></p><p><em>Исходное положение:</em>&nbsp; встаньте на балансировочную платформу, эластичную ленту оберните вокруг лодыжки.<em><br></em></p><p><em>Движение:</em>&nbsp; сохраняйте баланс и согните рабочую ногу в колене и в бедре. Сделайте бросок активной ногой, чтобы максимально выпрямить колено. Повторите упражнение с другой ногой.<br></p><p><em>Рекомендации:</em>&nbsp; старайтесь выполнять движением ногами, удерживая туловище неподвижным. Следите за дыханием!<br></p>','b7a92012bc618bd618b098f2bc29a111','2016-11-28 16:59:48',0,'Фитнес'),(323,33,'Подъём руки и ноги','в колено-кистевой стойке на баланс-подушке',79,'129f57921c404e5c50facd0e66df528e.png','93f5bf46d6d96a8631967376c9b11cd4.png',NULL,'','<p><em>Дополнительное оборудование:&nbsp;</em>баланс-подушка 4 шт.</p><p><em>Исходное положение:</em>&nbsp; колено-кистевая стойка. Положите под кисти и колени баланс-подушки.</p><p><em>Движение:</em>&nbsp; зафиксируйте поясницу и спину в прямом положении, одновременно поднимая руку и противоположную ногу.&nbsp;<br></p><p><em>Рекомендации:&nbsp; </em>Следите за дыханием!<br></p>','52555bd986277389dddf75a75f28c59d','2016-11-28 17:06:02',0,'Фитнес'),(324,33,'Колено-кистевая стойка','на баланс-подушках',80,'250ae130be08e5c8793602634a4cd119.png','16c37f74da72477ac079ff3a6aedcb3e.png',NULL,'','<p><em>Дополнительное оборудование:&nbsp; </em>баланс-подушка 4 шт.</p><p><em>Исходное положение:</em>&nbsp; колено-кистевая стойка. Положите баланс-подушки под каждым коленом и под каждой рукой.<em><br></em></p><p><em>Движение:</em>&nbsp; держите спину прямо и старайтесь удержаться в этой позиции, не теряя равновесие.&nbsp;<br></p><p><em>Рекомендации:</em>&nbsp; лицо смотрит вниз. Следите за дыханием!<br></p>','288a36019a9cd6f288e1edbf327bf729','2016-11-28 17:11:29',0,'Фитнес'),(325,33,'Баланс на одной ноге','с движением рук',81,'2d40a3cc7f823a789e9b5e7d028a2cb7.png','3614d1b493631f6a2d8eaa7663875158.png',NULL,'','<p><em>Дополнительное оборудование:</em>&nbsp; баланс-подушка.</p><p><em>Исходное положение:&nbsp; </em>встаньте на одной ноге на баланс-подушку.<br></p><p><em>Движение:</em>&nbsp; вытяните руки вперёд и вверх, удерживая равновесие.<br></p><p><em>Рекомендации:</em>&nbsp; смотрите прямо перед собой. Следите за дыханием!<br></p>','66f426eec89ab7b4f29f8b7a22483db5','2016-11-28 17:15:37',0,'Фитнес'),(326,33,'Подъём таза','с опорой ноги на баланс-подушку',82,'f788de219cd90345f60a98d63e5477dd.png','5ec5d6e602ba4e352186a04151a6172c.png',NULL,'','<p><em>Дополнительное оборудование:</em>&nbsp; баланс-подушка.</p><p><em>Исходное положение: &nbsp;</em>лёжа на спине. Руки вдоль туловища.&nbsp; Согните ноги в коленях, и расположите стопы на баланс-подушке. Ягодицы втяните. Втяните самую нижнюю и глубокую часть пресса, подтяните пупок к позвоночнику и постарайтесь, чтобы ваш живот стал плоским.<br></p><p><em>Движение:</em>&nbsp; поднимите таз/ягодицы так, чтобы только лопатки соприкасались с полом. Задержитесь в этом положении, а потом медленно вернитесь в исходное положение.<br></p><p><em>Рекомендации:</em>&nbsp; Спина прямая, убедитесь, что во время выполнения упражнения таз и спина находятся в одной плоскости. Следите за дыханием!<br>&nbsp;<br></p><br><br>','68b9fdf5d6f9d65fa32c0f8d44a037cc','2016-11-28 17:26:10',0,'Фитнес'),(327,33,'Баланс с вытянутой ногой','с эластичной лентой',83,'52d9073260ce3b4c3c46113da6ef5bb9.png','dfb8c89520e8b58ab4f1523219ec8045.png',NULL,'','<p><em>Дополнительное оборудование:</em>&nbsp; балансировочная платформа.</p><p><em>Исходное положение:</em>&nbsp; встаньте на балансировочную платформу и оберните эластичную ленту вокруг лодыжек.<em><br></em></p><p><em>Движение:&nbsp; </em>удерживайте равновесие и двигайте активной ногой вперёд и назад. Держите колени прямыми. Повторите упражнение с другой ногой.<br></p><p><em>Рекомендации:</em>&nbsp; следите за дыханием!<br></p>','8dd68c13534fd04a1d0e4f57ab56fcb2','2016-11-28 17:33:55',0,'Фитнес'),(328,33,'Баланс, лёжа на мяче','с опорой ногами на балансировочные борды #2 ',84,'d4c85cec7c131815669485add4061348.png','c908272d964dcd788fd7f5a7ccda1117.png',NULL,'','<p><em>Дополнительное оборудование:</em>&nbsp; фитбол, балансировочные борды.</p><p><em>Исходное положение:</em>&nbsp; сядьте на мяч и поставьте стопы на отдельные балансировочные борды. Затем лягте на мяч так, чтобы на мяче лежали только плечи и верхняя часть спины. руки разведите в стороны.<br></p><p><em>Движение:</em>&nbsp; напрягите ягодичные мышцы и мышцы бёдер и поднимите таз в горизонтальное положение. Зафиксируйте это положение на 3-5 секунд, вернитесь в исходное положение и столько же времени отдохните.<br></p><p><em>Рекомендации:</em>&nbsp; следите за дыханием!<br></p><br>','28b8110443958709f683d67b889acb59','2016-11-28 17:51:46',0,'Фитнес'),(329,33,'Колено-кистевая стойка на баланс-подушке','с вытянутой ногой ',85,'360fd9e6d7fb3af72849ea8772096e5d.png','61fd6f050a962f77b81ab8036fb5f91d.png',NULL,'','<p><em>Дополнительное оборудование:</em>&nbsp; баланс-подушка 4 шт.</p><p><em>Исходное положение:</em>&nbsp; колено-кистевая стойка. Положите баланс-подушку под каждое колено и под каждую руку.<em><br></em></p><p><em>Движение:</em>&nbsp; держите спину прямо, вытяните одну ногу и старайтесь удержать равновесие в этом положении на несколько секунд. Повторите с другой ногой.</p><p><em>Рекомендации:</em>&nbsp; лицо смотрит вниз. Не допускайте сильного прогиба в пояснице. Следите за дыханием!<br></p><br>','0676c96fe6e579c3f99ee3c5e0cf8d4a','2016-11-28 17:58:24',0,'Фитнес'),(330,33,'Стойка на балансировочной платформе','с подъёмом ноги с эластичной лентой',86,'5079cb02455290d88524463ab8056c98.png','26cbc04a306157007153e84d2b4719c5.png',NULL,'','<p><em>Дополнительное оборудование:</em>&nbsp; силовой модуль, эластичная лента, балансировочная платформа.<br></p><p><em>Исходное положение:</em>&nbsp; встаньте на балансировочную платформу, обернув эластичную ленту вокруг лодыжки. Руки на бёдра.<br></p><p><em>Движение:&nbsp;</em>сохраняйте баланс, вытягивая активную ногу назад, вытягивая бедро по максимуму. Верните ногу в исходное положение и повторите упражнение с другой ногой. Колени должны быть прямыми.</p><p><em>Рекомендации:</em>&nbsp; сохраняйте туловище прямым. Следите за дыханием.<br></p>','67c16af382f2266debf93421aa735497','2016-11-28 18:03:58',0,'Фитнес'),(331,33,'Стойка на балансировочной платформе','с движением ноги с эластичной лентой #1',87,'69f39e687c3ad4ef7361a1ce46665678.png','d5cc9060d0ee00cc3cdb7764869816e7.png',NULL,'','<p><em>Дополнительное оборудование:</em>&nbsp; балансировочная платформа, эластичная лента, силовой модуль.</p><p><em>Исходное положение:</em>&nbsp; встаньте на балансировочную платформу, обернув эластичную ленту вокруг одной лодыжки.<br></p><p><em>Движение:</em>&nbsp; сохраняйте баланс и тяните активную ногу вперёд по диагонали таким образом, чтобы она пересекалась с&nbsp; вашей неактивной ногой. Колени держите прямыми. Повторите упражнение с другой ногой.</p><em>Рекомендации:</em>&nbsp; держите спину ровно, смотрите прямо перед собой. Следите за дыханием!<br>','0cd51e2243358541b3bd42dde65367af','2016-11-29 19:16:12',0,'Фитнес'),(332,33,'Прыжки из стороны в сторону','между балансировочными платформами',88,'21272a9c009896ee2aa16c36684bd9b2.png','d54a7ff1c0dec67b42dd7f4fc0ecc0e5.png',NULL,'','<p><em>Дополнительное оборудование:</em>&nbsp; балансировочная платформа 2 шт.</p><p><em>Исходное положение:</em>&nbsp; положите на пол две балансировочные платформы на некотором расстоянии друг от друга.<br></p><p><em>Движение:</em>&nbsp; держите руки на поясе и прыгайте из стороны в сторону с одной балансировочной платформы на другую.<br></p><p><em>Рекомендации:</em>&nbsp; убедитесь, что колени и пальцы ног смотрят в одном направлении. Следите за дыханием!<br></p>','5876227173caef6bbb386f03004b6dbe','2016-11-29 19:21:02',0,'Фитнес'),(333,33,'Чеканка мячом','на балансировочной платформе',89,'b55f5c6f0c287933b0d3722572514a46.png','7c0b04214ee715b6472cf43e7eeaaf35.png',NULL,'','<p><i>Дополнительное оборудование:</i>&nbsp; балансировочная платформа, мяч. <br></p><p><i>Исходное положение:</i>&nbsp; встаньте на одну ногу на балансировочной платформе и сохраняйте равновесие.</p><p><i>Движение:&nbsp;</i> активной ногой подкидывайте мяч вверх, не давая ему коснуться земли.</p><p><br></p>','64dec3f02fb2919a99fb8d75d3474188','2016-11-29 19:44:19',0,'Фитнес'),(334,33,'Прыжки из стороны в сторону','на балансировочной платформе',90,'0047df18b89bb77701e688d2aa9c941f.png','f76de43e06f9fe36e59caa74df6e0fd0.png',NULL,'','<p><i>Дополнительное оборудование:</i>&nbsp; балансировочная платформа.<br></p><p><i>Исходное положение:</i>&nbsp; встаньте рядом с балансировочной платформой, руки на поясе. <br></p><p><i>Движение:</i>&nbsp; прыгайте на одной ноге из стороны в сторону и приземляйтесь на одной ноге на балансировочную платформу. Прыгайте на одной ноге обратно на пол, приземляйтесь на другую ногу и повторяйте действие. <br></p><p><i>Рекомендации:</i>&nbsp; Убедитесь, что колени и пальцы ног смотрят в одном направлении. Следите за дыханием!<br></p>','b4ef0eaa8e7dc7785d274c7c7c89bf5a','2016-11-29 19:48:28',0,'Фитнес'),(335,33,'Баланс с отведением ноги в сторону','с эластичной лентой #2',91,'5de30ea556dd1f8721cd779140b8c933.png','3f4864186f8e7d1e238d0e613b2cd226.png',NULL,'','<p><em>Дополнительное оборудование:&nbsp;</em>балансировочная платформа, эластичная лента.</p><p><em>Исходное положение:</em>&nbsp; встаньте на балансировочную платформу, обернув эластичную&nbsp; ленту вокруг лодыжек.</p><p><em>Движение:</em>&nbsp; сохраняйте равновесие и двигайте активной ногой в сторону и обратно. Колени прямые. Повторите упражнение с другой ногой.&nbsp;<br></p><p><em>Рекомендации:</em>&nbsp; удерживайте туловище в прямом положении. Следите за дыханием!<br></p>','e272bc481bca73002bdd316555f71224','2016-11-29 20:05:13',0,'Фитнес'),(336,33,'Приседания на баланс подушках','на подвеске',92,'d54c48aedd9bfb054158c5bbb9823c99.png','c62144260b8bb81c401ff3ce9159c907.png',NULL,'','<p><em>Дополнительное оборудование:&nbsp;</em>баланс-подушка 2шт., нестабильные опоры, подвеска узкая.</p><p><em>Исходное положение:</em>&nbsp; встаньте на баланс-подушки и держитесь двумя руками за подвески на уровне плеч. Зафиксируйте живот и поясницу.<br></p><p><em>Движение:</em>&nbsp; наклоните корпус, согнув бёдра и колени. Сохраняйте баланс с помощью подвесок.<br></p><p><em>Рекомендации:</em>&nbsp; чтобы немного усложнить упражнение, попробуйте удерживать равновесие на балансировочной платформе, стоя на одной ноге.</p><p>Следите за дыханием!<br></p>','55e77c54cea8219d2bd853ff2e7ab7fc','2016-11-29 20:11:40',0,'Фитнес'),(337,33,'Баланс со скрещиванием ног','с эластичной лентой #2',93,'9cdcae974a6ca0f47c90ec5767d88314.png','82d93be5744ba56773fc9c69133fb3bd.png',NULL,'','<p><em>Дополнительное оборудование:&nbsp;</em>балансировочная платформа, эластичная лента.<br></p><p><em>Исходное положение:</em>&nbsp; встаньте на балансировочную платформу, закрепите эластичную ленту вокруг лодыжек.</p><p><em>Движение:</em>&nbsp; сохраняйте баланс и тяните активную ногу вперёд по диагонали так, чтобы она пересекала вашу неактивную ногу. Колени держите прямо. Повторите упражнение с другой ногой.&nbsp;</p>','b894685bb31970054e120ca23930dc89','2016-11-29 20:16:18',0,'Фитнес'),(338,33,'Выпады в сторону ','с балансировочной платформы',94,'33fe449b325198dfe40d41a4369ffc09.png','3effed5875baacd512e1080931a29ecc.png',NULL,'','<p><em>Дополнительное оборудование:</em>&nbsp; балансировочная платформа.<br></p><p><em>Исходное положение:</em>&nbsp; встаньте на балансировочную платформу. Руки на поясе. <br></p><p><em>Движение:</em>&nbsp; сделайте выпад в сторону и вниз с балансировочной платформы, опорная нога согнута в колене. Оттолкнитесь и встаньте мягко обратно на балансировочную платформу. <br></p><p><em>Рекомендации:</em>&nbsp; следите за дыханием!<br></p>','91d8899ebe5efd58c68ad7441a9ef94e','2016-11-29 20:22:38',0,'Фитнес'),(339,33,'Выпады в сторону ','на балансировочную платформу',95,'feef83e925598e1929a0e20d6bd0e721.png','feb51634ccf8eab7f2a81898986395b9.png',NULL,'','<p><em>Дополнительное оборудование:&nbsp;</em> балансировочная платформа.</p><p><em>Исходное положение:</em>&nbsp; встаньте на полу рядом с балансировочной платформой, руки на поясе. <br></p><p><em>Движение:</em>&nbsp; сделайте выпад в сторону одной ногой и встаньте стопой на балансировочную платформу. Согните колено ноги, которая стоит балансировочной платформе. Оттолкнитесь и верните ногу на исходную положение. <br></p><p><em>Рекомендации:&nbsp; </em>удерживайте спину в прямом положении. Следите за дыханием!<br></p>','e8a9a4776c9c64e745c171b4797430b1','2016-11-29 20:27:17',0,'Фитнес'),(340,33,'Планка с опорой на локти','на баланс-подушке',96,'fe1b662db6dfc3224956e5269ae5a364.png',NULL,NULL,'','<p><em>Дополнительное оборудование:</em>&nbsp; баланс-подушка 2 шт.</p><p><em>Исходное положение:&nbsp;</em>встаньте в позицию планки, оперевшись на пальцы ног и локти. Под каждый локоть положите баланс-подушку.<br></p><p><em>Движение:</em>&nbsp; убедитесь, что ваш пресс и спина неподвижны и задержитесь в этом положении.</p><p><em>Рекомендации:&nbsp;</em>сохраняйте туловище прямым. Следите за дыханием!<br></p>','3779f25ad96ad4602f27bdc5e684ec48','2016-11-29 20:33:42',0,'Фитнес'),(341,33,'Сгибание бедра','на подвеске #2',97,'a8671624be305a217ac34cc7dfb999a6.png','166303448422b3a6e12406e8dec57ffc.png',NULL,'','<p><em>Дополнительное оборудование:</em>&nbsp; нестабильные опоры, подвеска узкая, баланс-подушка.</p><p><em>Исходное положение:</em>&nbsp; лёжа на животе, локти на баланс-подушке, ноги разгружены&nbsp; на подвеске чуть выше лодыжек. Высота подвешивания 30-40 см. от пола.<br></p><p><em>Движение:&nbsp; </em>поднимите таз так, чтобы туловище и ноги образовывали одну прямую линию. Поочерёдно подтягивайте ноги к грудной клетке, согнув бедро и колено. Вернитесь в исходное положение.<br></p><p><em>Рекомендации:&nbsp; </em>не допускайте излишнего перегиба в пояснице и не запрокидывайте голову вверх. Следите за дыханием.<br></p><br>','130c28cb58b6ebcafd72f0b7aeb13722','2016-11-30 10:53:31',0,'Реабилитация'),(342,33,'Отжимания на подвесках','',98,'9edf5d20317269ecc864fa4cee4e47c5.png','fa6ec7d9cb1525d7e5c6266db18dda48.png',NULL,'','<p><em>Дополнительное оборудование:&nbsp; </em>баланс-подушка 2 шт., нестабильные опоры, подвеска петлевая малая.<br></p><p><em>Исходное положение:</em>&nbsp; встаньте коленями на баланс-подушку и руками возьмитесь за петли. Зафиксируйте пресс и поясничный отдел спины.<br></p><p><em>Движение:</em>&nbsp; медленно наклоняйте корпус, сгибая локти до тех пор, пока руки не будут на одном уровне с грудной клеткой. Медленно отклонитесь назад, выпрямляя локти.</p><p><em>Рекомендации:</em>&nbsp; следите за дыханием.<br></p>','72aeae9b5bec452c79daa1661bd437c8','2016-11-30 10:59:04',0,'Реабилитация'),(343,33,'Сенсомоторное упражнение','на мышцы спины #1',99,'3a5ed77b62a0c833fd597534a8a8ee03.png','689d0c5d78cf28e6f5944e3ddc9f2ab0.png',NULL,'','<p><em>Дополнительное оборудование:&nbsp;</em>баланс-подушка, силовой модуль, манжета на голень.</p><p><em>Исходное положение:</em>&nbsp; сядьте на баланс-подушку, выпрямив ноги прямо перед собой. Ноги разгружены с помощью силового модуля, манжета закреплена вокруг лодыжек. Руки скрестите на груди, зафиксируйте пресс и поясницу.<br></p><p><em>Движение:&nbsp; </em>поочерёдно притяните ноги к груди, сгибая колени и бёдра.</p><p><em>Рекомендации:&nbsp;</em>следите за дыханием.<br></p>','d453d594c5eac1e5ed5638958524a710','2016-11-30 11:04:57',0,'Реабилитация'),(344,33,'Сгибание туловища на подвеске',' ',100,'e2fd02ca7d6009e61314aece0b47452f.png','455789e236c2e6aa0997c907ce0489c7.png',NULL,'','<p><em>Дополнительное оборудование:</em>&nbsp; нестабильные опоры, баланс подушка, петля узкая.<br></p><p><em>Исходное положение:</em>&nbsp; лёжа на животе, локти на баланс подушке, ноги на подвеске чуть выше лодыжек на высоте 30-40 см. от пола. Колени присогнуты.<br></p><p><em>Движение:</em>&nbsp; приподнимите таз вверх. Вернитесь в исходное положение.<br></p><p><em>Рекомендации:</em>&nbsp; следите за дыханием.<br></p>','db243254062ed2b32539da8eaa1e2a41','2016-11-30 11:13:52',0,'Реабилитация'),(345,33,'Укрепление приводящих мышц бедра','на подвеске',101,'a2251181062bd6190353ba24feab4d30.png','9b3d7d4224d865efdd7a08aa0abc7dbd.png',NULL,'','<p><em>Дополнительное оборудование:&nbsp; </em>баланс подушка, нестабильная опора, подвеска узкая.<em><br></em></p><p><em>Исходное положение: </em>лёжа на боку, под плечом балансировочная подушка, рука выпрямлена вдоль тела. Верхняя нога на подвеске чуть выше лодыжки на высоте 60 см. от пола.<br></p><p><em>Движение:</em>&nbsp; одновременно поднимите таз и приведите нижнюю ногу к верхней ноге. Вернитесь в исходное положение.</p><p><em>Рекомендации:</em> обращайте внимание на то, чтобы туловище и ноги были на одной линии. <br></p>','5d6f4796819d763a9567e491302fd9ff','2016-11-30 11:54:55',0,'Фитнес'),(346,33,'Поясничный контроль','с отведением рук вверх, сидя на баланс-подушке',102,'5c7a7b59d7d15a67b1c5f9ca45ea4558.png','1d1898f86c1eacdc38764e4bfdb897e2.png',NULL,'','<p><em>Дополнительное оборудование: </em>стул, баланс подушка.</p><p><em>Исходное положение:</em>&nbsp; сидя на стуле на баланс подушке.<br></p><p><em>Движение</em>:&nbsp; зафиксируйте спину в прямом положении,&nbsp; поднимите обе руки прямо перед собой ладонями от себя. Опустите руки в исходное положение.</p><p><em>Рекомендации:</em>&nbsp; держите спину ровно, не допускайте переразгиба шейного и поясничного лордоза. Следите за дыханием!<br></p>','fca7c58fce037fd594ffb05c02a1d88e','2016-11-30 12:04:06',0,'Реабилитация'),(347,33,'Поясничный контроль с отведением рук','в стороны, сидя на баланс-подушке',103,'0fd3fc61f3b6b5841c584ce3e1b3fd3d.png','db4eaae404b119c7f0a5b77537f43052.png',NULL,'','<p><em>Дополнительное оборудование:</em>стул, баланс-подушка.</p><p><em>Исходное положение:</em>&nbsp; сидя на стуле на баланс-подушке.</p><p><em>Движение:</em>&nbsp; зафиксируйте спину в прямом положении,&nbsp; поднимите обе руки через стороны вверх, ладонями вниз, до уровня плеч. Опустите руки в исходное положение.</p><p><em>Рекомендации:</em>&nbsp; контролируйте положение поясницы. Следите за дыханием!</p>','a1dca9b6a1ab4d1630fd92368946fcd9','2016-11-30 12:13:04',0,'Реабилитация'),(348,33,'Сгибание бедра','на подвеске',104,'91f5291d5e015d3cf055b6c7c284e80c.png','8d94d8387acb1ea7383182a908369a05.png',NULL,'','<p><em>Дополнительное оборудование:</em>&nbsp; баланс-подушка, разгрузочный модуль, петли для лодыжек.&nbsp;<br></p><p><em>Исходное положение:</em>&nbsp; лёжа на животе, локти на баланс-подушке, ноги разгружены на петлях и закреплены чуть выше лодыжек. Высота крепления петель - на уровне плеч.<br></p><p><em>Движение:</em>&nbsp; согните бёдра с прямыми коленями, и поднимите таз максимально вверх. Вернитесь в исходную позицию.</p><p><em>Рекомендации:</em>&nbsp; следите за дыханием.<br></p>','28b4ab8ba580f4223a3a44a7d70e30c2','2016-12-01 07:58:01',0,'Реабилитация'),(349,33,'Контроль движений верхний части спины','',105,'cd06748a8a1676b34ec1597ff6f30a89.png','eea45f3fbbe43592dc8162678a65c564.png',NULL,'','<p><em>Дополнительное оборудование:&nbsp;</em>баланс-подушка, разгрузочный модуль, эластичный трос, петли для рук.<br></p><p><em>Исходное положение:</em>&nbsp; лёжа на животе. Подложите под живот и грудную&nbsp; клетку баланс-подушку, узкие петли вокруг запястий.</p><p><em>Движение:</em>&nbsp; поднимите верхнюю часть спины и шею, а потом вытяните руки над головой.</p>','858ce042ff45b1ce96840761c80911b5','2016-12-01 08:04:39',0,'Реабилитация'),(350,33,'!!! ЗАМЕНИТЬ','',106,'4e48cee27201e28dc3e6bfa32972c01c.png','c0091addad79b04365e8ca41b892dad0.png',NULL,'','<p><em>Дополнительное оборудование:</em>&nbsp;<br></p><p><em>Исходное положение:</em>&nbsp;<br></p><p><em>Движение:</em>&nbsp;<br></p><p><em>Рекомендации: </em><br></p>','f65202b984f0e06b778c08e95ffb53ed','2016-12-01 08:12:25',0,'Реабилитация'),(351,33,'Мобилизация глубоких мышц спины','на подвеске #2',107,'ef8333ca7aff8e04f83ea4d286ae077c.png','7fe868c1d9ead8c59d2515e71ee894dd.png',NULL,'','<p><em>Дополнительное оборудование:</em>&nbsp; баланс-подушка, разгрузочный модуль, нестабильные опоры, подвеска петлевая.<br></p><p><em>Исходное положение:</em>&nbsp; сядьте на баланс-подушку, ноги вытяните прямо перед собой, ремень оберните вокруг обеих лодыжек. Скрестите руки на груди и зафиксируйте живот и поясницу.<br></p><p><em>Движение:&nbsp;</em>подтяните обе ноги к верхней части корпуса, согнув бёдра и колени. Медленно вернитесь в исходное положение, контролируя движения.</p><p><em>Рекомендации:&nbsp; </em>удерживайте спину прямой. Следите за дыханием!<br></p>','0c4fa458783221bc0e52c257601e911b','2016-12-01 08:19:20',0,'Реабилитация'),(352,33,'Мобилизация локальных мышц бедра','на подвеске #2',108,'0e2650418f6e12829cfb8e0228dc645d.png','3643b01b61f657099561692c7aaddaf7.png',NULL,'','<p><em>Дополнительное оборудование:</em>&nbsp; разгрузочный модуль, нестабильные опоры, подвеска широкая, баланс-подушка.</p><p><em>Исходное положение:</em>&nbsp; встаньте на локти, положите под каждый локоть баланс-подушку, лодыжки расположите на широкой подвеске. Высота подвешивания - на уровне плеч.<br></p><p><em>Движение:</em>&nbsp; подтяните колени к груди, одновременно поднимая таз вверх.<br></p><p><em>Рекомендации:&nbsp;</em>чтобы сделать упражнение более неустойчивым, можете закрепить подвеску вокруг каждого колена. Следите за дыханием!<br></p>','1a947ebc876c1c91ba12c71b189e058b','2016-12-01 08:24:09',0,'Реабилитация'),(353,33,'Активизация хамстрингов #4','',109,'eaa4c08417cfc6fe181f9b86b045c248.png','eb51c45508ea0c092983a7884f446faf.png',NULL,'','<p><em>Дополнительное оборудование:</em>&nbsp; нестабильная опора, подвеска узкая, баланс подушка.<br></p><p><em>Исходное положение:</em>&nbsp; лёжа на спине, баланс подушка под верхней частью спины. Руки скрещены на груди, ноги разгружены на подвеске чуть выше лодыжек.</p><p>Высота подвешивания - 20 см. над полом.</p><p><em>Движение:</em>&nbsp; поднимите бёдра так, чтобы туловище и ноги выпрямились в одну линию, пятками тяните манжету вниз. Согните одно колено, потом другое как можно ближе по направлению к копчику. Вернитесь в исходное положение.</p><p><em>Рекомендации:</em>&nbsp; избегайте опускания таза. Следите за дыханием!.<br></p><br>','91fa096334825afde13879b85b53554f','2016-12-01 12:30:52',0,'Фитнес'),(354,33,'Выпрямление ног,  лёжа на животе','#5',110,'c3be196fa9db789aac36090502157990.png','e88b7235e59807443bdbf9240b8b2c42.png',NULL,'','<p><em>Дополнительное оборудование:</em>&nbsp; силовой модуль, манжета на голень, балансировочный коврик.<br></p><p><em>Исходное положение:&nbsp;</em>планка на локтях, локти на балансировочном коврике, стопы в манжете. Колени согнуты на 90°. Отрегулируйте высоту подвешивания стоп таким образом, чтобы колени не касались пола.&nbsp;<br></p><p><em>Движение:</em>&nbsp; выпрямите колени, толкая лодыжки в манжете вниз таким образом, чтобы корпус выпрямлялся. Вернитесь в исходное положение.&nbsp;<br></p><p><em>Рекомендации:&nbsp;</em>убедитесь, чтобы в конечном положении туловище и ноги находились в одной плоскости, не допускайте прогиба в пояснице. Следите за дыханием!<br></p>','f2d0e181a62a5a18e26c951353c92c03','2016-12-01 12:45:03',0,'Фитнес'),(355,33,'Сгибание бедра','на подвеске #5',111,'2139d5f9b25e33ab17540bc592020255.png','880eb5bee3229bf9cedc427e1057684c.png',NULL,'','<p><em>Дополнительное оборудование: </em>нестабильные опоры, подвеска узкая, баланс подушка.<br></p><p><em>Исходное положение:</em>&nbsp; планка на животе. Локти на баланс подушках. Ноги разгружены на подвеске чуть выше лодыжек, высота подвешивания&nbsp; 30-40см. от пола.<br></p><p><em>Движение:</em>&nbsp; поднимите таз так, чтобы туловище выпрямилось. По очереди подтягивайте ноги к груди, сгибая бёдра и колени — как при езде на велосипеде. Вернитесь в исходное положение.<br></p><p><em>Рекомендации:&nbsp; </em>следите за дыханием.<br></p>','8d7649989202480e417ea388b202e675','2016-12-01 12:56:07',0,'Фитнес'),(356,33,'Активизация хамстрингов #5','',112,'79eca5f76e72e849291f535d6adc879e.png','5d7794f0f46e01d070b78980129cbda6.png',NULL,'','<p><em>Дополнительное оборудование: </em>нестабильные опоры, баланс подушка, подвеска узкая.<br></p><p><em>Исходное положение:</em>&nbsp; лёжа на спине, баланс подушку расположите под верхнюю часть спины. Руки скрещены на груди. Ноги разгружены на узкой подвеске чуть выше лодыжек, высота подвешивания - 20 см. над полом.<br></p><p><em>Движение:</em>&nbsp; согните колени и тянитесь пятками как можно ближе к копчику, поднимая бёдра вверх. Вернитесь в исходное положение.<br></p><p>Рекомендации:&nbsp; контролируйте положение таза. Следите за дыханием!<br></p><br>','9b802cad6997b0d56c571d51b943f378','2016-12-01 13:09:26',0,'Фитнес'),(357,33,'Планка на спине','на подвеске #2',113,'73c344e7cc7a467acd12e6a928a0abf2.png','790efe3677cdacb6ccac8b0f1a9b4549.png',NULL,'','<p><em>Дополнительное оборудование:</em>&nbsp; нестабильные опоры, подвеска узкая, баланс подушка.</p><p><em>Исходное положение:</em>&nbsp; лёжа на спине, баланс подушка под верхней частью спины. Руки скрещены на груди. Ноги разгружены на узкой подвеске чуть выше лодыжек, высота подвешивания - 50 см. над полом.<br></p><p><em>Движение:</em>&nbsp; поднимите бёдра так, чтобы ноги и туловище выпрямились в одну линию. Удерживайте это положение несколько секунд. Вернитесь в исходное положение.<br></p><p><em>Рекомендации:</em>&nbsp; Следите за дыханием!<br></p>','e464eb648d0e0323509df195504ac0a4','2016-12-01 13:46:21',0,'Фитнес'),(358,33,'Отведение согнутой ноги','на подвеске #5',114,'92bdbff4d48b0dc0d63f1bf341bb21a2.png','60f14ee75b306ed1e50abcfc7be06da5.png',NULL,'','<p><em>Дополнительное оборудование:</em>&nbsp; нестабильная опора, подвеска петлевая малая, баланс подушка.</p><p><em>Исходное положение:</em>&nbsp; лёжа на спине, баланс подушка под верхней частью спины. Руки скрещены на груди. Колени согнуты на 90°,&nbsp; стопы разгружены на подвесках&nbsp; чуть выше лодыжек на высоте 20 см. от пола.&nbsp;<br></p><p><em>Движение:&nbsp;</em>поднимите таз до тех пор, пока бёдра не выпрямятся. Удерживая это положение, отведите ногу в сторону, затем верните в исходное положение.<br></p><p>Рекомендации:&nbsp; следите за тем, чтобы таз оставался на весу.<br></p>','32cbad1a1a6e6d66084f0813ce7afc3d','2016-12-01 13:57:48',0,'Фитнес'),(359,33,'Разгибание колена на подвеске #4','',115,'1e89f502b4d62aaa8e527b7f8b809893.png','ff8e5609c45b7ccbab68c4e628009162.png',NULL,'','<p><em>Дополнительное оборудование:</em>&nbsp; нестабильная опора, подвеска петлевая малая, баланс подушка.</p><p><em>Исходное положение:</em>&nbsp; лёжа на спине, баланс подушка под верхней частью спины . Руки скрещены на груди, ноги согнуты в коленях на 90°, ступни на полу.&nbsp; Подвеску расположите под коленями.<br></p><p><em>Движение:</em>&nbsp; выпрямите ноги в коленях. Поднимите таз так, чтобы бёдра и туловище выпрямились в одну линию. Вернитесь в исходное положение.</p><p><em>Рекомендации:</em>&nbsp; следите за дыханием! <br></p>','a9cc7e131884542c4253915053dafd6d','2016-12-01 14:10:18',0,'Фитнес'),(360,33,'Планка на спине','на подвеске #3',116,'bd76980b64ede496f13e9e33650ac1eb.png','58d220eda9140a39409a5aba25b80ab7.png',NULL,'','<p><em>Дополнительное оборудование:&nbsp; </em>нестабильные опоры, подвеска узкая 2шт., баланс подушка .<br></p><p><em>Исходное положение:&nbsp;</em>лёжа на спине, баланс подушка под верхней части спины. Руки скрещены на груди, ноги разгружены на подвеске чуть выше лодыжек, высота подвешивания - 50 см над полом.<br></p><p><em>Движение:&nbsp;</em>опираясь ногами на подвеску, поднимайте бёдра так, чтобы тело выпрямилось. Отведите ногу в сторону без наружной ротации бедра. Вернитесь в исходное положение.</p><p><em>Рекомендации:</em>&nbsp; для усложнения упражнения можете зафиксировать конечное положение на 2-3 сек. Следите за дыханием!<br></p><br>','ad2231e6cf7f761454b7cb9a532e17bd','2016-12-01 14:18:19',0,'Фитнес'),(361,1,'Упражнение для ягодиц #1','',166,'372ebc300e2c01088bf44695f479bf1e.png',NULL,NULL,'','<p><em>Исходное положение:</em>&nbsp; сидя на полу. Ноги вытяните перед собой, затем одну ногу положите на другую сверху.</p><p><em>Движение:</em>&nbsp; согните верхнюю ногу в колене, обхватите колено локтем противоположной руки и тяните колено к противоположному плечу до тех пор, пока не почувствуете, как тянутся мышцы ягодиц. Задержитесь на 30 секунд и поменяйте ноги. &nbsp;</p><p><em>Рекомендации:&nbsp; старайтесь держать осанку во время упражнения. Не допускайте резких движений. Следите за дыханием!<br></em>&nbsp;</p><br>','3bdfda4b493c787f361945770531837f','2016-12-24 14:30:13',0,'Фитнес'),(362,33,'Наружная ротация плеча','',117,'f4cf51325674623c8c453e637def8f7b.png','4de268f21fb948229331470b2bca1c73.png',NULL,'','<p><i>Исходное положение:</i>&nbsp; лёжа на боку, нижнюю руку согните в локте на 90°.</p><p><i>Движение:</i>&nbsp; свободной рукой плавно вращайте нижнюю руку по направлению к себе, пытаясь положить руку на пол. Зафиксируйте положение на 30 секунд.</p><p><i>Рекомендации:</i>&nbsp; дыхание глубокое, ровное.</p>','ff16c1b0ccfa49cc9bbc5a18b65b8c33','2017-02-24 14:38:59',0,'Фитнес'),(363,33,'Изометрическое напряжение','вентральных мышц шеи #1',118,'725bfb6eeae0ecf6884583e4327c74ca.png','d3f4124e2881ec40314389e27af81802.png',NULL,'','<p><i>Дополнительное оборудование:&nbsp;</i> стул.</p><p><i>Исходное положение:</i>&nbsp; сидя. Приложите палец к подбородку. Спина прямая.</p><p><i>Движение:</i>&nbsp; тяните подбородок вперёд и плавно наклоняйте голову назад. Старайтесь не наклонять шею ни вперёд, ни назад и убедитесь, что взгляд направлен прямо перед собой. Задержитесь в этой позиции 1-2 секунды. Расслабьтесь и перед тем, как повторить упражнение, позвольте голове вернуться в исходное положение.</p><p><i>Рекомендации:</i>&nbsp; следите за тем, чтобы движения были плавными. Во время наклона делайте глубокой вдох, в исходном положении – выдох.</p>','73f9cb658f9c5576b3054095836f02e6','2017-02-24 14:45:37',0,'Фитнес'),(364,33,'Растяжение мышц спины #2','на фитболе ',119,'a5dc7fd5e539e281ef68c2bca6e38454.png',NULL,NULL,'','<p><em>Дополнительное оборудование:</em>&nbsp; швейцарский мяч.<br></p><p><em>Исходное положение:</em>&nbsp; сидя на коленях перед мячом.</p><p>Предплечья расположите на мяче. </p><p><em>Движение:</em>&nbsp; плавно тяните туловище вниз к полу, оставляя руки прямыми. Почувствуйте, как в этом положении тянется передняя поверхность плеч, грудная клетка и спина. Задержитесь в этом положении на 30 секунд.</p><p><em>Рекомендации:</em>&nbsp; исключайте резких движений. Во время движения вниз – вдох, в исходном положении – выдох.</p><br>','23650748ad44f6af4ee5b574f4710069','2017-02-24 14:48:24',0,'Фитнес'),(365,33,'Прогиб через спинку стула','в положении сидя',120,'2e135ed9b0489b3aa8ee0e79c8ef37e9.png','8084dd74e0705c9301ea85513ff28977.png',NULL,'','<p><em>Дополнительное оборудование:</em>&nbsp; стул.</p><p><em>Исходное положение:&nbsp; </em>сидя. Руки согните в локтях и прижмите к задней поверхности шеи. Для своего удобства пальцы рук скрестите в замок. Локти разведите в стороны.</p><p><i>Движение:</i>&nbsp; наклоняйтесь назад, разводя локти в стороны и приводя лопатки к оси позвоночника до тех пор, пока не почувствуете лёгкое растяжение в передней части плечевого пояса. Задержитесь в этом положении на 15 секунд. </p><p><i>Рекомендации:</i>&nbsp; следите за дыханием!</p><p><br></p>','338f42b77a2056f167f8e95e957415bc','2017-02-24 14:56:08',0,'Фитнес'),(366,33,'Наклоны головы в стороны','',121,'b05819029a96ed77a3eeba3c778309f0.png','6d66cb7fdb5c1c5c2cb3ac23c2eb5524.png',NULL,'','<p><em>Исходное положение:</em>&nbsp; стоя или сидя. Спина прямая. <br></p><p><i>Движение:&nbsp;</i> наклоните голову в одну сторону, так, чтобы ухо было как можно ближе к плечу. Задержитесь на 30 секунд. Взгляд должен быть направлен вперёд, старайтесь не поворачивать шею и не поднимать плечи. Повторите упражнение в другую сторону. </p><p><i>Рекомендации:</i>&nbsp; следите за дыханием!</p><br>','0016c91beb47c309771124b252e46fd0','2017-02-24 15:21:55',0,'Фитнес'),(367,33,'Растягивание мышц шеи #1 ','',122,'8772d36cd7632ed76f963df19c7cf51c.png','8092afc23a46ae0be46b072c9c6774ae.png',NULL,'','<p><i>Исходное положение:</i>&nbsp; сидя или стоя. </p><p><i>Движение:</i>&nbsp; прикоснитесь рукой к ключице. В этот же момент одновременно вращайте головой и наклоняйте её в направлении, противоположном ключице, на которой лежит рука. Направьте взгляд вниз и почувствуйте, как тянется передняя поверхность вашей шеи. Задержитесь на 30 секунд.</p><p><i>Рекомендации:</i>&nbsp; не допускайте резких движений. Следите за дыханием! </p><br>','c2e6b9d68277057aff591a2f1949dc19','2017-02-24 15:23:24',0,'Фитнес'),(368,33,'Упражнение для шеи #1','',123,'f9211078122c72451d9cda502ccccec3.png',NULL,NULL,'','<p><em>Исходное положение:&nbsp;</em> стоя или сидя. Спина прямая. <br></p><p><i>Движение:</i>&nbsp; положите руку на голову и слегка потяните её к плечу. Следите за тем, чтобы плечи оставались на одном уровне. Когда почувствуете, что мышцы шеи тянутся, задержитесь в этом положении на 30 секунд. Повторите в другую сторону. </p><p><i>Рекомендации:</i>&nbsp; не допускайте резких движений. Следите за дыханием!</p><br>','69414f37f11b6b7641131ce458b82eb1','2017-02-24 15:24:56',0,'Фитнес'),(369,33,'Упражнение для стоп с мячом','',124,'c5587f0c5e2ab3c77995646182e9793d.png','e6a3d64a24f2750d1e8114f5d0e51e7b.png',NULL,'','<p><em>Дополнительное оборудование:</em> теннисный мяч средней жёсткости.</p><p><em>Исходное положение:</em>&nbsp; положите мяч на пол, и поставьте на него стопу. Надавите на мяч. Чтобы убавить напряжение, покатайте мяч вперёд, назад и в стороны. <br></p><p><i>Рекомендации:</i>&nbsp; следите за дыханием!<br></p><br>','3b9e70e21ab620233f2b30f73bff16d5','2017-02-24 15:26:56',0,'Фитнес'),(370,33,'Растягивание шеи в положении сидя','',125,'4a146b35a44037c74dd1ab06d0467e68.png','8a1c0575ef4bb4ecd47a6d8c2e3dd602.png',NULL,'','<p><em>Дополнительное оборудование: </em>стул.<em><br></em></p><p><em>Исходное положение:</em>&nbsp; сидя. Соедините пальцы рук в замок и положите кисти на нижнюю часть шеи. </p><p><em>Движение:</em>&nbsp; наклоните голову вниз, расслабьте руки и позвольте им повиснуть на шее. Затем, плавно поднимите голову вверх, упираясь затылком во внешний край ладони. Удерживайте положение несколько секунд, позволяя мышцам шеи растянуться. Вернитесь в исходное положение. Повторите упражнение несколько раз.</p><p><i>Рекомендации:</i>&nbsp; не допускайте резких движений. Следите за дыханием!</p>','5fb8ec096c2239b1782bf7df5c9c3ea8','2017-02-24 15:28:37',0,'Фитнес'),(371,33,'Растягивание мышц спины в положении сидя','',126,'ae8a33162598cbf1b9ccfbbc52572c4f.png','cf087c29625c0cf5c460391f68f1bcf6.png',NULL,'','<p><em>Дополнительное оборудование:</em>&nbsp; стул.</p><p><i>Исходное положение:</i>&nbsp; сидя. Соедините руки в замок и положите на колени.</p><p><i>Движение:&nbsp;</i> выпрямите руки перед грудью, разворачивая&nbsp; ладони вперёд. Одновременно округляйте спину и опускайте голову между рук. Когда почувствуете, что мышцы спины, между лопатками тянутся, задержитесь в этом положении на 20 секунд. Потом вытяните спину и расслабьтесь.</p><p><i>Рекомендации:</i>&nbsp; не допускайте резких движений. Дыхание глубокое, ровное.</p>','7ed9a2361551b57027b9340104f57d3b','2017-02-24 15:30:15',0,'Фитнес'),(372,33,'Упражнение для шеи и плеч','',127,'81ff6e01116fda173230379f7ebf4a3c.png',NULL,NULL,'','<p><i>Исходное положение:&nbsp;</i> стоя.</p><p><i>Движение:</i>&nbsp; руки соедините за спиной, опустите плечи, голову наклоните к плечу. Задержитесь на 30 секунд, повторите в другую сторону. </p><p><i>Рекомендации:</i>&nbsp; не допускайте резких движений. Следите за дыханием!</p><br>','a587d4560729b8d96e27f2813aee3a92','2017-02-24 15:40:48',0,'Фитнес'),(373,33,'Сгибания бёдер','',128,'bfe2bbedee34abda70bc6d8742f7b341.png',NULL,NULL,'','<p><i>Дополнительное оборудование:</i>&nbsp; швейцарский мяч. </p><p><i>Исходное положение:</i>&nbsp; встаньте на одно колено, вторую ногу выставьте вперёд, согнув в колене на 90°. Поставьте мяч так, чтобы он поддерживал переднюю ногу. </p><p><i>Движение:</i>&nbsp; толкайте бедро вперёд, пока не почувствуете растяжение передней поверхности бедра. Задержитесь на 30 секунд и повторите с другой ногой. </p><p><i>Рекомендации:</i>&nbsp; старайтесь удерживать спину прямой. Следите за дыханием!</p><br>','d285743e0f7b6f3bf0458ecf3f958b4b','2017-02-24 15:45:04',0,'Фитнес'),(374,33,'Упражнение для грудной клетки и плеч #1','',129,'04283aa600b16b6b4d0f278a6c803545.png',NULL,NULL,'','<p><i>Исходное положение:</i>&nbsp; стоя. Руки соедините в замок за спиной. </p><p><i>Движение:</i>&nbsp; грудной клеткой потянитесь вперёд, а руки потяните назад до тех пор, пока не почувствуете растяжение в плечах и в грудной клетке. Задержитесь в этом положении на 30 секунд. </p><p><i>Рекомендации:</i>&nbsp; не допускайте резких движений. Следите за дыханием!</p><br>','9be260b9488d28d67afec27b0b8b7a4f','2017-02-24 15:46:34',0,'Фитнес'),(375,33,'Упражнение для предплечья #2','',130,'72b0000282e9e3055c974d15e1e71f5d.png',NULL,NULL,'','<p><i>Исходное положение:</i>&nbsp; стоя. </p><p><i>Движение:</i>&nbsp; вытяните одну руку вперёд перед грудной клеткой, ладонью вниз. Другой рукой тяните пальцы вытянутой руки таким образом, чтобы ладонь смотрела на тело. Когда почувствуете, что предплечье вытянутой руки тянется, задержитесь в этом положении на 30 секунд. Поменяйте руку. </p><p><i>Рекомендации:</i>&nbsp; не допускайте резких движений. Следите за дыханием!</p><br>','ff0c672b778881a56eb32feade337adc','2017-02-24 15:47:50',0,'Фитнес'),(376,33,'Махи ногами из положения лёжа на животе','',131,'3b279fbf17375ec178f709df2951df27.png','6782a0914d76fa55db7749b3335061b1.png',NULL,'','<p><em>Исходное положение:</em>&nbsp; лёжа на животе. Руки вытяните в стороны.</p><p><em>Движение:</em>&nbsp; отведение активной ноги по диагонали назад с разворотом таза.</p><p><i>Рекомендации:&nbsp;</i> не допускайте резких движений. Следите за дыханием!</p>','4ac134e0fb7e85658e9503d79f1fb7cd','2017-02-24 15:49:16',0,'Фитнес'),(377,33,'Упражнение для шеи #3','',132,'423250262f8bcb04780f7b5f5a663c67.png',NULL,NULL,'','<p><em>Исходное положение:</em>&nbsp; обе руки положите на голову. <br></p><p><i>Движение:</i>&nbsp; медленно наклоняйте голову к груди, чтобы мышцы шеи тянулись. Задержитесь на 30 секунд. </p><p><i>Рекомендации:&nbsp;</i> не допускайте резких движений. Следите за дыханием!</p><br>','a1ba5f22e63d152419d2b02a1ac97488','2017-02-24 15:51:30',0,'Фитнес'),(378,33,'Вращение из положения лёжа на боку','',133,'10fe52a518ad57f061ba83b5d471c31f.png','0c48d390e73b9bd8f9624a861ef19063.png',NULL,'','<p><i>Исходное положение:</i> лёжа на боку. Ноги согните в коленях и соедините. Руки соединены на полу и вытянуты вперёд. </p><p><i>Движение:</i>&nbsp; разворачивайте верхнюю часть туловища и одновременно отводите верхнюю руку назад так, чтобы спина удобно легла на пол. Вернитесь в исходное положение и повторите упражнение. </p><p><i>Рекомендации:</i>&nbsp; не допускайте резких движений. Следите за дыханием!</p><br>','38cf265cb27add8d27ddeec39a2756bf','2017-02-24 17:14:10',0,'Фитнес'),(379,33,'Вращения из положения на мостике','',134,'2834fe3b2e3c31c75609abb5386532da.png','4da18d2df37409c010082cf5acfe68bf.png',NULL,'','<p><i>Исходное положение:</i>&nbsp; встаньте на мостик. </p><p><i>Движение:&nbsp;</i> поднимите таз, одновременно вытяните левую руку над вашей головой и поверните корпус. Повторяйте поочередно с правой и левой рукой.</p><p><i>Рекомендации:</i>&nbsp; не допускайте резких движений. Следите за дыханием!</p><br>','e4ee2502183605cb8f7bccf65af47dfd','2017-02-24 17:18:36',0,'Фитнес'),(380,33,'Упражнение с поворотом туловища','',135,'44934a436f97286f2fd346c22945b5da.png','b8ace8423c5f907a6d6f7000424213e1.png',NULL,'','<p><em>Исходное положение:</em>&nbsp; стойка для отжимания. Поставьте ногу с внешней стороны от руки.</p><p><em>Движение:</em>&nbsp; отведите&nbsp; противоположную руку в сторону и поднимите вертикально вверх с поворотом туловища&nbsp; и головы, выполните движение несколько раз, затем поменяйте исходное&nbsp; положение. <br></p><p><i>Рекомендации:</i>&nbsp; не допускайте резких скручиваний. Следите за дыханием!</p>','c51b4d7cc0022205cd54ca152ad997a0','2017-02-24 17:25:10',0,'Фитнес'),(381,33,'Растяжка ахилла','',136,'7b6dacac2a77931eed98d5ef7a3c7099.png','8246b7d491b17d5ed140917fbcb143ac.png',NULL,'','<p><em>Дополнительное оборудование:</em>&nbsp; маты.</p><p><em>Исходное положение:</em>&nbsp; сидя. Ноги вытяните перед собой, спина прямая. Согните одну ногу в колене и противоположной рукой обхватите стопу с наружной стороны.<br><em>Движение:</em>&nbsp; медленно распрямляйте ногу в колене, одновременно оказывая небольшое сопротивление рукой и плавно вытягивая стопу на себя. Задержитесь в этом положении на 30 секунд.<br><em>Рекомендации:</em>&nbsp; не допускайте резких движений. Следите за дыханием!</p><br>','01334039c7aefe7633cf9b544ce649b5','2017-02-24 17:30:32',0,'Фитнес'),(382,33,'Разведение рук в стороны','',137,'86a5bc0f693e24bf8adee34a42552919.png','868a0038db419afedbcd48a2ef0ca518.png',NULL,'','<p><em>Исходное положение:</em>&nbsp; стоя. Руки свободно выпрямлены вдоль тела.</p><p><em>Движение:</em>&nbsp; отведите руки назад так далеко, насколько это возможно. Почувствуйте, как лопатки соединяются за спиной. Выдвиньте вперёд грудную клетку и задержитесь в этом положении на 20-30 секунд. Вернитесь в исходное положение.</p><p><em>Рекомендации:</em>&nbsp; не допускайте резких движений. Следите за дыханием!</p><br>','77313c7b4bf1112790b1c5cdb06d20d9','2017-02-24 17:35:00',0,'Фитнес'),(383,33,'Раскачивание ноги вперёд-назад','',138,'c0e6b3a4f3f8cec3e63f4d934b17d12f.png','be1074234fdd011bc53e9ef3e528b3cf.png',NULL,'','<p><em>Дополнительное оборудование:&nbsp; </em>реафит.</p><p><em>Исходное положение:</em>&nbsp; стоя у реафита.</p><p><em>Движение:</em>&nbsp; прислонитесь к стойке реафита и качайте выпрямленной ногой вперёд-назад.</p><p><em>Рекомендации:</em>&nbsp; старайтесь держать осанку во время упражнения. Не допускайте резких движений. Следите за дыханием!</p><br>','3b22bb748a1a875d5eca80a7f0a0286b','2017-02-24 17:37:16',0,'Фитнес'),(384,33,'Вытягивание мышц передней части плеча','',139,'749ee481d00f018bcfed3cbb3e2e6172.png','380fb5e366f246f0e46b0610e14b7b27.png',NULL,'','<p><em>Дополнительное оборудование:</em>&nbsp; реафит.</p><p><em>Исходное положение:</em>&nbsp; согните руку в локте и обопритесь предплечьем на стойку реафит. </p><p><em>Движение:</em>&nbsp; поставьте одну ногу перед другой и слегка присядьте на переднюю ногу. Медленно наклоняйте туловище от стойки вперёд, пока не почувствуете растяжение в передней части плеча. Сделайте глубокий вдох и на выдохе немного растяните мышцы передней части плеча.</p><p><i>Рекомендации:&nbsp;</i> не допускайте резких движений. Следите за дыханием!</p>','945a0e4e696cf445a01d68b55ac71af3','2017-02-26 20:01:34',0,'Фитнес'),(385,33,'Упражнение для шеи #2','',140,'44e5f63e6a244624d45a22c18123398d.png',NULL,NULL,'','<p><em>Исходное положение:</em>&nbsp; стоя. Положите одну руку на голову, и пусть голова склоняется к плечу. </p><p><em>Движение:</em>&nbsp; слегка поверните голову к одному плечу. Медленно тяните голову к грудной клетке до тех пор, пока не почувствуете, что противоположная сторона шеи тянется. Задержитесь на 30 секунд. Повторите в другую сторону. &nbsp;</p><p><i>Рекомендации:</i>&nbsp; не допускайте резких движений. Следите за дыханием!</p><br>','0f8fb1cf66b0eb9c20d40931f6810871','2017-02-26 20:09:34',0,'Фитнес'),(386,33,'Активная растяжка ноги ','в положении лёжа на спине',141,'973e48016d543b7ed783a3214954c548.png','a92aadf4b280752b5ab71f98960583ef.png',NULL,'','<p><em>Исходное положение:</em>&nbsp; лёжа на спине. Вытяните одну ногу. Другую ногу согните на 90° и обхватите&nbsp; руками под коленом. </p><p><em>Движение:</em>&nbsp; мягко тяните активную ногу вверх, пока не почувствуете растяжения мышц задней поверхности бедра и икры. Зафиксируйте положение на несколько секунд. Смените ноги.<br></p><p><em>Рекомендации:</em>&nbsp; не допускайте резких движений. Следите за дыханием!</p><br>','a7cfb90776f84c4bc8900f9663e04459','2017-02-26 20:16:28',0,'Фитнес'),(387,33,'Растяжение передней части бедра #1','',142,'485ecae98a650f3b9e945e6065e47e42.png',NULL,NULL,'','<p><em>Дополнительное оборудование:</em>&nbsp; кушетка.</p><p><em>Исходное положение:</em>&nbsp; лежа на спине, на краю ножной части кушетки так, чтобы&nbsp; ноги свободно свисали.</p><p><em>Движение:&nbsp; </em>согните одну ногу&nbsp; в коленном и тазобедренном суставе,&nbsp; обхватите колено сцепленными в замок кистями рук и подтяните ногу к груди. Другая нога, согнутая в коленном суставе, свободно свисает с кушетки в течении 20-30 сек. Вернитесь в исходное положение и повторите упражнение с другой ногой.</p><p><em>Рекомендации:</em>&nbsp; не допускайте резких движений. В период растяжения верхней части бедра свободно свисающей ноги, сделайте продолжительный выдох и максимально расслабьте ногу. Следите за дыханием!</p>','a4e0914a182ba90b8fa440f8b79b5bd8','2017-02-26 20:59:46',0,'Фитнес'),(388,33,'Вращение туловища','с опорой руки на стену',143,'a661a875fe09322e63b74035b9a862b5.png',NULL,NULL,'','<p><em>Исходное положение:</em>&nbsp; стоя лицом к стене.</p><p><em>Движение:</em>&nbsp; ладонью упритесь в стену, пальцы направлены вверх. Держите руку в этом положении, а туловище поворачивайте на 180° от стены. Когда почувствуете, что передняя поверхность плеч тянется, задержитесь в этом положении на 30 секунд. Поменяйте руку.</p><p><em>Рекомендации:</em>&nbsp; не допускайте резких движений. Следите за дыханием!</p><br>','d9ec4973362131531d5cbba2a8e99751','2017-02-26 21:07:37',0,'Фитнес'),(389,33,'Растяжение задней поверхности плеча','',144,'b0afcd46e0e150fce53e07a90dd0b0d1.png',NULL,NULL,'','<p><em>Исходное положение:&nbsp; </em>стоя. Согните одну руку в локте перед центром грудной клетки. </p><p><em>Движение:</em>&nbsp; обхватите локоть другой рукой и тяните к противоположному плечу, пока не почувствуете растяжение задней поверхности плеча и области между лопаток. Одновременно поворачивайте голову в противоположную сторону. Задержитесь в этом положении на 20 секунд. Поменяйте руку. </p><p><i>Рекомендации:&nbsp;</i> не допускайте резких движений. Следите за дыханием!</p><br>','1191fb94614b547689e157849f4c5eef','2017-02-26 21:15:56',0,'Фитнес'),(390,33,'Покачивания ноги в стороны','',145,'edbd2f584e387e745799b15e1d0c5c1f.png','48a73a44e959ec3fbab3b2f44e7b5a9d.png',NULL,'','<em>Дополнительное оборудование:</em>&nbsp; реафит.<br><p><em>Исходное положение:</em>&nbsp; стоя. Руками возьмитесь за стойки риафита. Спина прямая.</p><p><em>Движение:</em>&nbsp; ритмично качайте ногой из стороны в сторону.</p><p><em>Рекомендации:</em>&nbsp; не допускайте резких движений. Следите за дыханием!</p><br>','c8c14db199722dac3bdd4b4d6ccd91ee','2017-02-26 21:19:28',0,'Фитнес'),(391,33,'Повороты головы в сторону','',146,'99c7db58863cbe251ff94d649feee0d5.png','211f3f7c4a9f13619d1b4df3793dcbfc.png',NULL,'','<p><em>Исходное положение:</em>&nbsp; стоя или сидя.</p><p><em>Движение:&nbsp;</em> плавно поворачивайте голову из стороны в сторону настолько далеко, насколько можете. </p><p><em>Рекомендации:</em>&nbsp; не допускайте резких движений. Следите за дыханием!</p><br>','a4d8c986361603898d0bf254165339bf','2017-02-26 21:22:34',0,'Фитнес'),(392,33,'Укрепление верхних мышц брюшного пресса','',147,'bfacc18aa24da0b1f592f6078d027b68.png','436ad63e6a377a8609f1a4fe8895c48d.png',NULL,'','<p><em>Дополнительное оборудование:</em>&nbsp; коврик.</p><p><em>Исходное положение:</em>&nbsp; лёжа на спине. Руки вдоль тела. Ноги вытянуты.</p><p><em>Движение:</em>&nbsp; одновременно поднимайте ноги, туловище и руки вверх, стараясь зафиксировать равновесие на седалищной кости.</p><p><em>Рекомендации:</em> старайтесь держать ноги и руки прямыми. Следите за дыханием!<br></p>','f095215d8fd6f24d82b11ff900c121d3','2017-02-27 07:46:42',0,'Фитнес'),(393,33,'Подъём на носочки с опорой','',148,'63bf819f0a302a38926ae7bb23011dd7.png','1604a0048634037c5f0f454eb22bdc5f.png',NULL,'','<p><em>Дополнительное оборудование:</em>&nbsp; стул.</p><p><em>Исходное положение:</em>&nbsp; стоя лицом к спинке стула. Положите руки на спинку стула для сохранения равновесия. </p><p><em>Движение:</em>&nbsp; приподнимитесь на носочки, зафиксируйте это положение на 20-30 секунд, вернитесь в исходное положение.</p><p><em>Рекомендации:</em>&nbsp; старайтесь сохранять спину и ноги прямыми. Следите за дыханием!</p>','f5d6c083594eb7fecd8221ebfba07c40','2017-02-27 07:49:42',0,'Фитнес'),(394,33,'Отведение прямой ноги назад','с опорой',149,'3264e5fedbaf6f2abb90defd0b813b0b.png','ba2d989fdd29f61bb6ac9b9b7588ee18.png',NULL,'','<p><em>Дополнительное оборудование:</em>&nbsp; стул.</p><p><em>Исходное положение:</em>&nbsp; стоя лицом к спинке стула. Положите руки на спинку стула для сохранения равновесия. </p><p><em>Движение:</em>&nbsp; отведите активную ногу назад, затем верните в исходное положение. Повторите упражнение другой ногой.</p><p><em>Рекомендации:</em>&nbsp; старайтесь сохранять спину и ноги прямыми. Следите за дыханием!</p>','deb27ea553631dc79b89142233d8da2c','2017-02-27 07:52:28',0,'Фитнес'),(395,33,'Планка на одной ноге','',150,'04f4ef724783615e03f3d524a4dde5bb.png','72fdc3c4a7416ef2028ed5c97966f16e.png',NULL,'','<p><em>Дополнительное оборудование:&nbsp;</em> коврик.</p><p><em>Исходное положение:</em>&nbsp; планка. Ноги вместе.</p><p><em>Движение:</em>&nbsp; поднимите одну ногу и зафиксируйте это положение на несколько секунд. Повторите упражнение другой ногой.</p><p><i>Рекомендации:</i>&nbsp; старайтесь сохранять спину и ноги прямыми. Следите за дыханием!</p>','d52b8b3d4ab58e026bf7c6d06e41fe90','2017-02-27 07:54:50',0,'Фитнес'),(396,33,'Наклоны в стороны','с поднятыми руками',151,'b3015020750c7e4493f6b3f3718632ea.png','4c962e2146aca2654c719aa479be4c27.png',NULL,'','<p><em>Исходное положение:</em>&nbsp; стоя. Ноги на ширине плеч. Руки поднимите вверх и сцепите в замок.</p><p><em>Движение:</em>&nbsp; наклоняйте верхнюю часть туловища вправо и влево. </p><p><i>Рекомендации:&nbsp;</i> старайтесь не отводить бёдра в сторону. Следите за дыханием!</p>','5900dab0f95074284109975b29a0d240','2017-02-27 07:56:30',0,'Реабилитация'),(397,33,'Подтягивание коленей к груди','в положении сидя',152,'b8ab2329d6efd11fd76f8fdee42f24db.png','c8bf601e1cd7aaa95478de90c025f2cb.png',NULL,'','<p><em>Дополнительное оборудование:</em>&nbsp; коврик.</p><p><em>Исходное положение:</em>&nbsp; лёжа на спине. Руки и ноги вытянуты и приподняты над полом на высоту 20 см.</p><p><em>Движение:&nbsp;</em> одновременно поднимайте туловище и подтягивайте ноги к груди, стараясь сохранить равновесие..</p><p><em>Рекомендации:</em>&nbsp; держите спину прямой. Следите за дыханием!</p>','2cf02bcf11f7610c76d28eee5a413232','2017-02-27 07:58:24',0,'Фитнес'),(398,33,'Наклон таза назад','',153,'20ebd0e6ecd27f852c180977f553875b.png','81fdf46ee944b76fe7359858eaee6420.png',NULL,'','<p><em>Исходное положение:&nbsp; </em>стоя. Руки вдоль тела. Ноги слегка согнуты в коленях. </p><p><em>Движение:&nbsp;</em> наклоните&nbsp; таз назад, напрягая мышцы ягодиц и выпрямляя&nbsp; поясничный лордоз.&nbsp; Зафиксируйте положение на несколько секунд. Вернитесь в исходное положение.</p><p><em>Рекомендации:</em>&nbsp; сохраняйте спину прямой. Следите за дыханием: в исходном положении - вдох, во время движения - выдох.</p>','5a1dd674884fccd83368bb85ece73259','2017-02-27 08:12:01',0,'Фитнес'),(399,33,'Отведение прямой ноги назад','с одновременным наклоном туловища',154,'f0b30c0d183a62e67ca01aff7d71a2a7.png','fb04eab77abffe67d68be385384f2a07.png',NULL,'','<p><em>Исходное положение:&nbsp;</em> стоя. Руки вдоль тела. </p><p><em>Движение:</em>&nbsp; плавным скользящим движением отведите одну ногу назад, одновременно сгибайте другую ногу в колене, наклоняясь немного вперёд. Сохраняйте линию туловища прямой. Повторите упражнение другой ногой.</p><p><i>Рекомендации:</i>&nbsp; старайтесь держать голову прямо. Следите за дыханием!</p>','def4627541c0b59293219c42516e9eb5','2017-02-27 08:20:44',0,'Фитнес'),(400,33,'Наклон головы, лёжа на боку','',155,'d8ae02faa105255fbc50b521ca17a8c5.png','b7d782faee5c691d2c76a41952320af5.png',NULL,'','<p><em>Дополнительное оборудование:</em>&nbsp; коврик.</p><p><em>Исходное положение:</em> лёжа на боку. Нижняя рука вдоль туловища. Верхняя согнута в локте под прямым углом и опирается на кисть.</p><p><em>Движение:</em>&nbsp; поднимайте и опускайте голову, стараясь не отрывать туловища от пола.</p><p><em>Рекомендации:</em>&nbsp; согните ноги в коленях, чтобы было проще сохранять равновесие. Следите за дыханием!</p>','3dc7be812263e9df4f0cad28ac6c48c5','2017-02-27 08:25:52',0,'Фитнес'),(401,33,'Волна','',156,'10e67ca2e754752ed9cde3cf24f658ff.png','48ec5346faa55f301802de0252675ceb.png',NULL,'','<p><em>Исходное положение:&nbsp;</em> лицом вниз. Руки в опоре на предплечье, ладонями вниз на ширине плеч, голова между предплечьями. Ноги разведены в стороны немного шире плеч. Таз поднят над полом.</p><p><em>Движение:</em>&nbsp; имитация волны. Опускайте таз вниз, одновременно поднимая голову вверх. Туловище слегка скользит вперёд. Вернитесь в исходное положение. </p><p><em>Рекомендации:</em>&nbsp; старайтесь сохранять равновесие и делать упражнение медленно. Следите за дыханием: во время подъёма головы - вдох, в исходном положении - выдох.</p>','93fac8517c2afd679ca30c712972c8a0','2017-02-27 08:28:04',0,'Фитнес'),(402,33,'Упражнение для шеи #2','',157,'50c68aba4a3c92c52ad1051aff570aaa.png',NULL,NULL,'','<p><em>Исходное положение</em>:&nbsp; положите одну руку на голову, голова склоняется к плечу.&nbsp;</p><p><em>Движение</em>:&nbsp; слегка поверните голову к одному плечу. Медленно тяните голову к грудной клетке до тех пор, пока не почувствуете, что противоположная сторона шеи тянется. Задержитесь на 30 секунд. Повторите в другую сторону.</p>','e654bfa8912b8c4275cb837dd69dc3d3','2017-02-27 12:00:24',0,'Фитнес'),(403,33,'Активная растяжка ноги','из положения лёжа на спине',158,'9f9f3725f11c2876a44081832a069950.png','a854510c84c19ece6578ae9e11273121.png',NULL,'','<p><em>Исходное положение</em>: лёжа на спине, ноги прямые, носки на себя.<em><br>Движение</em>: активную ногу согните в колене на 90° и обхватите&nbsp; под коленом. Плавно тяните ногу вверх к потолку, растягивая заднюю поверхность бедра и икроножную мышцу.</p><i>Рекомендации:</i> дыхание глубокое, ровное.<br><br>','64bc2bc96bc94e60daf06a0b9cafd989','2017-02-27 12:28:57',0,'Фитнес'),(404,33,'Вытягивание руки и грудной клетки','',159,'8975f2f2e00d9571a538d6f436183da9.png','109eaf785dc4442d122fca932556862f.png',NULL,'','<p><em>Исходное положение</em>: вытяните руку и возьмитесь за дверную раму на уровне плеча. Поставьте одну ногу перед другой и слегка присядьте на первую ногу.&nbsp;</p><p><em>Движение:</em>&nbsp; медленно отклоняйтесь от двери, пока не почувствуете, что тело напрягается.&nbsp;</p><p><em>Рекомендация:</em>&nbsp; сделайте несколько глубоких вдохов для полного расслабления.&nbsp;</p><p><br></p>','0554805ed66a2d29d6a87e9724cd1854','2017-02-27 12:33:53',0,'Фитнес'),(405,33,'Вращение из положения лёжа на боку','',160,NULL,NULL,NULL,'','<p><em>Исходное положение:&nbsp; </em>лягте на бок. Ноги согните в коленях и соедините. Руки соединены на полу и вытянуты вперёд.<em> Движение:</em>&nbsp; разворачивайте корпус так, чтобы удобно разместить спину на полу. Вернитесь в исходное положение и повторите упражнение. <br></p><p><em>Рекомендации:&nbsp; </em>следите за дыханием!<br></p>','a70164216faaaa3d1853fed30ab804b7','2017-02-27 12:45:24',0,'Фитнес'),(406,33,'Растяжка с приседанием','',161,'6b117827a31ab798c4ebc877c5b725c2.png','d8ec84c1d7fb3dec28aa1cb899be07e3.png','3449a5e6dcc6b94549b467abe78b58db.png','','<p><em>Исходное положение: </em>стопы на ширине плеч.</p><p><em>Движение: </em>сделайте наклон вперёд, чтобы руки коснулись пола. Возьмитесь руками за пальцы ног и в этом положении присядьте. Руки должны быть между коленями. Держитесь за пальцы ног и вытяните заднюю точку тела вверх, к потолку. Снова медленно, контролируя каждое движение, вернитесь в положение глубокого приседа и повторите вытягивание задней точки тела вверх быстрым движением.&nbsp;</p><p><em>Рекомендация:</em>старайтесь, чтобы спина была расслабленной в течение упражнения. &nbsp;</p>','5a49acbb758c3c0e642715a00c264f2e','2017-02-27 13:32:02',0,'Фитнес'),(407,33,'Тренировка верхней части тела #3','с мячом ',162,NULL,'b0cfa2dd6bbe4ab7380bfaf4ccdaf8ec.png',NULL,'','<p><em>Исходное положение: </em>лягте на мяч, прижмитесь к нему нижней частью тела. Стопы плотно стоят на полу на ширине плеч.</p><p><em>Движение:</em>&nbsp; руки вытяните над головой и расслабьте все тело. Когда почувствуете, что передняя и задняя поверхности верхней части тела тянутся, задержитесь в этом положении на 30 секунд.&nbsp;</p>','367b1abab70bbf46aedf38ff90692ef5','2017-02-27 13:44:25',0,'Фитнес'),(408,33,'Наклон головы вперёд','',163,'c3f2afc33bcb674e542285877cd89db7.png','5a9a3235cb4f1688cbcb4e294b92cf9b.png',NULL,'','<p><em>Движение: </em>медленно наклоняйте голову вперёд, подбородок направлен к груди. Задержитесь на 30 секунд. Медленно вернитесь в исходную позицию и повторите упражнение. &nbsp;</p>','86d1de2c4696394af3836f93d5f57e8b','2017-02-27 13:47:08',0,'Фитнес'),(409,33,'Упражнение в положении сидя','с одной ногой назад',164,NULL,NULL,NULL,'','<p><em>Исходное положение:</em>сядьте на пол, одна нога согнута за спиной.&nbsp;</p><p><br></p><p><em>Движение: </em>старайтесь держать угол в 90 градусов между вытянутой ногой и ногой, согнутой в колене.</p>','f418bf014e0ebc15aa91caa179e22267','2017-02-27 13:51:28',0,'Фитнес'),(410,33,'Упражнение с вращением','из положения сидя, одна нога назад',165,NULL,NULL,NULL,'','<p><em>Исходное положение: </em>сядьте на пол, одна нога согнута за спиной.</p><br><p><em>Движение: </em>сделайте вращение через положение лежа на полу ничком снова в положение сидя, одна нога за спиной.</p>','9fd77c5d8894c50dda1f38176437f1c1','2017-02-27 13:53:23',0,'Фитнес'),(411,33,'Растяжка верхней трапециевидной мышцы','',166,NULL,'759dba44b248297a8e7b5546a3517e68.png',NULL,'','<p><em>Дополнительное оборудование:&nbsp; </em>стул.<em><br></em></p><p><em>Исходное положение:&nbsp; </em>сядьте на стул, скрестите руки и возьмитесь за сиденье. Ладони под сиденьем. Плечи могут расслабленно упасть вперёд.&nbsp;</p><p><em>Движение:&nbsp; </em>потянитесь, толкая таз вперёд так, чтобы поясничный отдел спины вытянулся. Одновременно тянитесь вверх, к потолку и отклоняйтесь назад, продолжая держаться руками за стул. Очень важно, чтобы на протяжении всего движения плечи продолжали смотреть вперёд. Сохраняйте положение 30 секунд.</p><em>Рекомендации:</em>&nbsp; не допускайте резких движений. Следите за дыханием!<br>','baaea85fabd947691fb4dd0ca4d0fbf3','2017-02-27 13:57:18',0,'Фитнес'),(412,33,'Растяжка боковых и плечевых мышц','',167,NULL,NULL,NULL,'','<p><em>Движение: </em>сделайте вдох и поднимите одну руку над головой. Рука слегка согнута в локте. С выдохом наклонитесь в сторону, сохраняя одинаковую опору на обе ноги. Нижняя часть тела зафиксирована в исходном положении. Движение должно возникать в бедре и подниматься вверх. Сделайте вдох и ещё больше потяните поднятую руку вверх. Выдохните и вернитесь в исходную позицию. &nbsp;&nbsp;</p>','45c1cd0efd4f130507988ae82960e079','2017-02-27 13:59:20',0,'Фитнес'),(413,33,'Упражнение для грудной клетки #4','с мячом ',168,NULL,NULL,NULL,'','<p><em>Дополнительное оборудование:&nbsp; </em>швейцарский мяч.<br></p><p><em>Исходное положение: </em>возьмите швейцарский мяч и прислоните его к стене, на уровне вашей головы.&nbsp;</p><em>Движение</em>: держите мяч одной рукой, верхнюю часть корпуса наклоняйте вперёд до тех пор, пока не почувствуете растяжение мышц грудной клетки.  Задержитесь на 30 секунд.','b3a2bfa139a5aa043e579dc9a3247025','2017-02-27 14:03:03',0,'Фитнес'),(414,33,'Упражнение для спины #2','',169,NULL,NULL,NULL,'','<p><em>Исходное положение:</em>&nbsp; крепко обхватите руками заднюю поверхность бедра чуть выше коленей. <br></p><p><em>Движение:</em>&nbsp; округлите спину и тянитесь спиной вверх, пока не почувствуете, что мышцы спины тянутся. Задержитесь в этом положении на 30 секунд. <br></p><p><em>Рекомендации:</em>&nbsp; следите за дыханием! Во исходном положении - вдох, во время движения - выдох.</p>&nbsp;<br>','090bbb79bd11e8670895d7a0b19f00cb','2017-02-27 14:04:13',0,'Фитнес'),(415,33,'Растяжка икроножной мышцы ','со жгутом в положении сидя',170,NULL,NULL,NULL,'','<p><i>Исходное положение:</i> сядьте на пол, одну ногу выпрямите.&nbsp;</p><p><em><br></em></p><p><em>Движение:</em> оберните жгут или эластичный бинт вокруг верхней части стопы (под пальцами). Попробуйте расслабить мышцы ноги, постепенно натягивая верёвку по направлению к корпусу таким образом, чтобы задняя поверхность икры натягивалась. Задержитесь в этом положении на 30 секунд.&nbsp;</p>','f0f9b971bd0d0458b132b9e73335aa14','2017-02-27 14:05:48',0,'Фитнес'),(416,33,'Растяжка нижней части спины с вращениями',' при помощи функциональных петель',171,'c34f37ce907bb5ef79f5655a4c51bfee.png','de911606148adfeaee2dc08650981e09.png',NULL,'','<p><em>Дополнительное оборудование:&nbsp; силовой модуль, эластичный трос -2шт., петли для рук -2шт.<br></em></p><p><em>Исходное положение:&nbsp; </em>встаньте лицом к силовому модулю. Возьмитесь руками за петли. Ноги на ширине бёдер.&nbsp;</p><p><em>Движение:&nbsp; </em>отклоняйтесь назад, сгибая бедро и тянитесь тазом вниз, к полу. Голову опустите вниз, между руками. Согните одно колено и повернитесь верхней частью корпуса в противоположную согнутому колену сторону. Задержитесь в этом положении на 30 секунд и повторите в другую сторону. </p><p>Рекомендации: не допускайте резких движений. </p><p>Следите за дыханием!</p>','79e1b210cb5c3d7d24d4796616c1fcf2','2017-02-27 14:08:46',0,'Фитнес'),(417,33,'Мобилизация растяжения пальцев',' при тетраплегии',172,'d002bc2a2c3967acb694afd0fc541219.png','7a223b6173342bfb9178840bee0f5699.png',NULL,'','<p><em>Исходное положение: </em>положите руки на стол, от локтя до пальцев.&nbsp;</p><br><p><em>Движение: </em>поднимите предплечье и расслабьте запястье так, чтобы кончики пальцев касались стола.&nbsp;</p><br><p><em>Рекомендация: </em>используйте другую руку или губку для надавливания на указательный палец, чтобы каждый сустав растягивался. &nbsp;</p>','d7b9d668e6b2dd3e2948465b2ef4599a','2017-02-27 14:12:21',0,'Реабилитация'),(418,33,'Растяжение грудной клетки','с помощью функциональных петель',173,'e5c9ce15a75dda18d80ac97335cd5753.png','5f6eab8d519af0c5bfe5d9ed2e21533a.png',NULL,'','<p><em>Дополнительное оборудование: </em>силовой модуль, эластичный трос - 2шт., петли для рук -2шт.<em><br></em></p><p><em>Исходное положение:&nbsp; </em>встаньте спиной к силовому модулю. Возьмитесь руками за петли. Расправьте руки в стороны, чтобы петли смотрели в разные стороны от точки крепления.&nbsp;</p><p><em>Движение</em>: сделайте шаг вперёд, увеличивая давление на грудную клетку. Задержитесь на 30 секунд. </p>Рекомендации: следите за дыханием. Во время движения - вдох, в исходном положении - выдох.<br>','9b6e22efbb1c9507056d7b3c00c80c7d','2017-02-27 14:20:18',0,'Фитнес'),(419,33,'Упражнение для бедра и голени #5','(передняя поверхность) с мячом',174,NULL,'48a51ce7b01a838ab3705612e5b2410f.png',NULL,'','<p><em>Дополнительное оборудование:&nbsp; </em>фитбол.<em><br></em></p><p><em>Исходное положение:</em>&nbsp; встаньте на пол, на одно колено. Переднюю поверхность голени и ступню расположите на мяче. Другая нога согнута в колене на 90°.&nbsp;</p><p><em>Движение:&nbsp; </em>держите спину прямо и  толкайте бедро ноги, которая опирается на мяч, вперёд до тех пор, пока не почувствуете, что передняя поверхность бедра и голени тянется. Задержитесь на 30 секунд и повторите упражнение, поменяв ноги. </p>Рекомендации:&nbsp; следете за дыханием!<br>','b991def839a4b05ee7e33a6cb0ba20e4','2017-02-27 14:24:17',0,'Фитнес'),(420,33,'Растягивание большого пальца','и предплечья',175,'6efbf5721d32df50f1e4174bba0bebfe.png','045349d45f717886416eb5791e122c80.png',NULL,'','<p><em>Исходное положение: </em>встаньте. Руки вытянуты в стороны. Большие пальцы смотрят вверх в потолок.</p><br><p><em>Движение:</em>сожмите руки в кулак, некрепко, большие пальцы зажаты внутри кулака. Осторожно поворачивайте запястье вниз, к полу. Сохраняйте это положение 30 секунд. Повторите с другой рукой.</p>','c173fafee1a93d3b34b8555d5924f22f','2017-02-27 14:26:51',0,'Фитнес'),(421,33,'Упражнение для предплечья #1','',176,NULL,'ebf3488e0569589520d41399a72ccb0e.png',NULL,'','<p><em>Исходное положение: стоя. </em>Руки вытянуты перед собой на уровне груди.<em> <br></em></p><p><em>Движение:</em>&nbsp; разверните активную руку ладонью наружу, другой рукой возьмитесь за пальцы активной руки и мягко потяните их на себя.</p><p><em>Рекомендации:</em>&nbsp; не допускайте резких движений.<br></p>','80e08ef4c405e33793e6955a2c335a4d','2017-02-27 14:28:51',0,'Фитнес'),(422,33,'Упражнение для задней поверхности плеча',' с акупунктурным мячиком',177,'75c67a7c87c4f081e9453da04c407fe9.png','8eda0c2e2b112258762775b5d04d7e30.png',NULL,'','<p><em>Дополнительное оборудование:&nbsp; </em>акупунктурный мячик.<em><br></em></p><p><em>Исходное положение:</em>&nbsp; прислонитесь одним плечом к стене. Между стеной и задней поверхностью плеча поместите акупунктурный мячик.&nbsp;</p><em>Движение:&nbsp; </em>плечом опирайтесь на стену, надавливая на мячик. Руку, ближайшую к стене, обхватите другой рукой и тяните её из стороны в сторону перед корпусом, чтобы мышцы плеча сильнее тянулись.&nbsp;','d8501a45fca6b0774c6c6fc2ddd62907','2017-02-27 14:31:43',0,'Фитнес'),(423,33,'Упражнение для икроножных мышц #1','',178,NULL,'803b10e49236c15690acfd6164953694.png',NULL,'','<p><em>Исходное положение: </em>встаньте к стене, наклонившись. Одна нога согнута в колене, другая вытянута так, что все тело тянется.&nbsp;</p><em>Движение: </em>пятки держите на полу и толкайте бедро вытянутой ноги вперёд до тех пор, пока не почувствуете растяжение икроножной мышцы. Задержитесь на 30 секунд и поменяйте ноги. &nbsp; &nbsp;','29e6b26b98b13ea21bec517bfc6ea1a6','2017-02-27 14:33:44',0,'Фитнес'),(424,33,'Растяжка боковых поверхностей тела и рук','',179,NULL,NULL,NULL,'','<p><i>Исходное положение:</i> соедините руки в замок и поднимите вверх.&nbsp;</p><br><p><i>Движение: </i>наклонитесь в сторону, противоположную растягиваемому боку. Бедро тяните в сторону до тех пор, пока не почувствуете, что задняя и боковая поверхность руки тянутся. Задержитесь в этом положении, глубоко дышите и еще больше толкайте бедро в сторону. Задержитесь, пока напряжение не спадет. Повторите с другой рукой и с другим боком.&nbsp;</p>','bf4be26a6ba4f5cf0067a71ba42c358a','2017-02-27 14:35:53',0,'Фитнес'),(425,33,'Упражнение для грудной клетки #3','',180,NULL,NULL,NULL,'','<p><em>Исходное положение:&nbsp; </em>встаньте в дверном проёме и руками обопритесь о дверную раму.&nbsp;</p><p><em>Движение: </em>корпусом наклоняйтесь вперёд, до тех пор, пока не почувствуете, как тянутся мышцы груди. Задержитесь на 30 секунд.</p><em>Рекомендации:</em>&nbsp; следите за дыханием!<br>','3d1e39ade5a7e68d31841d8eab4a17a2','2017-02-27 14:37:09',0,'Фитнес'),(426,33,'Упражнение для мышц спины #9','',181,NULL,NULL,NULL,'','<p><em>Дополнительное оборудование:&nbsp; </em>фитбол.<em><br></em></p><p><em>Исходное положение:&nbsp; </em>лёжа на животе лицом вниз.&nbsp; Руки и стопы опираются на пол.&nbsp;</p><p><em></em><em>Движение:</em>&nbsp; пусть голова и тело расслабленно лежат на мяче. Когда почувствуете лёгкое растяжение в спине, задержитесь в этом положении на 30 секунд.</p><p><i>Рекомендации:</i>&nbsp; дыхание глубокое, ровное.</p><p><em></em></p>','e41c48666153ea52d05a70bb36ed01b8','2017-02-27 14:46:01',0,'Фитнес'),(427,33,'Растяжка шеи с поворотами','',182,NULL,NULL,NULL,'','<p><em>Исходное положение:</em> стоя или сидя.<br></p><em>Движение</em>:&nbsp; медленно поворачивайте голову в сторону. Чтобы максимально далеко повернуть голову, слегка толкайте щеку ладонью, создавая натяжение боковой поверхности шеи. Задержитесь на 30 секунд.&nbsp;','ea53b7b672af9c6dfcb7f293d0499916','2017-02-27 14:47:18',0,'Фитнес'),(428,33,'Упражнение для бедра и голени #2','(передняя поверхность)',183,NULL,NULL,NULL,'','<p><em>Исходное положение: </em>одну ногу поставьте на пол так, чтобы она опиралась на колено. Другая нога согнута в колене на 90°, стопа стоит на полу. Держите туловище прямо.&nbsp;</p><em>Движение</em>: возьмитесь за лодыжку и потяните пятку на себя. Бедро тяните вперёд до тех пор, пока не почувствуете растяжение в передней поверхности бедра и голени. Задержитесь на 30 секунд, повторите упражнение с другой ногой.','5471a86e1b97be90179df3c46c5ee36b','2017-02-27 14:49:56',0,'Фитнес'),(429,33,'Повороты верхней части корпуса ',' из положения лежа на боку # 2',184,NULL,NULL,NULL,'','<p><i>Исходное положение: </i>лягте на пол, нижнюю руку подложите под голову. Верхнюю руку вытяните на полу перед собой. Верхнюю ногу согните.&nbsp;</p><br><p><i>Движение: </i>поворачивайте тело, поднимая руку вверх и отводя ее назад максимально далеко. Корпус следует за рукой. Задержитесь в этом положении на 30 секунд. Медленно вернитесь в исходное положение.</p><br><p><i>Рекомендация:</i> старайтесь, чтобы нижняя  часть тела была неподвижна на протяжении всего упражнения.</p>','56188546390b32ef1b3affb841f09ce7','2017-02-27 14:52:08',0,'Фитнес'),(430,33,'Повороты верхней части корпуса ',' из положения лежа на боку # 2',185,NULL,NULL,NULL,'','<p><i>Исходное положение: </i>лягте на пол, нижнюю руку подложите под голову. Верхнюю руку вытяните на полу перед собой. Верхнюю ногу согните.&nbsp;</p><br><p><i>Движение: </i>поворачивайте тело, поднимая руку вверх и отводя ее назад максимально далеко. Корпус следует за рукой. Задержитесь в этом положении на 30 секунд. Медленно вернитесь в исходное положение.</p><br><p><i>Рекомендация:</i> старайтесь, чтобы нижняя  часть тела была неподвижна на протяжении всего упражнения.</p>','8edea2d45f7396ec98ca6535bf93748c','2017-02-27 14:52:09',0,'Фитнес'),(431,33,'Упражнение для спины  # 6','',186,NULL,NULL,NULL,'','<p><i>Исходное положение:</i> сядьте на колени. Наклоните верхнюю часть тела вниз к бедрам.&nbsp;</p><br><p><i>Движение: </i>вытяните руки над головой и поувствуйте, как тянется спина. Задержитесь в этом положении на 30 секунд</p>','98cf9ec6a8bebf0bb6db752deeefc764','2017-02-27 14:54:05',0,'Фитнес'),(432,33,'Упражнение для ягодиц # 5','',187,NULL,NULL,NULL,'','<p><i>Исходное положение: </i>сядьте на скамейку. Одну ногу согните и положите на другую таким образом, чтобы лодыжка согнутой ноги лежала точно на колене опорной ноги.</p><i><br></i><p><i>Движение:</i> наклоняйте корпус вперёд до тех пор, пока не почувствуете растяжение в ягодицах. Задержитесь на 30 секунд и поменяйте ногу\n</p><br>','c0fe552262d7fffd5fe291684e3811ed','2017-02-27 14:55:17',0,'Фитнес'),(433,33,'Упражнение для бедра и икры # 2','(задняя поверхность)',188,NULL,NULL,NULL,'','<p><i>Исходное положение: </i>встаньте. Руки на поясе. Одну стопу расположите на скамейке или на другой опоре. Держите ногу и спину прямыми.&nbsp;</p><br><p><i>Движение:</i> медленно наклоняйте верхнюю часть корпуса вперёд до тех пор, пока не почувствуете растяжение задней поверхности бедра. Старайтесь не наклонять спину. Задержитесь в этом положении на 30 секунд и поменяйте ногу.&nbsp;</p>','5d064a4c3570383f4fa7e1d990e95aaf','2017-02-27 14:58:04',0,'Фитнес'),(434,33,'Присядь- привстань ','',189,NULL,NULL,NULL,'','<p><i>Движение</i>: присядьте и возьмитесь руками за носки своей обуви. Выпрямитесь, продолжая держаться за обувь. Плавно вернитесь в положение присяда.</p>','378727662421f6435d2efc63924c6470','2017-02-27 14:58:55',0,'Фитнес'),(435,33,'Упражнение для верхней поверхности бедра','с валиком из пенки',190,NULL,NULL,NULL,'','<p><em>Исходное положение:</em> лягте на бок таким образом, чтобы валик из пенки прикасался к внешней поверхности вашего бедра. Поставьте стопу верхней ноги прямо перед ногой лежащей на полу и с ее помощью зафиксируйте свое положение, также опираясь на вытянутые или согнутые в локтях руки.&nbsp;</p><i><br></i><p><i>Движение:</i> катайтесь вниз и вверх по валику, соприкасаясь с ним всей поверхностью бедра.&nbsp;</p>','95e31d5c866963beed65edf7a5496b0c','2017-02-27 15:00:15',0,'Фитнес'),(436,33,'Упражнение для икроножной мышцы #3','',191,NULL,NULL,NULL,'','<p><em>Исходное положение:</em>&nbsp; встаньте, опираясь о стену руками. Стопу одной ноги прислоните к стене, пятка при этом на полу. Держите эту ногу прямой.</p><p><em>Движение:</em>&nbsp; легко подталкивайте бедро вперёд до тех пор, пока не почувствуете растяжение задней поверхности вашей нижней ноги. Задержитесь на 30 секунд и поменяйте ногу. &nbsp;</p>','0a92a4d8fb16b0411bc9a5f3a9b9aacc','2017-02-27 15:01:48',0,'Фитнес'),(437,33,'Постизометрическая релаксация','мышц шеи и затылочной области ',192,'b95a7ac448fc60bb0dedc6f908a708f0.png','c87287e59bca1c6642d8e5487f80fbff.png',NULL,'','<p><em>Дополнительное оборудование:</em>&nbsp; стул.</p><p><em>Исходное положение:&nbsp; </em>сидя, спина выпрямлена. </p><p><em>Движение:</em>&nbsp; приведите шею в нейтральное положение и приложите&nbsp; большой палец к подбородку. Затем надавите подбородком на палец, не наклоняя головы вперед, пытаясь вытянуть подбородок&nbsp; в горизонтальной плоскости, преодолевая сопротивление от&nbsp; пальца. Удерживайте напряжение 6-7 сек. Затем расслабьтесь и&nbsp; вдавите подбородок в обратном&nbsp; направлении к шее, немного наклонив голову вперед&nbsp; растягивая мышцы шеи и затылка</p><p><em>Рекомендации:</em>&nbsp; следите за тем, чтобы движения были плавными. Во время наклона головы вперед и растяжения мышц на шее и&nbsp; затылке сделайте продолжительный выдох.</p>','fa583c4b8a9d6a3a8bbe0752557f692f','2017-03-01 16:26:50',0,'Реабилитация'),(438,33,'Повороты туловища ','в положении сидя с гимнастической палкой',193,'9867cbac91e3d4a3939f8b9dda6c6ebe.png','ac7498341e3a8b96aae608217c8390fd.png',NULL,'','<p><em>Дополнительное оборудование:</em>&nbsp; стул,&nbsp;&nbsp; гимнастическая палка.</p><p><em>Исходное положение:&nbsp;</em> сидя. </p><p><em>Движение:</em>&nbsp; поворачивайте верхнюю часть туловища влево-вправо с одновременным поворотом головы. </p><p><em>Рекомендации:</em>&nbsp; старайтесь держать спину прямой. <br></p><p>Следите за дыханием: в исходном положении - выдох, во время движения - вдох.</p>','f34af380188e0ff4ad6c9214ba56378d','2017-05-04 16:35:49',0,'Реабилитация'),(439,33,'Заведение гимнастической палки за спину','',194,'a740cbeff11f07524290e2170a453151.png','bc3274e70af9a6dce1983517849b4b68.png',NULL,'','<p><em>Дополнительное оборудование:</em>&nbsp; гимнастическая палка. </p><p><i>Исходное положение:</i>&nbsp; стоя. Палку возьмите широким хватом перед собой, ладонями к себе. Руки опущены.</p><p><i>Движение:</i>&nbsp; круговое движение руками с заведением гимнастической палки за спину. Поднимите прямые руки вверх над головой и плавно опустите палку за спину, поворачивая&nbsp; руки в плечевых суставах. </p><p><i>Рекомендации:</i>&nbsp; старайтесь держать спину прямой. Следите за дыханием: в исходном положении - вдох, во время движения - выдох.</p>','ee341f77892133ed0b3a125e1bf14fb1','2017-05-04 17:51:59',0,'Фитнес'),(440,33,'Подъём прямых рук вверх','в положении сидя с гимнастической палкой',195,'cb7cd37df0b130e01ae602fcc28f69a5.png','7a438a19203f72b87e6dba4045b3c798.png',NULL,'','<p><em>Дополнительное оборудование:&nbsp;</em>стул, гимнастическая палка.</p><p><em>Исходное положение:&nbsp; </em>сидя. Руки прямые. Возьмите палку широким хватом, ладонями вниз. &nbsp;</p><p><em>Движение:&nbsp;</em>поднимите прямые руки вверх над головой. Вернитесь в исходное положение.</p><p><em>Рекомендации:</em>&nbsp; удерживайте спину в нейтральном положении. Следите за дыханием: в исходном положении - выдох, во время движения - вдох.</p><br>','62f55aa9ff567ef16f2b91b4f961bcc0','2017-05-04 17:55:00',0,'Фитнес'),(441,33,'Наклоны верхней части туловища ','вправо-влево с гимнастической палкой',196,'20592db120a64bc144add4aff8fae245.png','0b856df09019092ef0384c68ae0b5e62.png',NULL,'','<p><em>Дополнительное оборудование:</em>&nbsp;&nbsp; гимнастическая палка.</p><p><i>Исходное положение:</i>&nbsp; стоя. Возьмите гимнастическую палку. Руки выпрямите&nbsp; над головой, хват чуть шире плеч, ладонями наружу.</p><p><i>Движение:&nbsp;</i> совершайте наклоны влево-вправо. </p><p><i>Рекомендации:</i>&nbsp; старайтесь держать туловище прямым. Следите за дыханием: в исходном положении - вдох, во время движения - выдох.</p>','496780953fa7ffcfe26b9be02da26581','2017-05-04 17:58:11',0,'Фитнес'),(442,33,'Повороты туловища вправо-влево','в положении сидя',197,'ae0da5eeffb10b816d1c3d1bacf2f390.png','6fb6e452b71032699deb851168c2a1dd.png',NULL,'','<p><em>Дополнительное оборудование:</em>&nbsp; стул. </p><p><em>Исходное положение:</em>&nbsp; сидя. Спина прямая. Руки согнуты в локтях и отведены в стороны на уровень плеч. </p><p><em>Движение:</em>&nbsp; повороты верхней части туловища влево-вправо. </p><p><em>Рекомендации:</em>&nbsp; старайтесь держать локти и плечи в одной плоскости. Следите за дыханием: во время поворота - вдох, в исходном положении выдох.</p>','69bbda9acc84b0c2fbc67566742c8e28','2017-05-04 18:00:38',0,'Фитнес'),(443,33,'\"Лесоруб\"','',198,'92e4ff42d2c84c08e01cb552d61ad077.png','50a6437836f7583a2e7882358a0eabf6.png',NULL,'','<p><em>Дополнительное оборудование:</em>&nbsp; силовой модуль или эластичный трос, петля для руки.&nbsp; Высота крепления тяги - на&nbsp; уровне головы.</p><p><em>Исходное положение:</em>&nbsp; стоя боком к силовому модулю, ноги немного шире ширины плеч.</p><p><em>Движение:</em>&nbsp; возьмитесь обеими руками за петлю, потяните трос к противоположному колену от тренажера&nbsp; одновременно приседая до сгибания коленей на 90° и поворотом туловища в сторону движения рук. Затем вернитесь в исходное положение и повторите движение.</p><p><em>Рекомендации:</em>&nbsp; старайтесь не наклоняться</p><p>сильно вперёд, следите за дыханием.</p>','5f5e1e01425b5f02553601083cbb2d2f','2017-05-04 18:02:49',0,'Реабилитация'),(444,33,'Тяга вниз прямыми руками','',199,'d6937dab299dd48ef3f03e6ac0b60fdc.png','cd6990329bf2e65718fcb6b6ca4645db.png',NULL,'','<p><em>Дополнительное оборудование:</em>&nbsp;&nbsp; силовой модуль или&nbsp; эластичный трос, петли для рук. Высота крепления троса&nbsp; - на уровне головы.</p><p><em>Исходное положение:</em>&nbsp; стоя лицом к силовому модулю. Ноги поставьте на ширину плеч и слегка согните в коленях,&nbsp; наклоните туловище немного вперёд. Руки прямые.</p><p><em>Движение:</em>&nbsp; выпрямите прямые руки перед грудью и поднимите&nbsp; на уровень плеч. Потяните трос обеими руками вниз к коленям, отводя плечи вниз и назад. Верните руки&nbsp; в исходное положение&nbsp; и повторите движение.&nbsp; &nbsp;</p><p><em>Рекомендации:</em>&nbsp; сохраняйте исходное положение туловища и ног неизменным,&nbsp; а руки прямыми. Следите за дыханием: в исходном положении - вдох, во время движения - выдох.</p>','3598b5d7c8a00421dabd62ee2a8611f2','2017-05-04 18:11:36',0,'Фитнес'),(445,33,'Тяга по диагонали вниз ','перед грудью',200,'82efc70ca67c4ff349203405ace22666.png','ca1bf0f4e1793b2350137ece6e8f8fb7.png',NULL,'','<p><em>Дополнительное оборудование:</em>&nbsp; силовой модуль, эластичный трос, петля для руки 1шт. Высота крепления троса - на уровне головы.</p><p><em>Исходное положение:</em>&nbsp; стоя спиной к силовому модулю. Ноги на ширине плеч. Поверните туловище и голову в сторону силового модуля возьмитесь одной рукой&nbsp; за петлю. </p><p><em>Движение:</em>&nbsp; прямой рукой&nbsp; тяните эластичный трос к противоположному бедру и поворачивайте туловище в том же направлении.&nbsp; Затем вернитесь в исходное положение и повторите движение.</p><p><em>Рекомендации:</em>&nbsp; старайтесь сохранять движения плавными, а туловище прямым. Следите за дыханием: в исходном положении - вдох, во время движения - выдох.</p>','d09105c128b5c1c450243d7bef2b4493','2017-05-04 18:14:03',0,'Реабилитация'),(446,33,'Подъём прямой руки вверх из-за спины','',201,'4d322e9fcf80ddad0daf6a04715d68ee.png','5ec1e16269da92d602b56d3611a077c3.png',NULL,'','<p><em>Дополнительное оборудование:</em>&nbsp; силовой модуль, эластичный трос, петля для руки 1шт. </p><p><em>Исходное положение:</em>&nbsp; стоя боком к силовому модулю. Одной рукой возьмитесь за&nbsp; вертикальную стойку, другой возьмитесь за петлю с эластичным тросом и заведите ее за спину.&nbsp; &nbsp;</p><p><em>Движение:</em>&nbsp; отведите руку через сторону&nbsp; вверх, до уровня головы. Вернитесь в исходное положение и повторите движение. </p><p><em>Рекомендации:</em>&nbsp; держите торс прямо, голова направлена вперед.&nbsp; Следите за дыханием: во время движения руки вверх - вдох, в исходном положении - выдох.</p>','7338489ded26335b7c05d8919ad19f21','2017-05-04 18:17:27',0,'Фитнес'),(447,33,'Тяга по диагонали вниз перед грудью','в положении сидя на фитболе',202,'e1fd877849110fa8e90d3e32f40c7e6c.png','52363521a847d1ea1c29379de47594a0.png',NULL,'','<p><em>Дополнительное оборудование:&nbsp;</em> фитбол, силовой модуль, эластичный трос, петля для руки 1шт. </p><p><em>Исходное положение:</em> сидя на фитболе. Ноги чуть шире плеч. Активной прямой рукой возьмитесь за петлю с эластичными тросом. Другую уприте в колено. Голову поверните в сторону активной руки.</p><p><em>Движение:</em>&nbsp; потяните&nbsp; активную руку к противоположной стороне тела, синхронно поворачивая голову и торс в том же направлении.Вернитесь в исходное положение и повторите движение. </p><p><em>Рекомендации:&nbsp; </em>держите торс прямо, лопатки сведите вместе. Следите за тем, чтобы рука на протяжении всего движения оставалась прямой. Следите за дыханием.</p>','ac281cc775f1594a16a3ff8a731852f6','2017-05-04 18:20:38',0,'Фитнес');
/*!40000 ALTER TABLE `exercises` ENABLE KEYS */;
UNLOCK TABLES;

--
-- Table structure for table `exercises_progress`
--

DROP TABLE IF EXISTS `exercises_progress`;
/*!40101 SET @saved_cs_client     = @@character_set_client */;
/*!40101 SET character_set_client = utf8 */;
CREATE TABLE `exercises_progress` (
  `id` int(11) NOT NULL AUTO_INCREMENT,
  `exercise_id` int(11) NOT NULL,
  `progress_id` int(11) NOT NULL,
  `order` int(11) DEFAULT '0',
  PRIMARY KEY (`id`),
  KEY `fk_progress_exercise` (`exercise_id`),
  KEY `fk_progress` (`progress_id`),
  CONSTRAINT `fk_progress` FOREIGN KEY (`progress_id`) REFERENCES `exercises` (`id`) ON DELETE CASCADE,
  CONSTRAINT `fk_progress_exercise` FOREIGN KEY (`exercise_id`) REFERENCES `exercises` (`id`) ON DELETE CASCADE
) ENGINE=InnoDB AUTO_INCREMENT=456 DEFAULT CHARSET=utf8;
/*!40101 SET character_set_client = @saved_cs_client */;

--
-- Dumping data for table `exercises_progress`
--

LOCK TABLES `exercises_progress` WRITE;
/*!40000 ALTER TABLE `exercises_progress` DISABLE KEYS */;
INSERT INTO `exercises_progress` VALUES (17,42,43,1),(18,42,42,2),(19,44,42,1),(20,44,44,2),(21,44,46,3),(26,56,56,1),(27,61,61,1),(28,62,62,1),(29,63,63,1),(30,64,64,1),(31,65,65,1),(32,66,66,1),(33,67,67,1),(34,68,68,1),(35,69,69,1),(36,70,70,1),(37,71,71,1),(38,72,72,1),(39,73,73,1),(40,74,74,1),(41,75,75,1),(42,76,76,1),(43,77,77,1),(44,78,78,1),(45,79,79,1),(46,80,80,1),(47,81,81,1),(48,82,82,1),(49,83,83,1),(50,84,84,1),(51,85,85,1),(52,43,43,2),(53,86,86,1),(54,87,87,1),(55,88,88,1),(56,89,89,1),(57,90,90,1),(58,91,91,1),(59,92,92,1),(60,93,93,1),(61,94,94,1),(62,95,95,1),(63,47,47,1),(64,48,48,1),(65,96,96,1),(66,97,97,1),(67,98,98,1),(68,99,99,1),(69,100,100,1),(70,101,101,1),(71,102,102,1),(72,103,103,1),(73,104,104,1),(74,105,105,1),(75,106,106,1),(76,107,107,1),(77,108,108,1),(78,109,109,1),(79,110,110,1),(80,111,111,1),(81,112,112,1),(82,113,113,3),(83,114,114,1),(84,115,115,1),(85,116,116,1),(86,117,117,1),(87,118,118,1),(88,119,119,1),(89,120,120,1),(90,121,121,1),(91,122,122,1),(92,123,123,1),(93,124,124,1),(94,125,125,1),(96,127,127,1),(98,43,45,1),(99,43,42,3),(100,129,129,1),(101,130,130,1),(102,131,131,1),(103,132,132,1),(104,133,133,1),(105,134,134,1),(106,135,135,1),(107,136,136,1),(108,137,137,1),(109,138,138,1),(110,139,139,1),(111,140,140,1),(112,141,141,1),(113,142,142,1),(114,143,143,1),(115,144,144,1),(116,145,145,1),(117,146,146,1),(118,147,147,1),(119,148,148,1),(120,50,50,1),(121,149,149,1),(122,150,150,1),(123,151,151,1),(124,152,152,1),(125,153,153,1),(126,45,45,1),(127,154,154,1),(128,155,155,1),(129,156,156,1),(130,157,157,1),(131,158,158,1),(132,159,159,1),(133,160,160,1),(134,161,161,1),(135,162,162,1),(136,163,163,1),(137,164,164,1),(138,165,165,1),(139,166,166,1),(140,167,167,1),(141,168,168,1),(142,46,46,1),(143,46,47,2),(144,49,49,1),(145,51,51,1),(146,52,52,1),(147,52,44,2),(148,53,53,1),(149,169,169,1),(150,170,170,1),(151,171,171,1),(152,172,172,1),(153,173,173,1),(154,174,174,1),(155,175,175,1),(156,176,176,1),(157,177,177,1),(158,178,178,1),(159,179,179,1),(160,180,180,1),(161,181,181,1),(162,182,182,1),(163,183,42,1),(164,183,183,2),(165,52,47,3),(166,52,50,4),(167,52,54,5),(168,113,51,1),(169,113,52,2),(170,113,53,4),(171,54,54,1),(176,189,189,3),(187,189,42,4),(188,189,113,1),(189,55,55,1),(190,183,43,3),(191,191,191,1),(192,189,50,2),(193,192,43,1),(195,192,44,3),(196,193,42,1),(198,193,43,2),(199,194,194,1),(200,195,195,1),(201,196,196,1),(202,196,108,2),(203,196,109,3),(204,197,197,1),(205,198,198,1),(206,199,199,1),(207,200,200,1),(208,201,201,1),(209,201,44,2),(210,202,202,1),(211,203,203,1),(212,204,204,1),(213,205,205,1),(214,206,206,1),(215,207,207,1),(217,209,209,1),(218,210,210,1),(219,211,211,1),(220,212,212,1),(221,213,213,1),(222,214,214,1),(223,215,215,1),(224,216,216,1),(225,217,217,1),(226,218,218,1),(227,219,219,1),(228,220,220,1),(229,221,221,1),(236,228,228,1),(237,229,229,1),(238,230,230,1),(239,231,231,1),(240,232,232,1),(241,233,233,1),(242,234,234,1),(243,235,235,1),(244,236,236,1),(245,237,237,1),(259,251,251,1),(260,252,252,1),(262,254,254,1),(263,255,255,1),(264,256,256,1),(265,257,257,1),(266,258,258,1),(267,259,259,1),(268,260,260,1),(269,261,261,1),(270,262,262,1),(271,263,263,1),(272,264,264,1),(273,265,265,1),(274,266,266,1),(275,267,267,1),(276,268,268,1),(277,269,269,1),(278,270,270,1),(279,271,271,1),(280,272,272,1),(281,273,273,1),(282,274,274,1),(283,275,275,1),(284,276,276,1),(285,277,277,1),(286,278,278,1),(287,279,279,1),(288,280,280,1),(289,281,281,1),(290,282,282,1),(291,283,283,1),(292,284,284,1),(293,285,285,1),(294,286,286,1),(295,287,287,1),(296,288,288,1),(297,289,289,1),(298,290,290,1),(299,291,291,1),(300,292,292,1),(301,293,293,1),(302,294,294,1),(303,295,295,1),(304,296,296,1),(305,297,297,1),(306,298,298,1),(307,299,299,1),(308,300,300,1),(309,301,301,1),(310,302,302,1),(311,303,303,1),(312,304,304,1),(313,305,305,1),(314,306,306,1),(315,307,307,1),(316,308,308,1),(317,309,309,1),(318,310,310,1),(319,311,311,1),(320,312,312,1),(321,313,313,1),(322,314,314,1),(323,315,315,1),(324,316,316,1),(325,317,317,1),(326,318,318,1),(327,319,319,1),(328,320,320,1),(329,321,321,1),(330,322,322,1),(331,323,323,1),(332,324,324,1),(333,325,325,1),(334,326,326,1),(335,327,327,1),(336,328,328,1),(337,329,329,1),(338,330,330,1),(339,331,331,1),(340,332,332,1),(341,333,333,1),(342,334,334,1),(343,335,335,1),(344,336,336,1),(345,337,337,1),(346,338,338,1),(347,339,339,1),(348,340,340,1),(349,341,341,1),(350,342,342,1),(351,343,343,1),(352,344,344,1),(353,345,345,1),(354,346,346,1),(355,347,347,1),(356,348,348,1),(357,349,349,1),(358,350,350,1),(359,351,351,1),(360,352,352,1),(361,353,353,1),(362,354,354,1),(363,355,355,1),(364,356,356,1),(365,357,357,1),(366,358,358,1),(367,359,359,1),(368,360,360,1),(369,361,361,1),(370,362,362,1),(371,363,363,1),(372,364,364,1),(373,365,365,1),(374,366,366,1),(375,367,367,1),(376,368,368,1),(377,369,369,1),(378,370,370,1),(379,371,371,1),(380,372,372,1),(381,373,373,1),(382,374,374,1),(383,375,375,1),(384,376,376,1),(385,377,377,1),(386,378,378,1),(387,379,379,1),(388,380,380,1),(389,381,381,1),(390,382,382,1),(391,383,383,1),(392,384,384,1),(393,385,385,1),(394,386,386,1),(395,387,387,1),(396,388,388,1),(397,389,389,1),(398,390,390,1),(399,391,391,1),(400,392,392,1),(401,393,393,1),(402,394,394,1),(403,395,395,1),(404,396,396,1),(405,397,397,1),(406,398,398,1),(407,399,399,1),(408,400,400,1),(409,401,401,1),(410,402,402,1),(411,403,403,1),(412,404,404,1),(413,405,405,1),(414,406,406,1),(415,407,407,1),(416,408,408,1),(417,409,409,1),(418,410,410,1),(419,411,411,1),(420,412,412,1),(421,413,413,1),(422,414,414,1),(423,415,415,1),(424,416,416,1),(425,417,417,1),(426,418,418,1),(427,419,419,1),(428,420,420,1),(429,421,421,1),(430,422,422,1),(431,423,423,1),(432,424,424,1),(433,425,425,1),(434,426,426,1),(435,427,427,1),(436,428,428,1),(437,429,429,1),(438,430,430,1),(439,431,431,1),(440,432,432,1),(441,433,433,1),(442,434,434,1),(443,435,435,1),(444,436,436,1),(445,437,437,1),(446,438,438,1),(447,439,439,1),(448,440,440,1),(449,441,441,1),(450,442,442,1),(451,443,443,1),(452,444,444,1),(453,445,445,1),(454,446,446,1),(455,447,447,1);
/*!40000 ALTER TABLE `exercises_progress` ENABLE KEYS */;
UNLOCK TABLES;

--
-- Table structure for table `exercises_related`
--

DROP TABLE IF EXISTS `exercises_related`;
/*!40101 SET @saved_cs_client     = @@character_set_client */;
/*!40101 SET character_set_client = utf8 */;
CREATE TABLE `exercises_related` (
  `id` int(11) NOT NULL AUTO_INCREMENT,
  `exercise_id` int(11) NOT NULL,
  `related_id` int(11) NOT NULL,
  `order` int(11) DEFAULT '0',
  PRIMARY KEY (`id`),
  KEY `fk_exercises_related` (`exercise_id`),
  KEY `fk_related` (`related_id`),
  CONSTRAINT `fk_exercises_related` FOREIGN KEY (`exercise_id`) REFERENCES `exercises` (`id`) ON DELETE CASCADE,
  CONSTRAINT `fk_related` FOREIGN KEY (`related_id`) REFERENCES `exercises` (`id`) ON DELETE CASCADE
) ENGINE=InnoDB AUTO_INCREMENT=134 DEFAULT CHARSET=utf8;
/*!40101 SET character_set_client = @saved_cs_client */;

--
-- Dumping data for table `exercises_related`
--

LOCK TABLES `exercises_related` WRITE;
/*!40000 ALTER TABLE `exercises_related` DISABLE KEYS */;
INSERT INTO `exercises_related` VALUES (59,47,46,1),(60,47,48,2),(61,47,45,3),(62,49,46,1),(63,49,47,2),(64,51,50,1),(65,51,43,2),(66,52,44,1),(67,52,49,2),(68,52,69,3),(69,52,76,4),(70,178,170,1),(71,179,174,1),(72,180,174,1),(73,183,42,1),(106,189,183,3),(107,189,42,1),(108,189,113,2),(109,183,113,2),(110,183,43,3),(111,183,48,4),(112,189,50,4),(114,192,43,1),(117,193,42,1),(118,193,45,2),(119,198,179,1),(120,200,180,1),(121,200,174,2),(122,201,52,1),(123,201,51,2),(124,201,50,3),(125,202,145,1),(126,202,179,2),(127,202,197,3),(128,207,168,1),(129,207,199,2),(130,218,209,1),(131,218,200,2),(132,220,217,1),(133,234,233,1);
/*!40000 ALTER TABLE `exercises_related` ENABLE KEYS */;
UNLOCK TABLES;

--
-- Table structure for table `exercises_results`
--

DROP TABLE IF EXISTS `exercises_results`;
/*!40101 SET @saved_cs_client     = @@character_set_client */;
/*!40101 SET character_set_client = utf8 */;
CREATE TABLE `exercises_results` (
  `id` int(11) NOT NULL AUTO_INCREMENT,
  `exercise_id` int(11) NOT NULL,
  `program_id` int(11) NOT NULL,
  `tab_id` int(11) NOT NULL,
  `user_id` int(11) NOT NULL,
  `data` text,
  PRIMARY KEY (`id`),
  KEY `fk_results_user` (`user_id`),
  KEY `fk_results_tabs` (`tab_id`),
  KEY `fk_results_programs` (`program_id`),
  KEY `fk_results_exercise` (`exercise_id`),
  CONSTRAINT `fk_results_exercise` FOREIGN KEY (`exercise_id`) REFERENCES `exercises` (`id`) ON DELETE CASCADE,
  CONSTRAINT `fk_results_programs` FOREIGN KEY (`program_id`) REFERENCES `programs` (`id`) ON DELETE CASCADE,
  CONSTRAINT `fk_results_tabs` FOREIGN KEY (`tab_id`) REFERENCES `programs_tabs` (`id`) ON DELETE CASCADE,
  CONSTRAINT `fk_results_user` FOREIGN KEY (`user_id`) REFERENCES `users` (`id`) ON DELETE CASCADE
) ENGINE=InnoDB DEFAULT CHARSET=utf8;
/*!40101 SET character_set_client = @saved_cs_client */;

--
-- Dumping data for table `exercises_results`
--

LOCK TABLES `exercises_results` WRITE;
/*!40000 ALTER TABLE `exercises_results` DISABLE KEYS */;
/*!40000 ALTER TABLE `exercises_results` ENABLE KEYS */;
UNLOCK TABLES;

--
-- Table structure for table `exercises_tags`
--

DROP TABLE IF EXISTS `exercises_tags`;
/*!40101 SET @saved_cs_client     = @@character_set_client */;
/*!40101 SET character_set_client = utf8 */;
CREATE TABLE `exercises_tags` (
  `id` int(11) NOT NULL AUTO_INCREMENT,
  `exercise_id` int(11) NOT NULL,
  `tag_id` int(11) NOT NULL,
  PRIMARY KEY (`id`),
  KEY `fk_tags_links_exercises` (`tag_id`),
  KEY `fk_exercises_links_tags` (`exercise_id`),
  CONSTRAINT `fk_exercises_links_tags` FOREIGN KEY (`exercise_id`) REFERENCES `exercises` (`id`) ON DELETE CASCADE,
  CONSTRAINT `fk_tags_links_exercises` FOREIGN KEY (`tag_id`) REFERENCES `tags` (`id`) ON DELETE CASCADE
) ENGINE=InnoDB AUTO_INCREMENT=2374 DEFAULT CHARSET=utf8;
/*!40101 SET character_set_client = @saved_cs_client */;

--
-- Dumping data for table `exercises_tags`
--

LOCK TABLES `exercises_tags` WRITE;
/*!40000 ALTER TABLE `exercises_tags` DISABLE KEYS */;
INSERT INTO `exercises_tags` VALUES (166,42,18),(168,42,22),(171,42,29),(172,42,30),(173,42,31),(177,43,18),(178,43,21),(179,43,22),(180,43,23),(181,43,28),(182,43,29),(183,43,31),(184,43,30),(190,61,18),(191,61,30),(192,61,31),(194,62,18),(195,62,22),(196,62,40),(199,63,26),(200,63,27),(201,63,40),(203,64,25),(204,64,31),(205,64,37),(208,65,25),(209,65,26),(210,65,31),(211,65,37),(214,66,21),(215,66,26),(216,66,30),(219,67,18),(220,67,25),(221,67,26),(222,67,30),(225,68,18),(226,68,21),(227,68,30),(230,69,18),(231,69,27),(232,69,28),(233,69,30),(236,70,18),(237,70,26),(238,70,27),(239,70,30),(242,71,18),(243,71,21),(244,71,25),(245,71,26),(246,71,30),(249,72,27),(250,72,28),(251,72,30),(254,73,18),(255,73,27),(256,73,28),(257,73,30),(260,74,18),(261,74,27),(262,74,30),(265,75,18),(266,75,27),(267,75,28),(268,75,30),(271,81,18),(272,81,26),(273,81,40),(276,82,18),(277,82,26),(278,82,40),(281,83,18),(282,83,25),(283,83,26),(284,83,39),(287,86,18),(288,86,21),(289,86,26),(290,86,30),(293,87,21),(294,87,26),(297,88,18),(298,88,25),(299,88,26),(302,89,21),(303,89,25),(304,89,26),(307,90,18),(308,90,21),(309,90,26),(312,91,19),(313,91,22),(314,91,25),(315,91,26),(316,91,27),(317,91,30),(320,92,19),(321,92,22),(322,92,27),(323,92,30),(326,93,26),(327,93,27),(328,93,30),(329,93,38),(333,94,19),(334,94,26),(335,94,30),(339,95,19),(340,95,26),(341,95,30),(342,95,38),(346,96,18),(347,96,25),(348,96,26),(349,96,38),(352,97,18),(353,97,22),(354,97,26),(355,97,27),(356,97,38),(359,98,18),(360,98,22),(361,98,29),(362,98,30),(363,98,31),(366,100,18),(367,100,22),(368,100,29),(369,100,31),(372,101,19),(373,101,22),(374,101,27),(375,101,28),(376,101,30),(379,102,19),(380,102,26),(381,102,30),(383,103,53),(384,103,25),(385,103,26),(388,105,18),(389,105,22),(390,105,28),(391,105,30),(393,106,49),(396,106,19),(397,106,22),(398,106,27),(399,106,28),(400,106,30),(404,107,22),(405,107,27),(406,107,30),(408,108,14),(410,108,22),(411,108,30),(412,108,31),(414,109,19),(415,109,22),(417,109,27),(418,109,30),(419,109,31),(421,110,46),(423,110,20),(424,110,22),(425,110,27),(426,110,29),(427,110,32),(430,112,20),(431,112,27),(433,112,32),(436,113,20),(437,113,27),(438,113,32),(441,114,20),(442,114,27),(443,114,32),(446,115,20),(447,115,22),(448,115,27),(449,115,32),(452,116,20),(453,116,22),(454,116,27),(455,116,28),(456,116,32),(459,117,20),(460,117,22),(461,117,26),(462,117,32),(463,117,38),(465,118,14),(467,118,20),(468,118,22),(469,118,26),(470,118,32),(471,118,38),(474,119,20),(475,119,22),(476,119,26),(477,119,31),(478,119,32),(480,120,14),(482,120,20),(483,120,22),(484,120,26),(485,120,31),(486,120,32),(488,121,46),(489,121,19),(490,121,27),(491,121,28),(492,121,35),(495,122,20),(496,122,26),(497,122,27),(498,122,31),(499,122,32),(500,122,37),(502,123,46),(503,123,19),(504,123,27),(505,123,28),(506,123,35),(509,124,20),(510,124,22),(511,124,29),(512,124,32),(516,125,19),(517,125,22),(518,125,28),(519,125,32),(520,125,35),(522,129,46),(523,129,19),(524,129,27),(525,129,35),(527,130,46),(529,130,19),(530,130,26),(531,130,27),(532,130,35),(534,131,46),(535,131,22),(536,131,27),(537,131,28),(538,131,35),(540,132,46),(542,132,19),(543,132,22),(544,132,28),(545,132,35),(547,133,46),(549,133,19),(550,133,22),(551,133,28),(552,133,35),(554,134,46),(556,134,19),(557,134,22),(558,134,27),(559,134,35),(561,135,46),(563,135,19),(564,135,22),(565,135,27),(566,135,35),(568,136,46),(569,136,19),(570,136,22),(571,136,27),(572,136,28),(573,136,35),(575,137,46),(576,137,19),(577,137,27),(578,137,30),(579,137,32),(581,138,46),(582,138,19),(583,138,27),(584,138,30),(586,139,46),(587,139,19),(588,139,22),(589,139,27),(591,139,30),(593,140,14),(595,140,19),(596,140,26),(597,140,27),(598,140,31),(600,141,14),(602,141,19),(604,141,26),(606,141,31),(609,142,18),(610,142,21),(611,142,26),(612,142,40),(615,143,18),(616,143,21),(617,143,26),(619,143,37),(622,144,18),(623,144,21),(624,144,26),(625,144,30),(628,145,18),(629,145,21),(630,145,26),(631,145,30),(634,146,18),(635,146,21),(636,146,26),(637,146,40),(641,147,18),(642,147,21),(643,147,25),(644,147,26),(645,147,40),(647,148,14),(649,148,18),(650,148,22),(651,148,25),(652,148,26),(653,148,36),(654,148,39),(655,42,14),(656,45,14),(657,45,53),(658,45,22),(659,45,56),(660,45,29),(661,45,30),(662,156,14),(663,156,49),(664,156,18),(665,156,21),(666,156,59),(667,156,26),(668,156,54),(669,155,49),(670,155,18),(671,155,21),(672,155,56),(673,155,26),(675,157,49),(676,157,18),(677,157,21),(678,157,26),(679,157,54),(680,158,49),(681,158,18),(682,158,21),(683,158,58),(684,158,26),(685,158,54),(686,159,49),(687,159,18),(688,159,21),(689,159,58),(690,159,26),(691,159,54),(692,160,49),(693,160,18),(694,160,21),(695,160,57),(696,160,56),(697,160,26),(698,160,37),(699,161,49),(700,161,18),(701,161,21),(702,161,25),(703,161,27),(704,161,30),(705,162,14),(706,162,46),(707,162,19),(708,162,21),(709,162,59),(710,162,25),(712,162,30),(713,163,46),(714,163,19),(715,163,21),(716,163,25),(717,163,27),(718,163,30),(719,163,36),(720,164,46),(721,164,19),(722,164,21),(723,164,25),(725,164,30),(726,165,49),(727,165,18),(728,165,21),(729,165,54),(730,166,46),(731,166,19),(732,166,59),(733,166,27),(734,166,35),(735,167,41),(736,167,18),(737,167,28),(738,168,41),(739,168,18),(740,168,22),(741,168,59),(742,168,25),(743,168,66),(744,81,49),(745,81,21),(746,81,57),(747,46,14),(748,46,18),(749,46,57),(750,46,56),(751,46,29),(752,46,30),(753,48,14),(754,48,18),(755,48,21),(756,48,58),(757,48,29),(758,48,30),(759,47,14),(760,47,49),(761,47,18),(762,47,21),(763,47,56),(764,47,29),(765,47,30),(766,49,14),(767,49,18),(768,49,21),(769,49,22),(770,49,56),(771,49,29),(772,49,30),(773,49,31),(774,51,14),(775,51,18),(776,51,21),(777,51,29),(778,51,30),(779,52,14),(780,52,18),(781,52,21),(782,52,56),(783,52,29),(784,52,30),(785,169,49),(786,169,18),(787,169,21),(788,169,30),(789,170,14),(790,170,46),(791,170,18),(792,170,23),(793,170,58),(794,170,29),(795,170,66),(796,171,14),(797,171,46),(798,171,18),(799,171,23),(800,171,58),(801,171,27),(802,171,29),(803,171,66),(804,172,14),(805,172,46),(806,172,18),(807,172,27),(808,172,28),(809,172,66),(810,173,14),(811,173,46),(812,173,18),(813,173,23),(814,173,59),(815,173,27),(816,173,66),(817,174,14),(818,174,46),(819,174,18),(820,174,23),(821,174,59),(822,174,26),(823,174,27),(824,174,66),(825,175,14),(826,175,18),(827,175,22),(828,175,59),(829,175,27),(830,175,66),(831,176,14),(832,176,18),(833,176,23),(834,176,58),(835,176,29),(836,176,66),(837,177,14),(838,177,47),(839,177,18),(840,177,22),(841,177,58),(842,177,29),(843,177,66),(844,178,14),(845,178,46),(846,178,18),(847,178,23),(848,178,58),(849,178,29),(850,178,66),(851,179,14),(852,179,18),(853,179,22),(854,179,58),(855,179,26),(856,179,66),(857,180,14),(858,180,18),(859,180,22),(860,180,59),(861,180,26),(862,180,66),(863,181,47),(864,181,49),(865,181,18),(866,181,21),(867,181,57),(868,181,56),(869,181,25),(870,181,66),(871,182,14),(872,182,18),(873,182,21),(874,182,58),(875,182,25),(876,182,66),(877,183,65),(878,121,21),(879,121,25),(880,78,14),(881,78,18),(882,78,22),(883,78,27),(884,78,28),(885,78,37),(886,78,30),(887,77,14),(888,77,18),(889,77,29),(890,77,30),(891,77,37),(893,79,18),(894,79,22),(895,79,25),(896,79,39),(897,79,30),(898,79,14),(899,80,14),(900,80,18),(901,80,25),(902,80,40),(903,84,14),(904,84,18),(905,84,21),(906,84,25),(907,84,40),(908,85,14),(909,85,18),(910,85,21),(912,85,25),(913,85,40),(914,85,26),(915,88,14),(916,88,21),(917,88,40),(918,50,14),(919,50,18),(920,50,22),(921,50,59),(922,50,29),(923,50,30),(924,50,31),(925,44,14),(927,44,21),(928,44,56),(929,44,29),(930,44,30),(931,44,53),(932,92,14),(933,89,14),(934,89,18),(935,89,40),(936,90,40),(937,94,38),(938,189,41),(940,189,14),(941,54,14),(942,54,18),(943,54,22),(944,54,56),(945,54,25),(946,54,38),(947,62,53),(948,107,14),(949,107,19),(950,107,25),(951,107,66),(952,108,19),(953,108,25),(954,108,27),(955,109,14),(956,109,25),(957,111,46),(958,111,20),(959,111,22),(960,111,25),(961,111,27),(962,111,32),(963,114,46),(964,114,22),(965,112,46),(966,112,22),(967,115,46),(968,116,46),(969,117,46),(970,117,27),(971,119,14),(972,120,27),(973,122,46),(974,122,22),(975,129,22),(976,129,32),(977,130,22),(978,130,32),(979,131,19),(980,132,14),(981,132,32),(982,133,14),(983,133,32),(984,134,14),(985,134,32),(986,135,32),(987,136,32),(988,137,22),(989,138,14),(990,138,22),(991,138,32),(992,94,27),(993,94,28),(994,96,14),(995,96,33),(996,97,33),(997,99,14),(998,99,53),(999,99,21),(1000,99,27),(1001,99,28),(1002,99,40),(1003,104,47),(1004,104,53),(1005,104,21),(1006,104,27),(1007,104,40),(1008,103,46),(1009,103,40),(1010,105,27),(1011,105,29),(1012,108,28),(1013,111,26),(1014,140,22),(1015,141,22),(1016,143,40),(1017,144,49),(1018,145,49),(1019,146,49),(1020,147,49),(1021,149,49),(1022,149,18),(1023,149,21),(1024,149,29),(1025,149,40),(1026,150,49),(1027,150,18),(1028,150,21),(1029,150,29),(1030,150,40),(1031,151,49),(1032,151,18),(1033,151,21),(1034,151,29),(1035,151,40),(1036,152,47),(1037,152,49),(1038,152,18),(1039,152,21),(1040,152,29),(1041,152,40),(1042,153,47),(1043,153,49),(1044,153,18),(1045,153,21),(1046,153,29),(1047,153,40),(1048,154,47),(1049,154,49),(1050,154,18),(1051,154,21),(1052,154,29),(1053,154,40),(1054,155,40),(1055,164,49),(1056,166,22),(1063,183,41),(1064,183,14),(1065,183,47),(1066,183,46),(1070,135,59),(1071,135,24),(1072,141,57),(1073,141,25),(1074,142,49),(1075,142,57),(1076,142,56),(1077,143,49),(1078,143,59),(1079,194,14),(1080,194,18),(1081,194,22),(1082,194,58),(1083,194,27),(1084,194,28),(1085,194,29),(1086,194,66),(1087,195,14),(1088,195,18),(1089,195,22),(1090,195,57),(1091,195,29),(1092,195,66),(1093,196,49),(1094,196,19),(1095,196,21),(1096,196,59),(1097,196,58),(1098,196,26),(1099,196,30),(1100,196,37),(1101,197,49),(1102,197,18),(1103,197,21),(1104,197,59),(1105,197,58),(1106,197,25),(1107,197,26),(1108,197,30),(1109,198,14),(1110,198,18),(1111,198,22),(1112,198,58),(1113,198,26),(1114,198,66),(1115,198,30),(1116,199,14),(1117,199,20),(1118,199,22),(1119,199,59),(1120,199,57),(1121,199,26),(1122,199,66),(1123,200,14),(1124,200,18),(1125,200,22),(1126,200,59),(1127,200,25),(1128,200,26),(1129,200,66),(1130,201,49),(1131,201,18),(1132,201,21),(1133,201,56),(1134,201,29),(1135,201,30),(1136,202,14),(1137,202,18),(1138,202,22),(1139,202,59),(1140,202,56),(1141,202,25),(1142,202,26),(1143,202,66),(1144,203,14),(1145,203,46),(1146,203,20),(1147,203,22),(1148,203,59),(1149,203,58),(1150,203,29),(1151,203,66),(1152,205,14),(1153,205,46),(1154,205,18),(1155,205,22),(1156,205,27),(1157,205,28),(1158,205,66),(1159,206,14),(1160,206,46),(1161,206,18),(1162,206,22),(1163,206,56),(1164,206,28),(1165,206,29),(1166,206,66),(1167,207,14),(1168,207,46),(1169,207,20),(1170,207,59),(1171,207,58),(1172,207,25),(1173,207,66),(1174,209,41),(1175,209,14),(1176,209,20),(1177,209,22),(1178,209,58),(1179,209,25),(1180,209,66),(1181,210,41),(1182,210,14),(1183,210,20),(1184,210,22),(1185,210,59),(1186,210,58),(1187,210,25),(1188,210,26),(1189,210,66),(1190,211,41),(1191,211,14),(1192,211,20),(1193,211,23),(1194,211,31),(1195,211,37),(1196,212,41),(1197,212,14),(1198,212,20),(1199,212,59),(1200,212,25),(1201,212,26),(1202,212,66),(1203,212,30),(1204,213,41),(1205,213,14),(1206,213,46),(1207,213,20),(1208,213,23),(1209,213,59),(1210,213,58),(1211,213,29),(1212,213,66),(1213,213,30),(1216,214,25),(1218,214,41),(1219,214,20),(1220,214,22),(1221,214,23),(1222,214,58),(1223,214,56),(1224,214,26),(1225,214,38),(1226,215,41),(1227,215,20),(1228,215,22),(1229,215,23),(1230,215,56),(1231,215,26),(1232,215,38),(1233,216,41),(1234,216,20),(1235,216,22),(1236,216,23),(1237,216,56),(1238,216,26),(1239,216,38),(1240,217,41),(1241,217,14),(1242,217,20),(1243,217,22),(1244,217,59),(1245,217,58),(1246,217,25),(1247,217,66),(1248,218,41),(1249,218,14),(1250,218,20),(1251,218,23),(1252,218,59),(1253,218,25),(1254,218,26),(1255,218,66),(1256,219,41),(1257,219,14),(1258,219,20),(1259,219,23),(1260,219,59),(1261,219,58),(1262,219,29),(1263,219,66),(1264,220,41),(1265,220,14),(1266,220,20),(1267,220,23),(1268,220,59),(1269,220,58),(1270,220,25),(1271,220,26),(1272,220,66),(1273,221,41),(1274,221,14),(1275,221,20),(1276,221,23),(1277,221,58),(1278,221,25),(1279,221,66),(1280,255,18),(1281,255,41),(1282,255,14),(1283,255,22),(1284,255,38),(1285,229,49),(1286,229,18),(1287,229,21),(1288,229,59),(1289,229,29),(1290,254,47),(1291,254,18),(1292,254,21),(1293,254,27),(1294,254,29),(1295,63,14),(1296,63,21),(1297,256,14),(1298,256,49),(1299,256,18),(1300,256,21),(1301,256,29),(1303,257,18),(1305,234,47),(1306,234,18),(1307,234,21),(1308,234,24),(1309,234,25),(1310,234,26),(1311,234,27),(1312,257,14),(1313,257,25),(1314,257,26),(1315,257,27),(1316,258,14),(1317,258,18),(1318,258,22),(1319,258,25),(1320,258,26),(1321,258,27),(1322,259,14),(1323,259,18),(1324,259,21),(1325,259,29),(1326,260,14),(1327,260,18),(1328,260,21),(1329,260,29),(1330,260,40),(1331,258,40),(1332,257,22),(1333,257,40),(1334,261,14),(1335,261,18),(1336,261,22),(1337,261,27),(1338,261,29),(1339,261,40),(1340,262,14),(1341,262,18),(1342,262,21),(1343,262,27),(1344,262,29),(1345,262,40),(1346,263,14),(1347,263,18),(1348,263,21),(1349,263,29),(1350,263,40),(1351,264,14),(1352,264,18),(1353,264,22),(1354,264,25),(1355,264,26),(1356,264,27),(1358,265,14),(1359,265,18),(1360,265,21),(1361,265,29),(1362,265,40),(1363,266,14),(1364,266,46),(1365,266,18),(1366,266,21),(1367,266,25),(1369,267,14),(1370,267,18),(1371,267,21),(1372,267,25),(1373,267,35),(1374,264,35),(1375,264,38),(1376,266,35),(1377,266,38),(1378,251,14),(1379,251,18),(1380,251,21),(1381,251,27),(1382,251,29),(1383,251,40),(1384,252,14),(1385,252,49),(1386,252,18),(1387,252,21),(1388,252,27),(1389,252,31),(1390,237,47),(1391,237,18),(1392,237,21),(1393,237,27),(1394,237,29),(1395,237,40),(1396,236,47),(1397,236,18),(1398,236,21),(1399,236,27),(1400,236,29),(1401,236,40),(1402,228,47),(1403,228,18),(1404,228,21),(1405,228,29),(1406,228,40),(1407,230,47),(1408,230,18),(1409,230,21),(1410,230,24),(1411,230,25),(1412,230,27),(1413,230,40),(1414,231,49),(1415,231,18),(1416,231,21),(1417,231,25),(1418,231,40),(1419,232,49),(1420,232,18),(1421,232,21),(1422,232,25),(1423,232,40),(1424,233,47),(1425,233,18),(1426,233,22),(1427,233,26),(1428,233,27),(1429,235,14),(1430,235,53),(1431,235,21),(1433,235,27),(1434,235,29),(1436,268,41),(1437,268,18),(1438,268,21),(1439,268,29),(1440,268,54),(1441,269,14),(1442,269,53),(1443,269,21),(1444,269,29),(1445,269,40),(1446,270,49),(1447,270,18),(1448,270,21),(1449,270,29),(1450,270,40),(1451,271,14),(1452,271,18),(1453,271,21),(1454,271,25),(1455,271,27),(1456,271,29),(1457,271,40),(1458,272,14),(1459,272,18),(1460,272,23),(1461,272,27),(1462,272,29),(1463,272,40),(1464,273,41),(1465,273,18),(1466,273,22),(1467,273,25),(1468,273,26),(1469,273,37),(1470,274,14),(1471,274,18),(1472,274,22),(1473,274,25),(1474,274,26),(1475,274,37),(1476,275,14),(1477,275,46),(1478,275,18),(1479,275,21),(1480,275,25),(1481,275,35),(1482,276,14),(1483,276,18),(1484,276,22),(1488,277,14),(1489,277,18),(1490,277,22),(1491,277,25),(1492,277,26),(1493,277,37),(1494,278,14),(1495,278,18),(1496,278,22),(1500,276,29),(1501,276,54),(1502,278,29),(1503,278,40),(1504,279,14),(1505,279,18),(1506,279,21),(1507,279,29),(1508,279,40),(1509,280,14),(1510,280,46),(1511,280,18),(1512,280,21),(1513,280,25),(1514,280,26),(1515,280,27),(1516,280,35),(1517,280,38),(1518,281,46),(1519,281,18),(1520,281,21),(1521,281,29),(1522,281,35),(1523,282,14),(1524,282,46),(1525,282,18),(1526,282,21),(1527,282,25),(1528,282,35),(1529,282,38),(1530,283,41),(1531,283,20),(1532,283,22),(1533,283,25),(1534,283,26),(1535,283,27),(1536,283,31),(1537,283,37),(1538,284,41),(1539,284,20),(1540,284,23),(1541,284,25),(1542,284,26),(1543,284,27),(1544,284,31),(1545,285,14),(1546,285,19),(1547,285,21),(1548,285,29),(1549,285,37),(1550,286,14),(1551,286,20),(1552,286,22),(1553,286,24),(1554,286,25),(1555,286,26),(1556,286,27),(1557,286,37),(1558,287,14),(1559,287,20),(1560,287,21),(1561,287,25),(1562,287,37),(1563,288,14),(1564,288,20),(1565,288,22),(1566,288,25),(1567,288,26),(1568,288,37),(1569,289,14),(1570,289,19),(1571,289,21),(1572,289,29),(1573,289,37),(1574,290,14),(1575,290,19),(1576,290,21),(1577,290,25),(1578,290,26),(1579,290,27),(1580,290,37),(1581,291,14),(1582,291,19),(1583,291,21),(1584,291,25),(1585,291,26),(1586,291,33),(1587,291,38),(1588,292,14),(1589,292,46),(1590,292,18),(1591,292,21),(1592,292,25),(1593,292,26),(1594,292,27),(1595,292,35),(1596,293,41),(1597,293,18),(1598,293,22),(1600,293,27),(1601,293,29),(1602,293,40),(1603,294,41),(1604,294,18),(1605,294,22),(1606,294,25),(1607,294,27),(1608,294,28),(1609,294,29),(1610,294,40),(1611,295,14),(1612,295,19),(1613,295,21),(1614,295,25),(1615,295,38),(1616,296,14),(1617,296,19),(1618,296,21),(1619,296,27),(1620,296,29),(1621,296,54),(1622,297,14),(1623,297,18),(1624,297,21),(1625,297,27),(1626,297,28),(1627,297,54),(1628,298,14),(1629,298,20),(1630,298,22),(1631,298,29),(1632,298,54),(1633,299,41),(1634,299,20),(1635,299,21),(1636,299,29),(1637,299,40),(1638,300,14),(1639,300,20),(1640,300,21),(1641,300,25),(1642,300,29),(1643,300,40),(1644,301,14),(1645,301,18),(1646,301,21),(1647,301,25),(1648,301,26),(1649,301,27),(1650,301,40),(1651,302,46),(1652,302,20),(1653,302,21),(1654,302,29),(1656,303,14),(1657,303,20),(1658,303,21),(1659,303,29),(1661,304,46),(1662,304,20),(1663,304,21),(1664,304,54),(1665,302,55),(1666,303,55),(1667,305,46),(1668,305,20),(1669,305,21),(1670,305,29),(1671,305,55),(1672,306,46),(1673,306,20),(1674,306,21),(1675,306,29),(1676,306,55),(1677,307,46),(1678,307,20),(1679,307,21),(1680,307,29),(1681,307,54),(1682,308,46),(1683,308,20),(1684,308,21),(1685,308,29),(1686,308,54),(1687,309,46),(1688,309,20),(1689,309,21),(1690,309,55),(1691,309,29),(1692,310,46),(1693,310,20),(1694,310,21),(1695,310,55),(1696,311,46),(1697,311,20),(1698,311,21),(1699,311,29),(1700,311,54),(1701,312,46),(1702,312,20),(1703,312,21),(1704,312,29),(1705,312,54),(1706,313,46),(1707,313,20),(1708,313,21),(1709,313,29),(1710,313,55),(1711,314,46),(1712,314,20),(1713,314,21),(1714,314,55),(1715,315,41),(1716,315,46),(1717,315,20),(1718,315,21),(1719,315,25),(1720,315,55),(1721,315,38),(1722,316,14),(1723,316,46),(1724,316,20),(1725,316,22),(1726,316,27),(1727,316,29),(1728,316,54),(1729,317,46),(1730,317,20),(1731,317,21),(1732,317,55),(1733,318,46),(1734,318,20),(1735,318,21),(1736,318,29),(1737,318,30),(1738,319,47),(1739,319,46),(1740,319,20),(1741,319,21),(1742,319,29),(1743,319,54),(1744,320,14),(1745,320,46),(1746,320,53),(1747,320,25),(1748,320,26),(1749,320,27),(1750,320,55),(1751,321,46),(1752,321,20),(1753,321,21),(1754,321,25),(1755,321,55),(1756,322,14),(1757,322,46),(1758,322,20),(1759,322,29),(1760,322,55),(1761,323,14),(1762,323,46),(1763,323,53),(1764,323,22),(1765,323,25),(1766,323,29),(1767,323,55),(1768,324,46),(1769,324,53),(1770,324,21),(1771,324,27),(1772,324,55),(1773,325,46),(1774,325,20),(1775,325,21),(1776,325,25),(1777,325,29),(1778,325,55),(1779,326,14),(1780,326,46),(1781,326,18),(1782,326,22),(1783,326,27),(1784,326,28),(1785,326,29),(1786,326,55),(1787,327,14),(1788,327,46),(1789,327,20),(1790,327,21),(1791,327,29),(1792,327,37),(1793,328,14),(1794,328,46),(1795,328,18),(1796,328,35),(1797,329,14),(1798,329,46),(1799,329,53),(1800,329,21),(1801,329,29),(1802,329,55),(1803,330,41),(1804,330,46),(1805,330,20),(1806,330,29),(1807,330,31),(1808,330,37),(1809,331,14),(1810,331,46),(1811,331,20),(1812,331,22),(1813,331,29),(1814,331,54),(1815,332,14),(1816,332,20),(1817,332,21),(1818,332,29),(1819,332,54),(1820,333,46),(1821,333,20),(1822,333,21),(1823,333,29),(1824,333,54),(1825,334,46),(1826,334,20),(1827,334,21),(1828,334,29),(1829,334,54),(1830,335,14),(1831,335,46),(1832,335,21),(1833,335,29),(1834,335,54),(1835,336,14),(1836,336,46),(1837,336,20),(1838,336,21),(1839,336,29),(1841,336,55),(1842,337,14),(1843,337,46),(1844,337,20),(1845,337,29),(1846,337,54),(1847,338,14),(1848,338,46),(1849,338,20),(1850,338,21),(1851,339,14),(1852,339,46),(1853,339,20),(1854,339,21),(1855,339,29),(1856,339,54),(1857,340,14),(1858,340,18),(1859,340,22),(1860,340,25),(1861,340,27),(1862,340,29),(1863,340,55),(1865,341,18),(1869,341,29),(1871,342,41),(1872,342,46),(1873,342,18),(1874,342,23),(1875,342,25),(1876,342,27),(1877,342,28),(1879,343,14),(1880,343,19),(1881,343,21),(1882,343,29),(1883,343,55),(1885,344,46),(1886,344,18),(1887,344,22),(1890,344,28),(1891,344,29),(1893,345,41),(1894,345,18),(1898,345,29),(1900,346,14),(1901,346,19),(1902,346,21),(1903,346,25),(1904,346,27),(1906,347,14),(1907,347,19),(1908,347,21),(1909,347,25),(1910,347,55),(1911,348,41),(1912,348,46),(1913,348,18),(1914,348,22),(1915,348,25),(1916,348,27),(1917,348,28),(1918,348,29),(1919,348,30),(1920,348,55),(1922,349,18),(1924,349,25),(1925,349,26),(1928,350,14),(1929,350,18),(1930,350,22),(1931,350,27),(1932,350,28),(1933,350,29),(1934,350,30),(1935,351,14),(1936,351,19),(1937,351,27),(1938,351,30),(1939,352,14),(1940,352,18),(1941,352,22),(1942,352,29),(1943,352,30),(1944,352,55),(1945,336,31),(1946,343,31),(1947,353,41),(1948,353,18),(1949,353,22),(1950,353,27),(1952,353,29),(1954,353,55),(1955,354,14),(1956,354,18),(1958,354,29),(1960,354,55),(1962,355,18),(1964,355,28),(1965,355,29),(1967,355,55),(1969,356,18),(1970,356,29),(1973,357,18),(1975,357,27),(1977,357,29),(1980,358,18),(1983,358,29),(1986,359,18),(1989,359,29),(1992,360,18),(1994,360,27),(1996,360,29),(1998,351,49),(1999,353,46),(2000,353,66),(2001,354,46),(2002,354,23),(2003,354,28),(2004,354,66),(2005,355,41),(2006,355,46),(2007,355,23),(2008,355,66),(2009,356,41),(2010,356,46),(2011,356,23),(2012,356,27),(2013,356,66),(2014,356,55),(2015,357,41),(2016,357,23),(2017,357,66),(2018,357,55),(2019,358,41),(2020,358,23),(2021,358,27),(2022,358,66),(2023,358,55),(2024,359,47),(2025,359,49),(2026,359,22),(2027,359,66),(2028,359,55),(2029,360,41),(2030,360,46),(2031,360,22),(2032,360,66),(2033,360,55),(2034,345,46),(2035,345,23),(2036,345,66),(2037,345,55),(2038,344,41),(2039,344,66),(2040,344,55),(2041,346,46),(2042,346,55),(2043,341,41),(2044,341,46),(2045,341,23),(2046,341,66),(2047,341,55),(2048,235,46),(2049,235,54),(2050,342,66),(2051,342,55),(2052,349,41),(2053,349,46),(2054,349,23),(2055,349,66),(2056,204,41),(2057,204,14),(2058,204,53),(2059,204,23),(2060,204,27),(2061,204,28),(2062,204,29),(2063,204,66),(2064,63,53),(2065,53,14),(2066,53,47),(2067,53,18),(2068,53,21),(2069,53,25),(2070,53,27),(2071,53,40),(2072,55,14),(2073,55,18),(2074,55,21),(2075,55,25),(2076,55,27),(2077,55,40),(2078,56,14),(2079,56,18),(2080,56,22),(2081,56,25),(2082,56,38),(2083,362,47),(2084,362,18),(2085,362,21),(2087,363,47),(2088,363,19),(2089,363,21),(2090,363,24),(2091,364,47),(2092,364,19),(2093,364,22),(2094,364,29),(2095,364,35),(2096,365,47),(2097,365,19),(2098,365,21),(2101,365,26),(2103,366,47),(2104,366,20),(2105,366,21),(2106,366,24),(2107,367,47),(2108,367,20),(2109,367,21),(2110,367,24),(2111,368,47),(2112,368,19),(2113,368,20),(2114,368,21),(2115,368,24),(2116,369,14),(2117,369,20),(2118,369,29),(2119,369,54),(2120,370,47),(2121,370,19),(2122,370,24),(2123,371,47),(2124,371,19),(2125,371,21),(2126,371,24),(2128,371,27),(2129,372,47),(2130,372,20),(2131,372,24),(2132,372,26),(2133,373,14),(2134,373,20),(2135,373,21),(2136,373,29),(2137,373,35),(2138,374,47),(2139,374,20),(2140,374,21),(2141,374,26),(2142,375,47),(2143,375,20),(2144,375,21),(2145,375,25),(2146,377,47),(2147,377,20),(2148,377,21),(2149,377,24),(2150,378,47),(2151,378,18),(2152,378,21),(2153,378,27),(2154,379,14),(2155,379,20),(2156,379,22),(2157,379,27),(2158,380,14),(2159,380,46),(2160,380,20),(2161,380,22),(2162,380,27),(2163,381,47),(2164,381,19),(2165,381,21),(2166,381,29),(2167,382,14),(2168,382,47),(2169,382,20),(2170,382,21),(2171,382,25),(2172,382,26),(2173,383,14),(2174,383,47),(2175,383,20),(2176,383,21),(2177,383,29),(2178,361,47),(2179,361,19),(2180,361,21),(2181,361,29),(2182,362,26),(2183,376,47),(2184,376,18),(2185,376,21),(2186,376,29),(2187,384,47),(2188,384,20),(2189,384,21),(2190,384,26),(2191,385,47),(2192,385,20),(2193,385,21),(2194,385,24),(2195,386,47),(2196,386,18),(2197,386,21),(2198,386,29),(2199,387,47),(2200,387,18),(2201,387,21),(2202,387,29),(2203,388,47),(2204,388,20),(2205,388,21),(2206,388,26),(2207,389,47),(2208,389,20),(2209,389,21),(2210,389,25),(2211,389,26),(2212,389,27),(2213,390,14),(2214,390,47),(2215,390,20),(2216,390,21),(2217,390,29),(2218,391,47),(2219,391,20),(2220,391,21),(2221,391,24),(2222,392,14),(2223,392,18),(2224,392,21),(2225,392,28),(2226,393,14),(2227,393,20),(2228,393,21),(2229,393,29),(2230,393,54),(2231,394,14),(2232,394,20),(2233,394,21),(2234,394,29),(2235,394,54),(2236,395,14),(2237,395,18),(2238,395,22),(2239,395,27),(2240,395,29),(2241,396,14),(2242,396,20),(2243,396,21),(2244,396,25),(2245,396,27),(2246,397,14),(2247,397,18),(2248,397,21),(2249,397,28),(2250,397,29),(2251,398,14),(2252,398,20),(2253,398,27),(2254,398,29),(2255,399,14),(2256,399,20),(2257,399,21),(2258,399,29),(2259,400,14),(2260,400,18),(2261,400,21),(2262,400,24),(2263,401,14),(2264,401,47),(2265,401,18),(2266,401,27),(2267,437,47),(2268,437,19),(2269,437,21),(2270,437,24),(2271,402,47),(2272,402,20),(2273,402,21),(2274,402,24),(2275,405,18),(2276,403,47),(2277,403,18),(2278,403,21),(2279,403,29),(2280,403,40),(2281,438,14),(2282,438,19),(2283,438,21),(2284,438,27),(2285,438,36),(2286,439,14),(2287,439,20),(2288,439,21),(2289,439,27),(2290,439,36),(2291,440,14),(2292,440,19),(2293,440,21),(2294,440,25),(2295,440,27),(2296,440,36),(2297,441,14),(2298,441,20),(2299,441,21),(2300,441,25),(2301,441,27),(2302,441,36),(2303,442,14),(2304,442,19),(2305,442,21),(2306,442,27),(2307,442,40),(2308,443,41),(2309,443,14),(2310,443,20),(2311,443,22),(2312,443,25),(2313,443,27),(2314,443,31),(2315,444,41),(2316,444,14),(2317,444,20),(2318,444,22),(2319,444,25),(2320,444,27),(2321,444,31),(2322,445,41),(2323,445,14),(2324,445,20),(2325,445,22),(2326,445,27),(2327,445,31),(2328,446,41),(2329,446,20),(2330,446,22),(2331,446,25),(2332,446,27),(2333,446,31),(2334,447,41),(2335,447,19),(2336,447,22),(2337,447,25),(2338,447,27),(2339,447,31),(2340,447,35),(2341,423,47),(2342,423,20),(2343,423,21),(2344,423,29),(2345,423,40),(2346,422,47),(2347,422,20),(2348,422,21),(2349,422,25),(2350,422,26),(2351,419,47),(2352,419,20),(2353,419,21),(2354,419,29),(2355,419,35),(2356,418,41),(2357,418,20),(2358,418,22),(2359,418,25),(2360,418,31),(2361,416,41),(2362,416,20),(2363,416,22),(2364,416,25),(2365,416,27),(2366,416,31),(2367,425,20),(2368,425,21),(2369,427,47),(2370,427,19),(2371,427,20),(2372,427,21),(2373,427,24);
/*!40000 ALTER TABLE `exercises_tags` ENABLE KEYS */;
UNLOCK TABLES;

--
-- Table structure for table `meta`
--

DROP TABLE IF EXISTS `meta`;
/*!40101 SET @saved_cs_client     = @@character_set_client */;
/*!40101 SET character_set_client = utf8 */;
CREATE TABLE `meta` (
  `id` int(11) NOT NULL AUTO_INCREMENT,
  `key` varchar(255) NOT NULL,
  `method` varchar(32) DEFAULT NULL,
  `title` varchar(255) DEFAULT NULL,
  `description` varchar(255) DEFAULT NULL,
  `keywords` varchar(255) DEFAULT NULL,
  `hash` varchar(32) NOT NULL,
  `deleted` tinyint(1) DEFAULT '0',
  PRIMARY KEY (`id`),
  UNIQUE KEY `pk_key` (`key`),
  KEY `pk_method` (`method`)
) ENGINE=InnoDB AUTO_INCREMENT=8 DEFAULT CHARSET=utf8;
/*!40101 SET character_set_client = @saved_cs_client */;

--
-- Dumping data for table `meta`
--

LOCK TABLES `meta` WRITE;
/*!40000 ALTER TABLE `meta` DISABLE KEYS */;
INSERT INTO `meta` VALUES (1,'site/index/',NULL,'Главная','Описание главной страницы...','главная','4c76c6a8512dd2f8941e431e7ea8eb8a',0),(2,'site/feedback/','','Обратная связь','Описание страницы...','обратная связь','a0d78d8cbf011a82e410e6948547b2d2',0),(6,'user/login/','','Авторизация','Описание страницы....','','e4da3b7fbbce2345d7772b0674a318d5',0),(7,'user/recovery/','user/recovery/','Восстановление доступа ','Восстановление доступа к сервису reafit','','c9f0f895fb98ab9159f51fd0297e236d',0);
/*!40000 ALTER TABLE `meta` ENABLE KEYS */;
UNLOCK TABLES;

--
-- Table structure for table `programs`
--

DROP TABLE IF EXISTS `programs`;
/*!40101 SET @saved_cs_client     = @@character_set_client */;
/*!40101 SET character_set_client = utf8 */;
CREATE TABLE `programs` (
  `id` int(11) NOT NULL AUTO_INCREMENT,
  `name` varchar(255) NOT NULL,
  `mail` varchar(255) DEFAULT NULL,
  `image` varchar(255) DEFAULT NULL,
  `description` text,
  `user_id` int(11) NOT NULL,
  `order` int(11) DEFAULT '0',
  `created` timestamp NOT NULL DEFAULT '0000-00-00 00:00:00',
  `edited` timestamp NOT NULL DEFAULT CURRENT_TIMESTAMP,
  `hash` varchar(32) NOT NULL,
  `deleted` tinyint(1) DEFAULT '0',
  `params` text,
  `note` text,
  `category` varchar(255) DEFAULT NULL,
  PRIMARY KEY (`id`),
  KEY `fk_program_user` (`user_id`),
  KEY `pk_program_hash` (`hash`),
  CONSTRAINT `fk_program_user` FOREIGN KEY (`user_id`) REFERENCES `users` (`id`) ON DELETE CASCADE
) ENGINE=InnoDB AUTO_INCREMENT=134 DEFAULT CHARSET=utf8;
/*!40101 SET character_set_client = @saved_cs_client */;

--
-- Dumping data for table `programs`
--

LOCK TABLES `programs` WRITE;
/*!40000 ALTER TABLE `programs` DISABLE KEYS */;
INSERT INTO `programs` VALUES (35,'отведение, имитация, разгибание',NULL,'506c9d67a18426c27df66443d728f39b.png','<p>Следим за дыханием! В исходном положении- вдох. В момент наивысшего напряжения - выдох.</p>',1,2,'2016-02-10 17:41:56','2016-05-27 19:56:04','a130544d38f3bc90b4a073fe30710ffd',0,NULL,NULL,'Фитнес'),(36,'ноги 2',NULL,'7e21af6b9864895c86add13499096f01.png','<p>текстовый редактор, режет все атрибуты, разрешено только теги</p>',1,3,'2016-02-10 17:54:57','2016-06-24 12:56:33','c92d625b6aa7db02f4aa0650e3736d39',0,NULL,NULL,'Реабилитация'),(39,'Третья программа',NULL,'0de83c762b5f42d8cee0fa2ba6fef106.png','',1,4,'2016-02-10 18:52:12','2016-02-12 11:14:53','a2abd7dde2a648c76dd82d5eccf772f8',1,NULL,NULL,NULL),(40,'Порядок в списке 0 (Фитнес)',NULL,'6f419432d6eaf758ba0a431c4fa22830.png','ло',1,1,'2016-02-11 09:05:36','2016-09-12 06:05:19','6328b35cff6b212ce533e4be39b23830',0,NULL,NULL,'Фитнес'),(43,'коксатроз','k3456275@yandex.ru',NULL,'лечение коксартроза ',10,1,'2016-02-11 12:38:42','2016-02-12 11:14:53','21050a7555a3a3499e073d3d5f35230d',1,NULL,NULL,NULL),(44,'коксартроз','k3456275@yandex.ru',NULL,'sfghsthaefkgjaflihIF',10,1,'2016-02-11 12:39:42','2016-02-12 11:14:53','f2c1d2c81d73dcc6b9afe0493e2666d1',1,NULL,NULL,NULL),(45,'456','',NULL,'',10,1,'2016-02-11 12:42:17','2016-02-12 11:14:53','1d012c785e652bcab7b07dbf865acd94',1,NULL,NULL,NULL),(46,'123','',NULL,'',10,1,'2016-02-11 12:45:33','2016-02-12 11:14:53','a38ae509f3a7c65071240cb22ff74cb1',1,NULL,NULL,NULL),(47,'3455','',NULL,'',10,1,'2016-02-11 13:37:36','2016-02-11 14:23:07','f2a4d5fef1ce617b3a03b9bd28f3ae03',1,NULL,NULL,NULL),(48,'Комплекс упражнений ','',NULL,'ТБСМ упражнения для нижней параплегии ',10,1,'2016-02-11 13:55:58','2016-02-12 11:14:53','a555b5166d864dae9c722fd12d7abd84',0,NULL,NULL,NULL),(49,'Афаткина','',NULL,'',10,2,'2016-02-11 14:24:55','2016-04-14 16:06:21','e7989f5db925eb10c0eb4af8082a53f9',0,'{\"access\":[\"1\"]}',NULL,NULL),(52,'Иванов','',NULL,'Иван Петрович ',10,3,'2016-02-12 07:17:41','2016-02-12 07:19:41','64002e6570eb792d31623eda79cf6059',1,NULL,NULL,NULL),(53,'Петров','',NULL,'Аркадий ',10,3,'2016-02-12 07:18:44','2016-02-12 07:22:12','0e9b2d98fcc0da94a56d9babed630dfe',0,NULL,NULL,NULL),(54,'Васильев','k3456275@yandex.ru',NULL,'k3456275@yandex.ru',10,4,'2016-02-12 07:23:43','2016-02-12 13:48:57','7275504a1f31ac439f2c9fb8b7f88e71',0,NULL,NULL,NULL),(56,'Любоишиалгия','k3456275@yandex.ru',NULL,'стадия обострения ',10,6,'2016-02-12 13:59:27','2016-02-12 14:01:31','15e342c768a4a45dc79216b4f41b1f95',1,NULL,NULL,NULL),(57,'Параплегия ','',NULL,'Спастический тип',10,10,'2016-02-12 14:30:24','2016-02-12 14:30:25','6b14efd6a0454a74bbf0ae5b9410a0a2',1,NULL,NULL,NULL),(58,'Параплегия ','',NULL,'Спастический тип',10,11,'2016-02-12 14:30:26','2016-02-12 14:30:26','05529a55944b32d0df83911d3da0aebb',1,NULL,NULL,NULL),(59,'ТБСМ тетраплегия','k3456275@yandex.ru',NULL,'k3456275@yandex.ru',10,5,'2016-02-12 14:34:50','2016-06-18 11:13:23','7772c4b260fc2c945bd5ef459bceea36',1,'{\"tab\":\"8\",\"access\":[\"1\",\"1\"]}','','Тетраплегия'),(60,'Ситдиков','k3456275@yandex.ru',NULL,'k3456275@yandex.ru',10,5,'2016-02-12 14:37:29','2016-02-21 07:09:15','c6a65b13f674587762401d18f9f659d0',0,NULL,NULL,NULL),(61,'Коксартроз ','',NULL,'',10,6,'2016-02-12 14:42:20','2016-02-12 14:42:20','9318c3be81f2fa8725fabaed30b7d685',0,NULL,NULL,NULL),(62,'Шейный остеохондроз','',NULL,'Укрепление мышц  шеи на нестабильных опорах ',10,7,'2016-02-12 14:46:12','2016-02-12 14:50:31','5039496eaa92b2699acff4c96507a965',0,NULL,NULL,NULL),(63,'Зайцев ','',NULL,'ОНМК ',10,11,'2016-02-12 14:49:47','2016-02-12 14:49:47','2525d7e4bce52f46c6c21aed4c67417e',1,NULL,NULL,NULL),(64,'Rk','',NULL,'',10,10,'2016-02-12 15:27:27','2016-02-12 15:27:27','f557cc0c1e7334993b0baa45e8ee7643',1,NULL,NULL,NULL),(65,'Тренировка ходьбы','79198889134@yandex.ru',NULL,'Презентация',20,1,'2016-02-15 20:01:45','2016-09-12 06:51:32','5d5d3ec06514b9087919be3ef0a13db1',0,'{\"tab\":\"9\",\"access\":[\"1\",\"0\",\"1\"]}','Заметки, например диагноз<br>','Мой раздел'),(66,' c5-c7','krym-o@mail.ru',NULL,'',21,1,'2016-02-18 17:42:02','2016-02-18 17:42:03','7afa8430c9544f1c0dcfca9a457cce90',0,NULL,NULL,NULL),(67,'12',NULL,NULL,'',1,5,'2016-02-25 06:14:25','2016-02-25 06:14:25','14b1fd336b5e7f7043e33b580cfe9ab4',1,NULL,NULL,NULL),(68,'Новая программа','79198889134@ya.ru',NULL,'79198889134@ya.ru',20,2,'2016-03-01 04:58:21','2016-09-12 06:18:58','863aed13bbbe79f67584c9832b82fc37',0,'{\"tab\":\"\",\"access\":[\"1\",\"1\",\"0\",\"0\"]}','1010101010<br>','Пробел'),(69,'Иванов','',NULL,'',20,3,'2016-03-01 10:23:57','2016-09-24 07:49:49','4b7aaa960248463c8637660ae762af66',0,'{\"tab\":\"8\",\"access\":[\"1\"]}','сс','Реабилитация'),(70,'программа 1','',NULL,'',29,1,'2016-03-02 15:28:54','2016-03-02 15:28:54','6b6483ab7ea132e5b951d6b623106a77',0,NULL,NULL,NULL),(71,'test','',NULL,'',27,1,'2016-03-02 15:32:28','2016-04-27 21:17:34','f8c5bc232793f08540d80fc0ecc9c268',0,'{\"tab\":\"9\",\"access\":[\"1\",\"0\",\"1\"]}','kjhkjhjkhjkhkjhkj',NULL),(72,'Индольцев','k3456275@yandex.ru',NULL,'комплекс упражнений в положении лежа ',10,8,'2016-03-05 05:55:34','2016-03-05 05:55:34','1b6b9a168a4efabc9377fc6cf2b30bc6',0,NULL,NULL,NULL),(73,'234','',NULL,'',10,9,'2016-03-07 14:01:47','2016-03-07 14:01:47','8b22919ba364dc27d54015ec233a6e96',0,NULL,NULL,NULL),(74,'Ситдиков','k3456275@gmail.ru',NULL,'евозможно радоваться жизни, если при поворотах или наклонах у вас болит шея или спина. Ежедневные нагрузки на позвоночник внушительны и при несоблюдении правил пользования этой сложной структурой, он не всегда выдерживает. Самая главная опора нашего тела, от которой во многом зависит состояние всего нашего организма, в современных условиях жизни оказывается наиболее уязвима.\n\nКак избавиться от боли в спине? На этот вопрос пытаются ответить многие и лишь единицы знают, что сначала нужно понять причину и механизмы, которые сформировали индивидуальное патологическое состояние. \n\nКогда мы сидим, давление на межпозвонковые диски усиливается до 140кг на 1см2, по сравнению с вертикальным положением тела. Например представьте, что груз весом 140кг кто-то положил на ваш палец. Поэтому важно уделять внимание подвижному образу жизни и меньше находиться в статических позах.\n\nДля начала полезно знать как устроен и как функционирует позвоночный столб. Он состоит из более чем 30-ти позвонков и около 23 межпозвонковых дисков.\nВнутри позвоночника находится спинной мозг и нервные окончания - это часть нервной системы которая передает информацию о различных ощущениях и состояниях органов и тканей (чувствительные волокна), а также управляет работой мышц и функционированием внутренних органов (двигательные волокна).\nПозвонки расположены друг над другом таким образом, что отверстия в каждом из них образуют канал,  выполняющий защитную функцию спинного мозга.\nМежпозвонковые диски играют роль амортизаторов, поглощая нагрузки на позвоночник. Когда мы двигаемся правильно, давление в межпозвонковом диске уравновешивается по всему объему и происходит попеременная смена фаз сжатия-растяжения тканей меж',10,11,'2016-03-27 13:39:27','2016-03-27 14:59:09','69890a4ef50c6fa0d17c86eb52bc07b0',1,'{\"access\":[\"1\"]}',NULL,NULL),(75,'Ситдиков','k3456275@yandex.ru',NULL,'',10,10,'2016-03-27 13:40:18','2016-06-03 16:27:06','0c701ca3c620080152740a791b56f25b',1,'{\"tab\":\"\",\"access\":[\"1\"]}',NULL,'Сидоров'),(76,'Ситдиков','k3456275@yandex.ru',NULL,'',10,12,'2016-03-27 13:43:04','2016-05-30 21:00:10','4131bd468909c857bc56c1027c04a157',1,'{\"tab\":\"\",\"access\":[\"1\"]}','валоифцудклиадлуци','ОНМК'),(77,'Ситдиков Петр Алексеевич','k3456275@yandex.ru',NULL,'k3456275@yandex.ru',10,10,'2016-03-27 13:53:01','2016-03-27 15:08:13','a4d394c4b36ecaf7541060067d28ab6e',0,'{\"access\":[\"0\",\"0\",\"1\",\"1\"]}',NULL,NULL),(78,'123','',NULL,'',10,11,'2016-05-12 09:08:26','2016-05-12 09:08:26','dfed88c7514f08a8f5034b8f515501d1',0,'{\"tab\":\"8\",\"access\":[\"1\",\"1\",\"1\"]}',NULL,NULL),(79,'121','',NULL,'',20,4,'2016-06-08 10:53:50','2016-06-27 18:34:28','3c9ec9916ec4af403a65804d6967d1fa',1,'{\"tab\":\"save-as\",\"access\":[\"1\",\"1\",\"0\",\"1\",\"1\"]}','<br>','Реабилитация'),(80,'1','',NULL,'',20,5,'2016-06-23 04:56:57','2016-06-23 07:03:55','90f8537cf5e8f4e030a78c85244f4563',1,'{\"tab\":\"8\",\"access\":[\"1\"]}','','Реабилитация'),(81,'00','',NULL,'',20,5,'2016-06-23 06:21:43','2016-06-23 06:21:43','ee8b98e446f3ebf843f6222d0f68c77f',1,'null',NULL,'Реабилитация'),(82,'00000000','',NULL,'',20,7,'2016-06-23 06:22:08','2016-06-23 06:22:08','df70e3a16029a6075d5dabc0b52c9352',1,'null',NULL,'Мой раздел'),(83,'1010','',NULL,'',20,8,'2016-06-23 06:39:15','2016-06-23 06:39:40','e37f486ada255f1731279df0cd457379',1,'{\"tab\":\"8\",\"access\":[\"1\"]}','','Реабилитация'),(84,'1','',NULL,'',20,8,'2016-06-23 06:50:19','2016-06-23 07:04:08','ea67880f3437adbff27052442d67347f',1,'{\"tab\":\"8\",\"access\":[\"1\"]}','','Реабилитация'),(85,'1','',NULL,'',20,10,'2016-06-23 07:03:34','2016-06-23 07:04:49','e6f767bf91e5fa65a2a138e9a7c2bf56',1,'{\"tab\":\"9\",\"access\":[\"1\",\"1\"]}','','Реабилитация'),(86,'название','79198889134@yandex.by',NULL,'описание',20,11,'2016-06-23 07:06:28','2016-06-23 07:06:28','dce49349631ff7163ddb2e0868df95b6',1,'{\"tab\":\"detal\",\"access\":[\"1\",\"1\"]}',NULL,'Мой раздел'),(87,'yfpdfybt','79198889134@ya.ru',NULL,'10101',20,12,'2016-06-23 07:35:51','2016-06-23 07:35:51','41ce1fadc2502a70a55a0b4cc3376cb6',1,'{\"tab\":\"9\",\"access\":[\"1\",\"1\"]}',NULL,'Реабилитация'),(88,'10','',NULL,'',20,11,'2016-06-23 07:52:04','2016-06-23 07:52:11','e6aa456f8d383e700f82aec2fe773bcf',1,'{\"tab\":\"8\",\"access\":[\"1\"]}','','Мой раздел'),(89,'10','',NULL,'',20,14,'2016-06-23 07:52:41','2016-06-23 07:52:49','2258122ae8044fe5230e9c7bf7031646',1,'{\"tab\":\"detal\",\"access\":[\"0\"]}','','Реабилитация'),(90,'Упр лежа','',NULL,'',10,13,'2016-06-24 17:59:39','2016-06-24 17:59:39','4e7aa85e82c37b06c672058f0fbb7bde',1,'{\"tab\":\"9\",\"access\":[\"1\"]}',NULL,'Коксартроз'),(91,'Гоноартроз','',NULL,'',10,16,'2016-06-24 18:04:41','2016-06-24 18:04:41','a5e649ce88702c6e5bd34661964b3600',1,'{\"tab\":\"8\",\"access\":[\"1\"]}',NULL,'Реабилитация'),(92,'12','',NULL,'',20,4,'2016-06-25 09:54:18','2016-06-25 09:54:18','e6578f496e7f72bf895338d2b6cca060',1,'null',NULL,'Мой раздел'),(93,'лваощ','',NULL,'',10,14,'2016-06-27 18:30:50','2016-06-27 18:30:50','14a10e057f585295dde4df9413acfebe',1,'{\"tab\":\"8\",\"access\":[\"1\"]}',NULL,'Реабилитация'),(94,'ТБСМ шейный отдел','k3456275@yandex.ru',NULL,'',10,12,'2016-06-27 18:33:06','2016-08-29 19:48:16','d7791cb35be7198107f65bc5ea353b1f',0,'{\"tab\":\"detal\",\"access\":[\"1\",\"1\",\"1\",\"1\",\"1\"]}','','ТБСМ'),(95,'121','',NULL,'',20,4,'2016-06-27 18:35:22','2016-06-27 18:35:22','fb0db83e9c081afbb58e869b72cac7c3',1,'{\"tab\":\"save-as\",\"access\":[\"1\",\"1\",\"0\",\"1\",\"1\"]}','<br>','Реабилитация'),(96,'ТБСМ грудной отдел','k3456275@yandex.ru',NULL,'',10,13,'2016-06-27 18:38:37','2016-08-29 19:49:01','7c5fec67ace793e6f86d4fac98129c60',0,'{\"tab\":\"detal\",\"access\":[\"1\",\"1\"]}','','ТБСМ'),(97,'121','',NULL,'',20,6,'2016-06-27 18:38:40','2016-06-27 18:39:29','2133db9b9c39e7031991a396975f05c4',1,'{\"tab\":\"open\",\"access\":[\"1\",\"1\",\"0\",\"1\",\"1\"]}','<br>','Реабилитация'),(98,'123','321',NULL,'123',20,5,'2016-06-27 18:49:20','2016-06-27 18:49:20','2de16dc74f8719f84237c859194f5811',1,'{\"tab\":\"save-as\",\"access\":[\"1\",\"1\",\"0\",\"1\",\"1\"]}','<br>','Мой раздел'),(99,'hy','',NULL,'',20,6,'2016-06-27 18:49:42','2016-06-27 18:52:58','cacab2288b15777956e06713ac5b956d',1,'{\"tab\":\"8\",\"access\":[\"1\",\"1\",\"0\",\"1\",\"1\"]}','<br>','Мой раздел'),(100,'123hhhhhhhhhhhhhh','',NULL,'',20,7,'2016-06-27 18:50:35','2016-06-27 19:56:58','ffa93be65bd144e0aafb0ac07597e8d2',1,'{\"tab\":\"\"}','','Реабилитация'),(101,'п','',NULL,'',20,8,'2016-06-27 19:47:52','2016-06-27 19:47:52','1c68e9f32febce9c3aaec3756d73dabd',1,'{\"tab\":\"8\"}',NULL,'Реабилитация'),(102,'Кок','',NULL,'',10,14,'2016-06-27 19:48:58','2016-06-27 19:48:58','e803cfe6bf061959e39c25d45ca9a0f2',1,'{\"tab\":\"8\",\"access\":[\"1\"]}',NULL,'Артроз'),(103,'5',NULL,'93672c6a4622ce0e9176c4fd716fefc8.jpg','г',1,5,'2016-07-17 19:00:02','2016-07-17 19:01:08','70762b6b5070215573ad59fcdc0fcd8c',1,NULL,NULL,'Фитнес'),(104,'Кумскова Наталья','esk-kumskova@mail.ru',NULL,'',10,14,'2016-08-29 09:08:06','2016-08-29 09:18:22','46d66fcd0dcc4fa275464258abd96229',0,'{\"tab\":\"9\",\"access\":[\"1\"]}','','Реабилитация'),(105,'Strenght','',NULL,'',10,15,'2016-08-29 09:23:47','2016-08-29 10:46:40','5a70a2e0eb63c80c41b82bff703f0d63',0,'{\"tab\":\"8\"}','','Фитнес'),(106,'Warm up','',NULL,'',10,16,'2016-08-29 09:46:42','2016-08-29 09:46:42','befc6db0fc092b7e9d6553ed4877c1c9',0,'{\"tab\":\"8\",\"access\":[\"1\"]}',NULL,'Фитнес'),(107,'Strenght 1','',NULL,'',10,17,'2016-08-29 09:50:59','2016-09-21 09:37:33','1135312e9124f58de6243ffc405b1a24',0,'{\"tab\":\"8\",\"access\":[\"1\"]}','','Фитнес'),(108,'Крепкий торс','k3456275@yandex.ru',NULL,'Нестабильные опоры',10,18,'2016-08-29 10:07:41','2016-08-29 19:41:46','d32da70a90560c05f0c7f2256199dec6',0,'{\"tab\":\"12\",\"access\":[\"1\",\"1\"]}','','Фитнес'),(109,'Петров','',NULL,'',20,4,'2016-08-29 19:23:55','2016-08-29 19:23:55','c62128091057d7a4a240740a1bb91789',1,'{\"tab\":\"save-as\",\"access\":[\"1\",\"1\"]}','сс','Реабилитация'),(110,'Улюкаев','',NULL,'',10,19,'2016-08-29 19:33:04','2016-08-29 19:33:04','392516f46a788939e90295205a5cfcd4',1,'{\"tab\":\"8\",\"access\":[\"1\"]}',NULL,'Пациенты'),(111,'Путин','',NULL,'',10,20,'2016-08-29 19:39:09','2016-08-31 06:25:01','8fc016116f3aa5eece7ff73fb6058936',1,'{\"tab\":\"8\",\"access\":[\"1\"]}','','Пациенты'),(112,'Ельцин','',NULL,'',10,19,'2016-08-29 19:40:54','2016-08-29 19:40:54','6a9c67b8024f4957dac9e09b104b8cd6',1,'{\"tab\":\"save-as\",\"access\":[\"1\"]}','','Реабилитация'),(113,'Медведев','',NULL,'',10,20,'2016-08-29 19:42:07','2016-08-29 19:42:07','01f99d15a44f796c18c0ba8c511b73db',1,'{\"tab\":\"save-as\",\"access\":[\"1\",\"1\",\"1\",\"1\"]}','','Фитнес'),(114,'Потанин','',NULL,'',10,19,'2016-08-29 19:45:44','2016-08-30 11:34:39','f50e41efd90ad0168b488c0192e87791',0,'{\"tab\":\"10\",\"access\":[\"1\",\"1\"]}','','Реабилитация'),(115,'888','',NULL,'',20,5,'2016-08-29 21:06:29','2016-08-29 21:13:38','e7f064648b91e7835293edef28f9d431',1,'{\"tab\":\"9\",\"access\":[\"1\",\"1\"]}','','Реабилитация'),(116,'77','',NULL,'',20,6,'2016-08-29 21:11:24','2016-08-29 21:11:24','9a7fb71ad53c2d5c209d3dc36dc70562',1,'{\"tab\":\"8\",\"access\":[\"1\"]}',NULL,'Реабилитация'),(117,'gdfg','',NULL,'',20,5,'2016-08-30 07:12:11','2016-08-30 07:12:11','0114a06286efdd1a0fb58abbde643c2e',1,'{\"tab\":\"detal\",\"access\":[\"1\"]}',NULL,'Реабилитация'),(118,'3213','',NULL,'',20,5,'2016-08-30 07:56:25','2016-08-30 07:57:54','1cb1a6a9261b53fe11f29f7e9a649311',1,'{\"tab\":\"8\"}','','Реабилитация'),(119,'gfh','',NULL,'',20,7,'2016-08-30 07:58:21','2016-08-30 07:58:21','bf61fcd8d8e51c5877e55b6f5dade791',1,'{\"tab\":\"8\",\"access\":[\"1\"]}',NULL,'Реабилитация'),(120,'Шибанов','',NULL,'ТБСМ шейного отдела позвоночника',10,20,'2016-08-30 11:41:23','2016-08-30 11:44:00','c9da4e6a23cfdaca4f0bd142083bddd0',0,'{\"tab\":\"8\",\"access\":[\"1\"]}','','Реабилитация'),(121,'Солуковцева','79198889134@yandex.ru',NULL,'ЧМТ теменная, поликистоз',10,21,'2016-08-30 12:00:06','2016-09-21 11:42:31','c40e83117a87a8e709c2a76a934acf97',0,'{\"tab\":\"10\",\"access\":[\"1\",\"1\",\"1\"]}','','Пациенты'),(122,'Лоскутов','',NULL,'Гиена-Баре',10,22,'2016-08-30 17:34:05','2016-08-30 17:34:05','6707094165cdc3ca979fc3b3c0868b1e',0,'{\"tab\":\"8\",\"access\":[\"1\"]}',NULL,'Пациенты'),(123,'Дрогунов','',NULL,'',10,23,'2016-08-30 18:07:37','2016-08-30 18:07:37','ff12f8cdde1198d23519cf98dd029c2d',0,'{\"tab\":\"8\",\"access\":[\"1\"]}',NULL,'Пациенты'),(124,'12','',NULL,'',10,28,'2016-08-31 03:49:15','2016-08-31 03:49:15','03ed470ab5d66567d6b8e5496d8517c1',1,'{\"tab\":\"8\",\"access\":[\"1\"]}',NULL,'ТБСМ'),(125,'ЛФК при травмах позвоночника','',NULL,'',10,24,'2016-08-31 05:52:57','2016-08-31 05:53:24','9add427121cf93b093441cbcf2f37fa2',0,'{\"tab\":\"8\",\"access\":[\"1\",\"1\",\"1\",\"1\"]}','','Реабилитация'),(126,'Перелом предплечья','',NULL,'',10,25,'2016-08-31 06:09:00','2016-09-06 12:17:21','085eb1d4f0d918070c55fe079aca26c6',0,'{\"tab\":\"8\",\"access\":[\"1\"]}','','Реабилитация'),(127,'Новая программа','79198889134@yandex.ru',NULL,'Название программы может относится как к конкретному заблования так и к конкретному пациету',20,4,'2016-09-04 16:35:16','2016-09-04 16:38:34','4587d56679fd875058bd7f767e6f5d2d',0,'{\"tab\":\"note\",\"access\":[\"1\",\"1\",\"0\",\"0\"]}','эпикриз, любая информация для данной программы','Реабилитация'),(128,'Название программы','79198889134@yandex.ru',NULL,'',20,5,'2016-09-04 16:45:31','2016-09-04 16:50:14','937ced7bc609b8cec3e18577bdf8af0c',1,'{\"tab\":\"9\",\"access\":[\"1\",\"1\",\"1\"]}','заметки, комментарии','Реабилитация'),(129,'Примерный комплекс упражнений','',NULL,'',34,1,'2016-09-07 19:49:10','2016-09-07 19:49:25','fa2daa6e2672f7d1f540134c3d8ab6ef',0,'{\"tab\":\"8\",\"access\":[\"1\"]}','','Реабилитация'),(130,'примерный комплекс Фитнес','',NULL,'',34,2,'2016-09-07 19:54:38','2016-09-07 19:54:38','0af9fab4fa297a107cf79c5fbf6e143f',0,'{\"tab\":\"8\",\"access\":[\"1\"]}',NULL,'Фитнес'),(131,'Рубахин Алексей','',NULL,'ЧМТ левая височная',10,26,'2016-09-14 14:59:44','2016-09-14 17:26:38','88f0f825862594d3ebefb186a57ec778',0,'{\"tab\":\"8\",\"access\":[\"1\"]}','','Реабилитация'),(132,'Иванова Анна','',NULL,'Правосторонний сколиоз, шейный и поясничный лордоз сглажен, боли в пояснице с иррадиацией в правую ногу - латерально, в левую ногу по ходу седалищного нерва.',10,27,'2016-11-20 10:06:32','2016-11-20 10:38:06','5e799bf345ba50dc9af05e36ca35153e',0,'{\"tab\":\"open\",\"access\":[\"1\",\"1\",\"1\",\"1\",\"1\",\"1\"]}','','Реабилитация'),(133,'Мухаматова Н. Л. ','',NULL,'',10,28,'2017-07-09 21:17:31','2017-07-09 21:17:31','70c2ff675a0c8f1403b30e1a37d93e84',0,'{\"tab\":\"8\",\"access\":[\"1\"]}',NULL,'ОНМК');
/*!40000 ALTER TABLE `programs` ENABLE KEYS */;
UNLOCK TABLES;

--
-- Table structure for table `programs_exercises`
--

DROP TABLE IF EXISTS `programs_exercises`;
/*!40101 SET @saved_cs_client     = @@character_set_client */;
/*!40101 SET character_set_client = utf8 */;
CREATE TABLE `programs_exercises` (
  `id` int(11) NOT NULL AUTO_INCREMENT,
  `program_id` int(11) NOT NULL,
  `tab_id` int(11) NOT NULL,
  `exercise_id` int(11) NOT NULL,
  `quantity` int(11) DEFAULT '0',
  `approaches` int(11) DEFAULT '0',
  `weight` float DEFAULT NULL,
  `comment` text,
  `order` int(11) DEFAULT '0',
  PRIMARY KEY (`id`),
  KEY `fk_program_exercises` (`exercise_id`),
  KEY `fk_program_tabs` (`tab_id`),
  KEY `fk_tab_exercise_program` (`program_id`),
  CONSTRAINT `fk_program_exercises` FOREIGN KEY (`exercise_id`) REFERENCES `exercises` (`id`) ON DELETE CASCADE,
  CONSTRAINT `fk_program_tabs` FOREIGN KEY (`tab_id`) REFERENCES `programs_tabs` (`id`) ON DELETE CASCADE,
  CONSTRAINT `fk_tab_exercise_program` FOREIGN KEY (`program_id`) REFERENCES `programs` (`id`) ON DELETE CASCADE
) ENGINE=InnoDB AUTO_INCREMENT=959 DEFAULT CHARSET=utf8;
/*!40101 SET character_set_client = @saved_cs_client */;

--
-- Dumping data for table `programs_exercises`
--

LOCK TABLES `programs_exercises` WRITE;
/*!40000 ALTER TABLE `programs_exercises` DISABLE KEYS */;
INSERT INTO `programs_exercises` VALUES (83,35,39,44,0,0,0,'',1),(84,35,39,42,0,0,0,'',2),(85,35,39,43,0,0,0,'',3),(86,36,40,45,0,0,0,'',1),(104,39,46,42,0,0,NULL,NULL,1),(110,46,54,42,0,0,NULL,NULL,1),(111,46,54,43,0,0,NULL,NULL,2),(112,46,54,44,0,0,NULL,NULL,3),(119,47,56,43,0,0,NULL,NULL,6),(120,47,56,43,0,0,NULL,NULL,6),(121,47,56,43,0,0,NULL,NULL,6),(122,47,56,43,0,0,NULL,NULL,6),(123,47,56,43,0,0,NULL,NULL,6),(124,47,56,43,0,0,NULL,NULL,6),(131,47,58,48,0,0,NULL,NULL,5),(132,47,58,48,0,0,NULL,NULL,5),(133,47,58,48,0,0,NULL,NULL,5),(134,47,58,48,0,0,NULL,NULL,5),(135,47,58,48,0,0,NULL,NULL,5),(136,47,59,54,0,0,NULL,NULL,6),(137,47,59,54,0,0,NULL,NULL,6),(138,47,59,54,0,0,NULL,NULL,6),(139,47,59,54,0,0,NULL,NULL,6),(140,47,59,54,0,0,NULL,NULL,6),(141,47,59,54,0,0,NULL,NULL,6),(142,47,55,43,0,0,0,'',4),(143,47,55,53,0,0,0,'',10),(144,47,55,51,0,0,0,'',5),(145,47,55,55,0,0,0,'',12),(146,47,55,51,0,0,NULL,NULL,5),(147,47,55,52,0,0,NULL,NULL,6),(148,47,55,53,0,0,NULL,NULL,10),(149,47,55,53,0,0,NULL,NULL,10),(150,47,55,53,0,0,NULL,NULL,10),(151,47,55,53,0,0,NULL,NULL,10),(152,47,55,56,0,0,NULL,NULL,11),(153,47,55,55,0,0,NULL,NULL,12),(154,47,55,48,0,0,NULL,NULL,14),(155,47,55,48,0,0,NULL,NULL,14),(156,47,55,46,0,0,NULL,NULL,15),(157,48,60,53,0,0,NULL,NULL,1),(158,48,60,55,0,0,NULL,NULL,2),(159,48,60,51,0,0,NULL,NULL,3),(160,48,60,43,0,0,NULL,NULL,4),(161,48,60,51,0,0,NULL,NULL,5),(162,48,60,52,0,0,NULL,NULL,6),(163,48,60,53,0,0,NULL,NULL,7),(164,48,60,53,0,0,NULL,NULL,8),(165,48,60,53,0,0,NULL,NULL,9),(166,48,60,53,0,0,NULL,NULL,10),(167,48,60,56,0,0,NULL,NULL,11),(168,48,60,55,0,0,NULL,NULL,12),(169,48,60,48,0,0,NULL,NULL,13),(170,48,60,48,0,0,NULL,NULL,14),(171,48,60,46,0,0,NULL,NULL,15),(172,48,61,43,0,0,NULL,NULL,1),(173,48,61,43,0,0,NULL,NULL,2),(174,48,61,43,0,0,NULL,NULL,3),(175,48,61,43,0,0,NULL,NULL,4),(176,48,61,43,0,0,NULL,NULL,5),(177,48,61,43,0,0,NULL,NULL,6),(178,48,62,50,0,0,NULL,NULL,1),(179,48,62,50,0,0,NULL,NULL,2),(180,48,62,50,0,0,NULL,NULL,3),(181,48,62,50,0,0,NULL,NULL,4),(182,48,62,50,0,0,NULL,NULL,5),(183,48,62,50,0,0,NULL,NULL,6),(184,48,63,48,0,0,NULL,NULL,1),(185,48,63,48,0,0,NULL,NULL,2),(186,48,63,48,0,0,NULL,NULL,3),(187,48,63,48,0,0,NULL,NULL,4),(188,48,63,48,0,0,NULL,NULL,5),(189,48,64,54,0,0,NULL,NULL,1),(190,48,64,54,0,0,NULL,NULL,2),(191,48,64,54,0,0,NULL,NULL,3),(192,48,64,54,0,0,NULL,NULL,4),(193,48,64,54,0,0,NULL,NULL,5),(194,48,64,54,0,0,NULL,NULL,6),(195,47,57,45,0,0,NULL,NULL,1),(196,47,57,44,0,0,NULL,NULL,9),(197,47,57,42,0,0,NULL,NULL,10),(198,47,57,43,0,0,NULL,NULL,11),(199,47,57,42,0,0,NULL,NULL,10),(200,47,57,44,0,0,NULL,NULL,9),(201,47,57,42,0,0,NULL,NULL,10),(202,47,57,43,0,0,NULL,NULL,11),(203,47,57,44,0,0,NULL,NULL,9),(204,47,57,42,0,0,NULL,NULL,10),(205,47,57,43,0,0,NULL,NULL,11),(219,54,70,44,0,0,0,'',4),(223,54,74,45,0,0,0,'',6),(224,54,74,54,12,45,45,'Следите за дыханием!',4),(228,54,74,51,0,0,0,'',5),(249,56,79,46,0,0,0,'',1),(250,56,79,46,0,0,0,'',2),(251,56,79,46,0,0,0,'',3),(252,56,79,46,0,0,0,'',4),(253,56,79,46,0,0,0,'',5),(254,56,79,46,0,0,0,'',6),(255,56,80,46,0,0,0,'',1),(256,56,80,46,0,0,0,'',2),(257,56,80,46,0,0,0,'',3),(258,56,80,46,0,0,0,'',4),(259,56,80,46,0,0,0,'',5),(260,56,80,46,0,0,0,'',6),(261,56,81,42,0,0,0,'',1),(262,56,81,42,0,0,0,'',2),(263,56,81,42,0,0,0,'',3),(264,56,81,42,0,0,0,'',4),(265,56,81,42,0,0,0,'',5),(272,63,93,46,0,0,0,'',1),(273,63,93,45,0,0,0,'',2),(274,63,93,48,0,0,0,'',3),(275,63,93,49,0,0,0,'',4),(276,62,92,44,0,0,0,'',1),(277,62,92,46,0,0,0,'',2),(278,62,92,48,0,0,0,'',3),(279,62,92,47,0,0,0,'',4),(281,60,94,42,0,0,0,'',1),(283,60,94,44,0,0,0,'',2),(284,60,94,45,0,0,0,'',3),(285,60,94,46,0,0,0,'',4),(289,60,95,46,0,0,0,'',1),(290,60,95,61,0,0,0,'',2),(291,60,95,56,0,0,0,'',3),(292,60,97,53,0,0,0,'',10),(293,60,97,55,0,0,0,'',12),(294,60,97,51,0,0,0,'',5),(295,60,97,43,0,0,0,'',19),(296,60,97,51,0,0,0,'',5),(297,60,97,52,0,0,0,'',6),(298,60,97,53,0,0,0,'',10),(299,60,97,53,0,0,0,'',10),(300,60,97,53,0,0,0,'',10),(301,60,97,53,0,0,0,'',10),(302,60,97,56,0,0,0,'',11),(303,60,97,55,0,0,0,'',12),(304,60,97,48,0,0,0,'',30),(305,60,97,43,0,0,0,'',19),(306,60,97,43,0,0,0,'',19),(307,60,97,43,0,0,0,'',19),(308,60,97,43,0,0,0,'',19),(309,60,97,43,0,0,0,'',19),(310,60,97,43,0,0,0,'',19),(311,60,97,50,0,0,0,'',25),(312,60,97,50,0,0,0,'',25),(313,60,97,50,0,0,0,'',25),(314,60,97,50,0,0,0,'',25),(315,60,97,50,0,0,0,'',25),(316,60,97,50,0,0,0,'',25),(317,60,97,48,0,0,0,'',30),(318,60,97,48,0,0,0,'',30),(319,60,97,48,0,0,0,'',30),(320,60,97,48,0,0,0,'',30),(321,60,97,48,0,0,0,'',30),(322,60,97,54,0,0,0,'',36),(323,60,97,54,0,0,0,'',36),(324,60,97,54,0,0,0,'',36),(325,60,97,54,0,0,0,'',36),(326,60,97,54,0,0,0,'',36),(327,60,97,54,0,0,0,'',36),(330,60,97,61,0,0,0,'',37),(335,66,99,53,0,0,0,'',1),(336,66,99,55,0,0,0,'',2),(337,66,99,70,0,0,0,'',3),(338,66,99,73,0,0,0,'',4),(339,66,99,71,0,0,0,'',5),(340,66,99,74,0,0,0,'',6),(341,66,99,80,0,0,0,'',7),(342,66,99,79,0,0,0,'',8),(343,66,99,54,0,0,0,'',9),(344,66,99,56,0,0,0,'',10),(345,66,99,72,0,0,0,'',11),(348,68,103,125,0,2,0,'',3),(349,68,103,124,0,0,3,'',4),(350,68,104,119,0,0,0,'',1),(354,70,106,42,0,0,0,'',1),(355,71,107,42,0,0,0,'',1),(356,71,108,44,0,0,0,'',1),(357,71,108,42,0,0,0,'',2),(358,71,108,43,0,0,0,'',3),(359,71,109,45,0,0,0,'',1),(363,72,110,44,12,5,0,'Движение: отведение согнутой ноги с кратковременной задержкой в положении максимального отведения\n\nРекомендации: следите за тем, чтобы пациент не разворачивал сильно  таз при отведении ноги. Обратите  внимание пациента  на перенос веса тела на опорную ногу. \n',1),(364,72,110,46,15,2,0,'Рекомендации: вместе с движением ног стараемся делать боковой наклон в одноименную сторону. Следим за дыханием! В исходном положении- вдох. В момент наивысшего напряжения - выдох.',2),(365,72,110,48,14,4,0,'Исходное положение: лежа на спине, ноги вместе , разгружены и немного приподняты над плоскостью кушетки, руки разведены в стороны ладонями в низ.\n\nДвижение: попеременное поднимание  ног, имитация шаговых движений прямыми ногами.',3),(366,72,110,47,0,0,0,'',4),(367,73,111,43,0,0,0,'',1),(368,73,111,46,0,0,0,'',2),(369,73,111,52,0,0,0,'',3),(373,68,113,42,0,0,0,'',1),(375,68,103,43,0,0,0,'',1),(376,68,103,44,0,0,0,'',2),(377,76,116,43,0,0,0,'',1),(378,76,116,44,0,0,0,'',2),(379,76,116,46,0,0,0,'',3),(380,77,118,43,0,0,0,'',5),(381,77,118,43,0,0,0,'',5),(382,77,118,43,0,0,0,'',5),(383,77,118,43,0,0,0,'',5),(384,77,118,43,0,0,0,'',5),(385,77,117,43,0,0,0,'',4),(386,77,117,43,0,0,0,'',4),(387,77,117,43,0,0,0,'',4),(388,77,117,43,0,0,0,'',4),(389,77,119,43,0,0,0,'',1),(390,77,119,43,0,0,0,'',2),(391,77,119,43,0,0,0,'',3),(392,77,119,43,0,0,0,'',4),(393,77,120,42,0,0,0,'',1),(394,77,120,42,0,0,0,'',2),(395,77,120,42,0,0,0,'',3),(396,77,120,42,0,0,0,'',4),(397,68,121,42,0,0,0,'',1),(398,71,107,45,0,0,0,'',2),(399,49,71,45,0,0,0,'',1),(400,49,71,69,0,0,0,'',2),(401,49,71,68,0,0,0,'',3),(402,49,71,50,0,0,0,'',4),(403,49,71,49,0,0,0,'',5),(404,49,71,42,0,0,0,'',6),(405,49,71,55,0,0,0,'',7),(406,68,103,42,0,0,0,'',9),(407,68,103,42,0,0,0,'',9),(408,68,103,42,0,0,0,'',9),(409,68,103,42,0,0,0,'',9),(410,68,103,42,0,0,0,'',9),(411,68,104,42,0,0,0,'',2),(412,59,84,43,12,2,34,'gh',1),(413,59,84,42,0,0,0,'',2),(415,59,84,53,0,0,0,'',5),(416,59,84,51,0,0,0,'',4),(418,59,84,80,0,0,0,'',7),(419,78,122,43,0,0,0,'',1),(420,78,122,42,0,0,0,'',2),(421,78,122,63,0,0,0,'',3),(422,78,122,53,0,0,0,'',4),(423,78,122,51,0,0,0,'',5),(424,78,122,54,0,0,0,'',6),(425,78,122,80,0,0,0,'',7),(426,59,84,61,0,0,0,'',8),(427,59,84,73,0,0,0,'',9),(428,59,84,76,0,0,0,'',10),(429,59,84,166,0,0,0,'',11),(430,59,84,168,0,0,0,'',3),(431,59,84,167,0,0,0,'',6),(448,75,115,43,0,0,0,'',1),(449,75,115,44,0,0,0,'',2),(450,79,132,43,0,0,0,'',1),(451,79,132,44,0,0,0,'',2),(452,79,132,125,0,2,0,'',3),(453,79,132,124,0,0,3,'',4),(454,79,132,42,0,0,0,'',9),(455,79,132,42,0,0,0,'',9),(456,79,132,42,0,0,0,'',9),(457,79,132,42,0,0,0,'',9),(458,79,132,42,0,0,0,'',9),(459,79,133,119,0,0,0,'',2),(460,79,133,42,0,0,0,'',1),(461,79,134,42,0,0,0,'',1),(463,79,135,42,0,0,0,'',1),(464,59,84,52,0,0,0,'',14),(465,59,84,52,0,0,0,'',14),(466,59,84,52,0,0,0,'',14),(471,59,84,45,0,0,0,NULL,15),(521,83,138,183,0,0,0,'',1),(522,84,139,183,0,0,0,'',1),(523,85,140,183,0,0,0,'',1),(524,80,137,42,0,0,0,'',1),(525,84,139,42,0,0,0,'',2),(529,86,142,42,0,0,0,'',1),(530,86,143,183,0,0,0,'',1),(531,86,143,43,111,0,0,'',2),(532,87,144,183,1,1,1,'1',1),(533,87,145,42,0,101,0,'000',1),(534,87,145,113,2,4,4,'5',2),(537,88,146,45,0,0,0,'',2),(538,36,40,46,0,0,0,'',2),(539,36,40,47,0,0,0,'',3),(540,68,113,119,0,0,0,'',2),(541,68,113,45,0,0,0,'',4),(542,68,113,46,0,0,0,'',6),(543,68,113,47,0,0,0,'',8),(544,68,113,45,0,0,0,'',4),(545,68,113,46,0,0,0,'',6),(546,68,113,47,0,0,0,'',8),(547,90,148,43,0,0,0,'',1),(548,90,148,44,0,0,0,'',2),(549,90,148,42,0,0,0,'',3),(550,90,148,47,0,0,0,'',4),(551,90,148,45,0,0,0,'',5),(552,90,148,48,0,0,0,'',6),(553,91,149,43,0,0,0,'',1),(554,91,149,44,0,0,0,'',2),(555,91,149,42,0,0,0,'',3),(556,91,149,47,0,0,0,'',4),(559,68,113,183,0,0,0,'',9),(570,94,152,48,0,0,0,'',1),(571,94,152,47,0,0,0,'',2),(572,94,152,42,0,0,0,'',3),(573,94,152,52,0,0,0,'',4),(574,94,152,61,0,0,0,'',5),(575,94,152,69,0,0,0,'',6),(576,94,152,68,0,0,0,'',7),(577,94,152,78,0,0,0,'',8),(578,94,152,79,0,0,0,'',9),(579,79,134,119,0,0,0,'',2),(580,79,153,183,0,0,0,'',1),(581,79,153,183,0,0,0,'',2),(582,79,153,45,0,0,0,'',3),(583,79,153,46,0,0,0,'',4),(584,79,153,47,0,0,0,'',5),(585,79,153,45,0,0,0,'',6),(586,79,153,46,0,0,0,'',7),(587,79,153,47,0,0,0,'',8),(588,79,153,45,0,0,0,'',9),(589,79,153,46,0,0,0,'',10),(590,79,153,47,0,0,0,'',11),(591,95,154,43,0,0,0,'',1),(592,95,154,44,0,0,0,'',2),(593,95,154,125,0,2,0,'',3),(594,95,154,124,0,0,3,'',4),(595,95,154,42,0,0,0,'',5),(596,95,154,42,0,0,0,'',6),(597,95,154,42,0,0,0,'',7),(598,95,154,42,0,0,0,'',8),(599,95,154,42,0,0,0,'',9),(600,95,155,42,0,0,0,'',1),(601,95,155,119,0,0,0,'',2),(602,95,156,42,0,0,0,'',1),(603,95,156,119,0,0,0,'',2),(604,95,157,42,0,0,0,'',1),(605,95,158,183,0,0,0,'',1),(606,95,158,183,0,0,0,'',2),(607,95,158,45,0,0,0,'',3),(608,95,158,46,0,0,0,'',4),(609,95,158,47,0,0,0,'',5),(610,95,158,45,0,0,0,'',6),(611,95,158,46,0,0,0,'',7),(612,95,158,47,0,0,0,'',8),(613,95,158,45,0,0,0,'',9),(614,95,158,46,0,0,0,'',10),(615,95,158,47,0,0,0,'',11),(616,96,159,68,0,0,0,'',1),(617,96,159,69,0,0,0,'',2),(618,96,159,61,0,0,0,'',5),(619,96,159,52,0,0,0,'',3),(620,96,159,62,0,0,0,'',7),(621,96,159,61,0,0,0,'',5),(622,96,159,62,0,0,0,'',7),(623,96,159,53,0,0,0,'',8),(624,97,161,43,0,0,0,'',1),(625,97,161,44,0,0,0,'',2),(626,97,161,125,0,2,0,'',3),(627,97,161,124,0,0,3,'',4),(628,97,161,42,0,0,0,'',9),(629,97,161,42,0,0,0,'',9),(630,97,161,42,0,0,0,'',9),(631,97,161,42,0,0,0,'',9),(632,97,161,42,0,0,0,'',9),(633,97,162,42,0,0,0,'',1),(634,97,162,119,0,0,0,'',2),(635,97,163,42,0,0,0,'',1),(636,97,163,119,0,0,0,'',2),(637,97,164,42,0,0,0,'',1),(638,97,165,183,0,0,0,'',2),(639,97,165,183,0,0,0,'',2),(640,97,165,45,0,0,0,'',9),(641,97,165,46,0,0,0,'',10),(642,97,165,47,0,0,0,'',11),(643,97,165,45,0,0,0,'',9),(644,97,165,46,0,0,0,'',10),(645,97,165,47,0,0,0,'',11),(646,97,165,45,0,0,0,'',9),(647,97,165,46,0,0,0,'',10),(648,97,165,47,0,0,0,'',11),(649,98,166,43,0,0,0,'',1),(650,98,166,44,0,0,0,'',2),(651,98,166,125,0,2,0,'',3),(652,98,166,124,0,0,3,'',4),(653,98,166,42,0,0,0,'',5),(654,98,166,42,0,0,0,'',6),(655,98,166,42,0,0,0,'',7),(656,98,166,42,0,0,0,'',8),(657,98,166,42,0,0,0,'',9),(658,98,167,42,0,0,0,'',1),(659,98,167,119,0,0,0,'',2),(660,98,168,42,0,0,0,'',1),(661,98,168,119,0,0,0,'',2),(662,98,169,42,0,0,0,'',1),(663,98,170,183,0,0,0,'',1),(664,98,170,183,0,0,0,'',2),(665,98,170,45,0,0,0,'',3),(666,98,170,46,0,0,0,'',4),(667,98,170,47,0,0,0,'',5),(668,98,170,45,0,0,0,'',6),(669,98,170,46,0,0,0,'',7),(670,98,170,47,0,0,0,'',8),(671,98,170,45,0,0,0,'',9),(672,98,170,46,0,0,0,'',10),(673,98,170,47,0,0,0,'',11),(674,99,171,43,0,0,0,'',1),(675,99,171,44,0,0,0,'',2),(676,99,171,125,0,2,0,'',3),(677,99,171,124,0,0,3,'',4),(678,99,171,42,0,0,0,'',9),(679,99,171,42,0,0,0,'',9),(680,99,171,42,0,0,0,'',9),(681,99,171,42,0,0,0,'',9),(682,99,171,42,0,0,0,'',9),(683,99,172,42,0,0,0,'',1),(684,99,172,119,0,0,0,'',2),(685,99,173,42,0,0,0,'',1),(686,99,173,119,0,0,0,'',2),(687,99,174,42,0,0,0,'',1),(688,99,175,183,0,0,0,'',2),(689,99,175,183,0,0,0,'',2),(690,99,175,45,0,0,0,'',9),(691,99,175,46,0,0,0,'',10),(692,99,175,47,0,0,0,'',11),(693,99,175,45,0,0,0,'',9),(694,99,175,46,0,0,0,'',10),(695,99,175,47,0,0,0,'',11),(696,99,175,45,0,0,0,'',9),(697,99,175,46,0,0,0,'',10),(698,99,175,47,0,0,0,'',11),(699,40,47,43,0,0,0,'',1),(700,40,47,46,0,0,0,'',2),(702,65,128,42,0,0,0,'',1),(703,65,128,43,0,0,0,'',2),(704,103,177,42,0,0,0,NULL,2),(705,103,177,42,0,0,0,NULL,2),(706,103,177,43,0,0,0,NULL,3),(707,96,159,43,0,0,0,'',9),(711,65,127,49,0,0,0,'',1),(712,65,127,48,0,0,0,'',2),(713,104,178,203,0,0,0,'',4),(714,104,178,219,0,0,0,'',3),(715,104,178,219,0,0,0,'',3),(716,104,178,203,0,0,0,'',4),(717,104,178,206,0,0,0,'',5),(718,104,178,213,0,0,0,'',6),(719,107,180,210,0,0,0,'',1),(720,107,180,209,0,0,0,'',2),(721,107,180,218,0,0,0,'',3),(722,107,180,219,0,0,0,'',4),(723,107,180,220,0,0,0,'',5),(724,107,180,221,0,0,0,'',6),(725,107,180,211,0,0,0,'',7),(726,108,181,210,0,0,0,'',1),(727,108,181,209,0,0,0,'',2),(728,108,181,218,0,0,0,'',3),(729,108,181,219,0,0,0,'',4),(730,108,181,220,0,0,0,'',5),(731,108,181,221,0,0,0,'',6),(732,108,181,211,0,0,0,'',7),(737,109,184,42,0,0,0,'',1),(738,109,184,42,0,0,0,'',2),(739,112,187,48,0,0,0,'',1),(740,112,187,47,0,0,0,'',2),(741,112,187,42,0,0,0,'',3),(742,112,187,52,0,0,0,'',4),(743,112,187,61,0,0,0,'',5),(744,112,187,69,0,0,0,'',6),(745,112,187,68,0,0,0,'',7),(746,112,187,78,0,0,0,'',8),(747,112,187,79,0,0,0,'',9),(748,113,191,210,0,0,0,'',1),(749,113,191,209,0,0,0,'',2),(750,113,191,218,0,0,0,'',3),(751,113,191,219,0,0,0,'',4),(752,113,191,220,0,0,0,'',5),(753,113,191,221,0,0,0,'',6),(754,113,191,211,0,0,0,'',7),(755,114,197,48,0,0,0,'',1),(756,114,197,47,0,0,0,'',2),(757,114,197,42,0,0,0,'',3),(758,114,197,52,0,0,0,'',11),(759,114,197,61,0,0,0,'',14),(760,114,197,69,0,0,0,'',9),(761,114,197,68,0,0,0,'',7),(762,114,197,78,0,0,0,'',4),(763,114,197,79,0,0,0,'',5),(764,94,201,43,0,0,0,'',3),(765,94,201,43,0,0,0,'',3),(766,94,201,43,0,0,0,'',3),(767,114,197,68,0,0,0,'',7),(768,114,197,69,0,0,0,'',9),(769,114,197,52,0,0,0,'',11),(770,114,197,61,0,0,0,'',14),(771,114,197,61,0,0,0,'',14),(772,114,197,62,0,0,0,'',16),(773,114,197,62,0,0,0,'',16),(774,114,197,53,0,0,0,'',17),(775,114,197,43,0,0,0,'',18),(776,115,202,42,0,0,0,'',6),(777,115,202,42,0,0,0,'',6),(778,115,202,42,0,0,0,'',6),(779,115,202,42,0,0,0,'',6),(780,115,202,42,0,0,0,'',6),(781,115,202,42,0,0,0,'',6),(782,116,204,183,0,0,0,'',1),(784,115,205,42,0,0,0,'',1),(786,69,105,113,0,0,0,'',1),(787,69,105,44,0,0,0,'',3),(788,117,206,42,0,0,0,'',1),(789,119,207,183,0,0,0,'',1),(790,114,208,210,0,0,0,'',1),(791,114,208,209,0,0,0,'',2),(792,114,208,218,0,0,0,'',6),(793,114,208,221,0,0,0,'',4),(794,114,208,219,0,0,0,'',5),(795,114,208,218,0,0,0,'',6),(796,114,208,213,0,0,0,'',7),(797,114,208,206,0,0,0,'',8),(798,114,208,204,0,0,0,'',9),(799,121,212,103,0,0,0,'',1),(800,121,212,104,0,0,0,'',2),(801,121,212,99,0,0,0,'',3),(802,121,212,63,0,0,0,'',4),(803,121,213,121,0,0,0,'',4),(804,121,213,131,0,0,0,'',1),(805,121,213,129,0,0,0,'',2),(806,121,213,121,0,0,0,'',4),(807,121,213,130,0,0,0,'',5),(808,121,213,136,0,0,0,'',6),(809,121,213,135,0,0,0,'',7),(810,122,214,166,0,0,0,'',1),(811,122,214,199,0,0,0,'',2),(812,122,214,198,0,0,0,'',3),(813,122,214,202,0,0,0,'',4),(814,122,214,205,0,0,0,'',5),(815,122,214,206,0,0,0,'',6),(816,122,214,211,0,0,0,'',7),(817,125,217,73,0,0,0,'',1),(818,125,218,73,0,0,0,'',1),(819,125,218,74,0,0,0,'',2),(820,125,218,72,0,0,0,'',3),(821,125,218,51,0,0,0,'',4),(822,125,218,52,0,0,0,'',5),(823,125,218,49,0,0,0,'',6),(824,125,218,48,0,0,0,'',7),(825,125,217,84,0,0,0,'',2),(826,125,217,85,0,0,0,'',3),(827,125,217,82,0,0,0,'',4),(828,125,217,83,0,0,0,'',5),(829,125,217,86,0,0,0,'',6),(830,125,217,89,0,0,0,'',7),(831,125,217,87,0,0,0,'',8),(832,65,127,124,0,0,0,'',3),(833,65,222,123,5,3,0,'Держите равновесие',1),(834,65,222,119,12,2,0,'',2),(835,65,222,120,10,3,0,'',3),(836,65,222,122,10,3,0,'',4),(837,65,222,201,9,0,0,'',5),(838,127,223,93,0,0,0,'',1),(839,127,223,90,0,0,0,'',2),(840,127,223,195,0,0,0,'',3),(841,127,224,162,10,1,0,'балансируем',1),(842,127,224,196,6,2,0,'',2),(843,127,224,108,8,1,0,'',3),(844,127,224,109,5,2,0,'',4),(845,127,225,45,0,0,0,'',1),(846,127,225,46,0,0,0,'',2),(847,127,225,47,0,0,0,'',3),(848,127,226,143,0,0,0,'',1),(849,127,226,146,0,0,0,'',2),(850,127,226,160,0,0,0,'',3),(861,128,228,52,0,0,0,'',1),(862,128,228,51,0,0,0,'',2),(863,128,229,119,0,0,0,'',1),(864,128,229,152,0,0,0,'',2),(865,128,229,114,0,0,0,'',3),(866,128,229,115,0,0,0,'',4),(867,128,230,124,0,0,0,'',1),(868,128,230,203,0,0,0,'',2),(869,128,230,120,0,0,0,'',3),(870,126,221,70,0,0,0,'',1),(871,126,221,71,0,0,0,'',2),(872,126,221,67,0,0,0,'',3),(873,126,221,74,0,0,0,'',4),(874,126,221,82,0,0,0,'',5),(875,129,231,42,0,0,0,'',1),(876,129,231,43,0,0,0,'',2),(877,129,231,44,0,0,0,'',3),(878,129,231,47,0,0,0,'',4),(879,129,231,46,0,0,0,'',5),(880,129,231,45,0,0,0,'',6),(881,129,231,48,0,0,0,'',7),(882,129,231,49,0,0,0,'',8),(883,129,231,50,0,0,0,'',9),(884,130,232,166,0,0,0,'',1),(885,130,232,63,0,0,0,'',2),(886,130,232,194,0,0,0,'',3),(887,130,232,197,0,0,0,'',4),(888,130,232,196,0,0,0,'',5),(889,130,232,165,0,0,0,'',6),(891,131,233,210,12,2,0,'Следите за тем, чтобы при сгибании рук локти были разведены в стороны на уровень плеч. ',1),(893,131,233,205,0,0,0,'Подвеска на высоте 30-40 см от пола. Ноги и туловище образуют одну прямую линию. Поднимите таз вверх и удерживайте это положение 15-20сек',12),(894,131,233,209,12,2,0,'Ладони направлены к голове. Подтянуть тело вперед сгибая руки в локтях. ',5),(896,131,233,212,12,2,0,'Ладони сведены вместе и направлены от себя. Ноги на ширине плеч. Давайте ему возможность немного прогнуться в пояснице и отвести плечи вверх.',2),(897,131,233,221,12,1,0,'Удерживая себя в висе на одной руке, ноги шире ширины плеч согнуты в коленях. Потянитесь свободной рукой по диагонали к полу.',6),(898,131,233,220,12,2,0,'Ладони направлены от себя, руки выпрямлены.',3),(899,131,233,219,15,2,0,'Ноги на ширине плеч, стопы параллельно ',7),(900,131,233,218,12,2,0,'В исходном положении провиснуть на прямые руки, туловище выпрямлено, мыски если возможно подтянуть вверх, опора только на пятки. Развести руки в стороны и вытолкнуть тело немного вперед.',4),(901,131,233,178,12,1,0,'Внимательно читайте описание упражнения! Нажмите иконку \"Info\" в правом углу ',8),(902,131,233,170,12,1,0,'Рекомендации к выполнению аналогичны предыдущему упражнению.',9),(903,131,233,176,12,1,0,'Подвески на высоте 30 -40см от пола. Следите за тем, чтобы все тело было выпрямлено. Поочередно подтягивайте колени к груди.',10),(904,131,233,167,12,1,0,'Внимательно читайте описание! Нажмите иконку \"Info\" в правом углу ',11),(923,121,240,42,10,2,0,'',1),(924,121,240,43,12,2,0,'',2),(925,121,240,62,9,2,0,'',3),(926,121,240,152,12,2,0,'',4),(929,132,241,236,0,0,0,'',1),(930,132,241,251,0,0,0,'',3),(931,132,241,257,0,0,0,'',4),(932,132,241,237,0,0,0,'',6),(933,132,241,234,0,0,0,'',7),(934,132,241,259,0,0,0,'',9),(935,132,241,258,0,0,0,'',8),(936,132,241,261,0,0,0,'',10),(937,132,241,262,0,0,0,'',5),(938,132,241,263,0,0,0,'',11),(939,132,241,265,0,0,0,'',12),(940,132,241,271,0,0,0,'',2),(941,132,241,278,0,0,0,'',13),(942,132,241,293,0,0,0,'',14),(943,132,242,297,0,0,0,'',1),(944,132,242,278,0,0,0,'',2),(945,132,242,289,0,0,0,'',3),(946,132,242,285,0,0,0,'',4),(947,133,247,151,0,0,0,'',1),(948,133,247,150,0,0,0,'',2),(949,133,247,149,0,0,0,'',3),(950,133,247,153,0,0,0,'',4),(951,133,247,152,0,0,0,'',5),(952,133,247,154,0,0,0,'',6),(953,133,247,228,0,0,0,'',7),(954,133,247,232,0,0,0,'',8),(955,133,247,158,0,0,0,'',9),(956,133,247,147,0,0,0,'',10),(957,133,247,82,0,0,0,'',11),(958,133,247,231,0,0,0,'',12);
/*!40000 ALTER TABLE `programs_exercises` ENABLE KEYS */;
UNLOCK TABLES;

--
-- Table structure for table `programs_tabs`
--

DROP TABLE IF EXISTS `programs_tabs`;
/*!40101 SET @saved_cs_client     = @@character_set_client */;
/*!40101 SET character_set_client = utf8 */;
CREATE TABLE `programs_tabs` (
  `id` int(11) NOT NULL AUTO_INCREMENT,
  `tab_name` varchar(255) NOT NULL,
  `program_id` int(11) NOT NULL,
  `hash` varchar(32) NOT NULL,
  PRIMARY KEY (`id`),
  KEY `fk_tab_program` (`program_id`),
  CONSTRAINT `fk_tab_program` FOREIGN KEY (`program_id`) REFERENCES `programs` (`id`) ON DELETE CASCADE
) ENGINE=InnoDB AUTO_INCREMENT=248 DEFAULT CHARSET=utf8;
/*!40101 SET character_set_client = @saved_cs_client */;

--
-- Dumping data for table `programs_tabs`
--

LOCK TABLES `programs_tabs` WRITE;
/*!40000 ALTER TABLE `programs_tabs` DISABLE KEYS */;
INSERT INTO `programs_tabs` VALUES (39,'Упражнения',35,'1de9fe4df3075964eed037b0bcd8ad1d'),(40,'Упражнения',36,'8b542226bb74f3424f84277c5d755f35'),(46,'Упражнения',39,'38dfa30242c777c75b2e3eb169522f91'),(47,'Упражнения',40,'4a456037ec49f1e2baa39acf351186d3'),(50,'1',43,'c742d81fcb0925d96bdc9d82135db31a'),(51,'1',44,'0723c0ea5649da632bbce5c966e988a5'),(52,'2',44,'a4f2bbd3bf1c548b9fad55435f19043a'),(53,'1',45,'96203c3802a8d80ca65b01acbb757d5e'),(54,'1',46,'3b3e6bdbb20342833aa8a3ea8f3198f4'),(55,'сидя ',47,'3aabf0a84669057d2f0647676625ac4a'),(56,'лежа ',47,'7c70420da1af62beb1cca7e4aaeb1866'),(57,'стоя',47,'52b619636d0f724c874dc574d076491a'),(58,'Ходьба',47,'1640793861ba9f15b6e64e0934abc582'),(59,'Дыхательная гимнастика ',47,'9a0aa60ba5887114a073c8c0538d0a2a'),(60,'сидя ',48,'227eb18c1ea02287c4b54ee6706fd45a'),(61,'лежа ',48,'d1d60f224172a0376355fe9373647768'),(62,'стоя',48,'214a834c47f03e11addc726cac59747b'),(63,'Ходьба',48,'0a17a68652e692b5ac772224ecd84e18'),(64,'Дыхательная гимнастика ',48,'58c1bb7bdcfa847eae68c8d082d548f1'),(70,'лежа',54,'c76a0ae12853cfc0db723fd00a4801ce'),(71,'ходьба ',49,'40ef797675772bf34f68db2f2a955e96'),(73,'сидя ',54,'a6e47116740ce94de367aaec9e6f2d6d'),(74,'Стоя ',54,'6fc0484525734318a5d260d1291a153f'),(75,'Упражнения лежа ',56,'aac3984d263f4a5f21af860230ea2c24'),(76,'Упражнения лежа ',56,'1e25baecdeff26b1e85ef1900804fab9'),(77,'Упражнения лежа ',56,'ca2a5d0106a44bb53c28f8e4a55f6943'),(78,'Упражнения лежа ',56,'28e12b78bd05bf990230d396b778ff76'),(79,'Упражнения лежа ',56,'66b15c700e02fd38348a5feb80e48944'),(80,'Упражнения лежа ',56,'2eafa30594af3b7fbd29d11ce67446b7'),(81,'Упражнения лежа ',56,'8d957980f3bbfbbe558479eac6bc0fb4'),(82,'Лежа ',57,'9c8a9bd1aa14ac5ddcfe3ce473a4cb1b'),(83,'Лежа ',58,'f08719e45176767bda28fc5221f0f962'),(84,'Упр лежа ',59,'b7a0f7a1e1f811fba9b291d7f8db9945'),(85,'Упр сидя',59,'943a735abb91d88031a89d62941a7162'),(90,'Мобилизация ',61,'5981f66a1710e395d554fba55fd25302'),(91,'Укрепление',61,'6b52fbd2ce5617e27a378bc4b720070d'),(92,'ИП Лежа ',62,'7db1a8c401cde8c99d096934962d12fd'),(93,'Упр лежа ',63,'1b0f8a1aa6689ec192aaa809cebd648c'),(94,'123',60,'9061953bf3113031402c91426058ffd6'),(95,'456',60,'e9778f1e63b4b2626fde2deff358964d'),(96,'1',64,'f2b3c2b06bf107a6bcd48fe535c47baf'),(97,'678',60,'6ab0883afa18a7ae84dbe2eee12007be'),(99,'1',66,'9eb274bbafd7f7d7ec88f4e8f5115076'),(100,'1',60,'61c748e0a827a70ba91f2a70c3a68bbd'),(102,'Упражнения',67,'6f355f7b201b0da01d8bc668c0bd8b0b'),(103,'Первая вкладка',68,'383cbd38c5cf218da9eabb9a0039a19f'),(104,'Вторая вкладка',68,'7ed7c2a834331105b6f0d760ba27668e'),(105,'10',69,'35a46b181769c452efbbe348a0883028'),(106,'1',70,'bb11e33d9c648c62eeb42b21f8dafc2d'),(107,'test',71,'646af9206a2c45adb61c2b224f895bf0'),(108,'test2',71,'44da61c3d6833d5623d059e5a90182cc'),(109,'test 3',71,'455492197d9e1f7a6876b972944300d6'),(110,'ИП Лежа ',72,'df299860b9426b8934d0035e37b6fc45'),(111,'233',73,'4df27b16d64cef104f50c60abdc92bf9'),(112,'4566',73,'dcd724de39f699dcf2ef2a9fd1f4175e'),(113,'Третья вкладка',68,'6707191a7a829b9a93c112b277221592'),(114,'123',74,'541e811db9e3180edeaf15096d7a3667'),(115,'123',75,'47118ad81f4e10d08d0e87d3f32cfec8'),(116,'123',76,'311559d1b93d196c91f3f8603fd3a7da'),(117,'Комплекс упражнений лежа на животе ',77,'0438fc4d4162682fd2636b382ff91b3d'),(118,'Комплекс цупражнений лежа на спине ',77,'916b93ef566f4ee694ad588a29f57291'),(119,'Комплекс упражнений в положении сидя',77,'c515c7a9881d26f42827ff38970697c7'),(120,'Комплекс упражнений в положении стоя',77,'11bc47a96abfe46673a56a9a3bc94de8'),(121,'sds',68,'15b2d26bbdc7aca0d026a285a686cada'),(122,'Упр лежа ',78,'111e100528da873d5c16dd95b1b6cf9b'),(123,'Упр сидя',78,'c0957cf8d3406ad9112be2cb2eeca6bf'),(124,'Упр стоя',78,'d838d20ab66ffeba4105104c051564de'),(127,'Понедельник',65,'8578b1a2ad483b32f14cf2cf5981b5b6'),(128,'Вторник',65,'713e639385b1eb2c9c1c1e78161bc2ff'),(132,'Первая вкладка',79,'c2e6d61c7e8ff4f4fe80aabce512d679'),(133,'Вторая вкладка',79,'84db9de9c22c8bc0ae3c4645d15fc9f1'),(134,'Третья вкладка',79,'ecbe9421b155da9d29a1ebff90ce21b9'),(135,'sds',79,'783df25f1e4b187e3bb5ec78e5cbf6c0'),(137,'1',80,'c2fe41c8b9d7c0230664db105acf5df2'),(138,'1010',83,'61e3a1a1108b8b56a3c73b8ee7a433d9'),(139,'1',84,'a8ba790503e58aca6817ddbfcff48896'),(140,'1',85,'50e6ced4afa7cb2fa586aabdf620f4b8'),(141,'000',85,'6511ff603473c4630bc63fdf462cdebe'),(142,'первая',86,'01fecceb642957dc0931d19ae5845d62'),(143,'2',86,'d3b8b89facb8b209d1a7ac5cd806b42c'),(144,'10',87,'f6bb6b4b316e37d15d47658e36cae1a9'),(145,'2',87,'060a82ab72ad20fc745dc74a755f12d5'),(146,'10',88,'7f822534e4b35846929ee421de08cfff'),(147,'10',89,'9b3059f9b3aa0b26ddf8d28054efde1d'),(148,'Лежа',90,'22be06f48181ac6056d75772656edc7c'),(149,'Упр лежа',91,'3b43653da95b721f2af99ece778a6099'),(151,'вап',93,'a1a2e701ba07d8aa66ea31a893b0b263'),(152,'Упр лежа',94,'19c3c9a61affc9b7a5166f9aced5b734'),(153,';',79,'7bfd807608cf937ed3b98270709819dd'),(154,'Первая вкладка',95,'ba48813c7f7e51105b3b0ca65901faf2'),(155,'Вторая вкладка',95,'8e6f499cbb9356242edd7a5d05538275'),(156,'Третья вкладка',95,'80721d44134224a8cfeb3bd889a967f7'),(157,'sds',95,'db11d3329cd593a99b67761a0932557d'),(158,';',95,'f1f22e9c7ff92caf57f1e0639e0b04da'),(159,'Упр лежа ',96,'408a9d1cf93d75f3914e170fa1ac4844'),(160,'Упр стоя в вертикализаторе',96,'915de2def44c134a69df89f6fe4893ea'),(161,'Первая вкладка',97,'409b79cc21fad74f22f7ea37d77ea5d4'),(162,'Вторая вкладка',97,'4f5ebcff1942ffd40998e0ca93b4e78a'),(163,'Третья вкладка',97,'1c24e26e1fe95de634dd4bb796d0fcc7'),(164,'sds',97,'a0c7a21089fe04b0ca096b3b3e425e6c'),(165,';',97,'2fb339c79b47204c21c8f2ecc6195b47'),(166,'Первая вкладка',98,'2fa204680b34f5399db18b22d27e2f1d'),(167,'Вторая вкладка',98,'e5052eb5fd850cb9bf198f562ca4a7f1'),(168,'Третья вкладка',98,'5736a86d32929da590af22bd0faa667c'),(169,'sds',98,'3f40634b93133b0af26d839b7c2f2c22'),(170,';',98,'a0f3f9e0c1388d8e8fa64a4226fb7015'),(171,'Первая вкладка',99,'4e199e5096658851a1de54fe95864d20'),(172,'Вторая вкладка',99,'da249434e7ef0e0f23d6b98f171474d1'),(173,'Третья вкладка',99,'3d8958d343a7db09ba7b3f5eee21b8fe'),(174,'sds',99,'73f06af8343b0ddc2ea02df83e7113dc'),(175,';',99,'db3c65c217073453937d192e7f0ff4c0'),(176,'23',102,'084f6ad9443d550499777a3fba75bc0d'),(177,'Упражнения',103,'c919b005dfd101f2ce0a110d561ba3b8'),(178,'Упражнения  для ног',104,'16d9c48b2f5eefafca051f89a0d0de00'),(179,'All body Level 1',106,'dd35597a3a13b7beaf74d466184781aa'),(180,'Крепкий торс ',107,'7ce1746b0cdacb4c52bc6ba154729758'),(181,'Крепкий торс ',108,'c91a3ccf844af0d30f327a446a3c57c2'),(184,'10',109,'f38de4b89d56d4907e5bad70170f3f9c'),(185,'Утреннеяя гимначстика',109,'c56309fb580678bada2ba53a5100444c'),(186,'123',110,'c1800649221724aae09483746560d4be'),(187,'Упр лежа',112,'778af46b88b3273035f9ace8fae04f65'),(188,'123',108,'95b53cfb4296c19d7aeb8baae885d942'),(189,'456',108,'0ab77e2049206ec914ff45453abd5e32'),(190,'678',108,'c3619e0f53436d8358bf81d4b9822865'),(191,'Крепкий торс ',113,'d43577d31c1bcc783ebfc55279e81755'),(192,'123',113,'e1e36f6b1b83f8009f7973683e5742dc'),(193,'456',113,'8523fa648070cb473f0d3751433d7062'),(194,'678',113,'8266daccff655819c049ffd18fee7513'),(195,'345',94,'ade6609b50306c28c72cdf9aa567880c'),(196,'5677',94,'db04bab3908f5066e2dfdf42e9c0750e'),(197,'Упр лежа',114,'8388910f1d3169f1069c7508474ff78a'),(200,'123',94,'010b653da0a06efb1ffeec098c46c1e6'),(201,'897',94,'68786ba98aa23098a7de00c59cb28bcb'),(202,'888',115,'94706ab9887538a4628db7188eb0a7e1'),(204,'77',116,'8680b3bb4c75c4503567257643087089'),(205,'000000',115,'8f7ae215f77422a95781fc5f1f871385'),(206,'gdfg',117,'02b36ac019d2fa6627700d9b85ffd155'),(207,'gfh',119,'4f1dae2fd5619b48ecccf1bf189af70b'),(208,'Упр на подвесках',114,'7b759812f15660eeb96ffc04cd7b706b'),(212,'Разминка ',121,'ff3890ccdc79cecc9818d4944ea5fb15'),(213,'Баланс тренировки ',121,'aba3da9a607983d967930c7660cb6293'),(214,'Стабилизация постуры',122,'95c2a98db1c372c9d6d4a827d68878d0'),(215,'Баланс тренировки ',123,'b226df06dab7064ca536425cb16154e9'),(216,'12',124,'f68308fd0bc14d788f70ff3f534c6c7a'),(217,'Шейный отдел ',125,'d36492655092fbf7f75b9c9aa1669ae0'),(218,'Грудной отдел',125,'10525b5c5a833da8c6ddfc6a36694135'),(219,'Поясничный отдел',125,'8b841fbd492c47ac286ed1963305292b'),(220,'Крестец и копчик',125,'9abf91f21c79adfddb805acfeff4425d'),(221,'12243',126,'6cc156aa455b3cf50a2acff36c12801b'),(222,'Новая вкладка',65,'9aae38a8636101ff0ce5b1088c3b6bf4'),(223,'Вторник',127,'08faa2e941141b5b39550c781da1753c'),(224,'Среда',127,'5012c2b0275d68629c362d55cf74f7e1'),(225,'Утренняя гимнастика',127,'cb8eee184156548a35915e07e418cf41'),(226,'Вечерняя пробежка',127,'009c1cab0e68641a0e43db2ab5c9e889'),(228,'Вторая вкладка',128,'9fcad7d888b877e3e2ad2e2e2826d564'),(229,'Утренняя гимнастика',128,'61a51201ccf3ab81e3db9015012afce1'),(230,'Вечерняя прогулка',128,'79b2a35d78cffe15d9b64bdc16a2aa89'),(231,'Травма позвоночника ',129,'c4352dea213045f92eb3d0e3b2b35c24'),(232,'мобилизация лопаток',130,'27cf8c45810fd09e70d8bb148de02a49'),(233,'Баланс тренировки',131,'812227e5311d153fb02b6cda43f04211'),(240,'Упр лежа',121,'6556cae7d9def71f15c5f9e692567355'),(241,'Пн',132,'3b7006a17402422cbe5cc67cfdae8f8e'),(242,'Вт ',132,'d24433cd8351c21d438bf2cdc17a2520'),(243,'Ср',132,'24988d125b0cb11118e3fc0045bc2869'),(244,'Чт',132,'5f1f835d0899367d56f0aa6407749d1a'),(245,'Пт',132,'8a1f724d171963a6dc04b310a3de7e87'),(246,'Сб',132,'fce43b1b3faabff95527947839479bc3'),(247,'Программа тренировки 1',133,'a2164d6a3284aa3ecc6ec50b049ffa6a');
/*!40000 ALTER TABLE `programs_tabs` ENABLE KEYS */;
UNLOCK TABLES;

--
-- Table structure for table `settings`
--

DROP TABLE IF EXISTS `settings`;
/*!40101 SET @saved_cs_client     = @@character_set_client */;
/*!40101 SET character_set_client = utf8 */;
CREATE TABLE `settings` (
  `id` int(11) NOT NULL AUTO_INCREMENT,
  `key` varchar(20) NOT NULL,
  `value` text,
  `type` varchar(20) DEFAULT NULL,
  `validation` varchar(255) DEFAULT NULL,
  `show` tinyint(1) DEFAULT '1',
  `order` int(11) DEFAULT '0',
  PRIMARY KEY (`id`),
  UNIQUE KEY `pk_key` (`key`)
) ENGINE=InnoDB AUTO_INCREMENT=27 DEFAULT CHARSET=utf8;
/*!40101 SET character_set_client = @saved_cs_client */;

--
-- Dumping data for table `settings`
--

LOCK TABLES `settings` WRITE;
/*!40000 ALTER TABLE `settings` DISABLE KEYS */;
INSERT INTO `settings` VALUES (1,'site_name','Реабилитация и фитнес','input','required|trim',1,1),(2,'site_mail','info@reafit.ru','input','required|trim|valid_email',1,2),(3,'bot_mail','info@reafit.ru','input','required|trim|valid_email',1,3),(4,'recovery_text','{EMAIL}\n{SURNAME}\n{NAME}\n{MIDDLE_NAME}\n{REGION}\n{PHONE}\n{STATUS}\n{DATE}\n{PASSWORD}','textarea','required',1,4),(5,'regions','Москва и Московская область\nСанкт-Петербург\nАдыгея\nАлтай\nБашкортостан\nБурятия\nДагестан\nИнгушетия\nКабардино-Балкария\nКалмыкия\nКарачаево-Черкесия\nКарелия\nКоми\nКрым\nМарий Эл\nМордовия\nСаха (Якутия)\nСеверная Осетия — Алания\nТатарстан\nТыва\nУдмуртия\nХакасия\nЧечня\nЧувашия\nАлтайский край\nЗабайкальский край\nКамчатский край\nКраснодарский край\nКрасноярский край\nПермский край\nПриморский край\nСтавропольский край\nХабаровский край\nАмурская область\nАрхангельская область\nАстраханская область\nБелгородская область\nБрянская област\nВладимирская область\nВолгоградская область\nВологодская область\nВоронежская область\nИвановская область\nИркутская область\nКалининградская область\nКалужская область\nКемеровская область\nКировская область\nКостромская область\nКурганская область\nКурская область\nЛенинградская область\nЛипецкая область\nМагаданская область\nМосковская область\nМурманская область\nНижегородская область\nНовгородская область\nНовосибирская область\nОмская область\nОренбургская область\nОрловская область\nПензенская область\nПсковская область\nРостовская область\nРязанская область\nСамарская область\nСаратовская область\nСахалинская область\nСвердловская область\nСмоленская область\nТамбовская область\nТверская область\nТомская область\nТульская область\nТюменская область\nУльяновская область\nЧелябинская область\nЯрославская область\nСевастополь\nЕврейская АО\nНенецкий АО\nХанты-Мансийский АО — Югра\nЧукотский АО\nЯмало-Ненецкий АО','textarea','required',1,11),(6,'register_text','{EMAIL}\n{SURNAME}\n{NAME}\n{MIDDLE_NAME}\n{REGION}\n{PHONE}\n{STATUS}\n{LINK}\n{PASSWORD}','textarea','required',1,5),(8,'home_header','ReaFit-','input','trim',1,13),(9,'home_text','<h2>Создание индивидуальных программ тренировок  в реабилитации и фитнесе. </h2>\n<p>Найдите вдохновение, сохраните время и гарантируйте качество с более 1000 различных упражнений с  подробным описанием и рекомендациями. \nРедактируйте базовые упражнения  в соответствии с запросом клиента и создавайте новые, которые применяете только вы в своей практике.</p>','textarea','trim',1,14),(10,'home_video','<hr>\n<h2>Отправить тренировочную программу на электронную почту,  сохранить как PDF или распечатать.</h2>\n<p>Все это вы сможете сделать за несколько минут на любом персональном компьютере или планшете имеющего доступ в интернет, через браузер, без установки специальных программ и скачивания файлов.\nСоздав и сохранив  тренировочную программу  в вашем аккаунте вы можете с высокой точностью обеспечить профессиональный контроль и коррекцию тренировочного процесса вашего клиента.\nОтправляя готовые тренировочные программы на фирменном бланке вы подтверждаете свой профессиональный подход и индивидуальное отношение к каждому клиенту.\n</p>','textarea','trim',1,15),(11,'home_end_text','<hr><h2>Программа упражнений и дневник тренировок</h2>\n<p>С ReaFit  вы получите приоритетный обзор того, кто из ваших клиентов достиг положительной динамики. А также создавать дальнейший план тренировочного процесса, четко определив будущие цели.\nБлагодаря прямой связи через приложение,  ваш клиент может всегда поделиться своими впечатлениями, оставить комментарий  или получить ответ на интересующий вопрос.\n</p>','textarea','trim',1,16),(12,'forum_url','','input','trim',1,21),(13,'feedback_text','{SUBJECT}\n{EMAIL}\n{PHONE}\n{MESSAGE}\n{DATE}','textarea','required',1,7),(14,'changes_text','{SURNAME}\n{NAME}\n{MIDDLE_NAME}\n{REGION}\n{PHONE}\n{STATUS}\n{DATE}\n{EMAIL}\n{NEW_EMAIL}\n{NEW_SURNAME}\n{NEW_NAME}\n{NEW_MIDDLE_NAME}\n{NEW_REGION}\n{NEW_PHONE}\n{NEW_STATUS}\n{LINK}','textarea','required',1,8),(15,'main_add_prog','','textarea','trim',1,17),(16,'main_open_prog','','textarea','trim',1,18),(17,'main_add_app','','textarea','trim',1,19),(18,'main_open_app','','textarea','trim',1,20),(19,'image_width','280','input','required|trim|integer',1,22),(20,'image_height','280','input','required|trim|integer',1,23),(21,'program_mail_text','{SITE_NAME}\n{PROGRAM_NAME}\n{PROGRAM_DESC}\n{PROGRAM_MAIL}\n{PRINT_LINK}\n{VIEW_LINK}\n{DATE}','textarea','required|trim',1,10),(22,'program_mail_subject','{SITE_NAME} [{PROGRAM_NAME}] {DATE}','input','required|trim',1,9),(23,'status','Кинезитерапевт\nВрач реабилитолог\nИнструктор\nПациент\nДругое','textarea','required|trim',1,12),(24,'admin_register_text','{EMAIL}\n{SURNAME}\n{NAME}\n{MIDDLE_NAME}\n{REGION}\n{PHONE}\n{STATUS}\n{LINK}\n{PASSWORD}\n{IP}','textarea','required',1,6),(25,'tinypng_key','k9Mkqg1J0gx95U5g6g4vZbqBXcDT6uUm','input','required|trim',1,24),(26,'categories','Реабилитация\nФитнес\nТравматология\nОртопедия','textarea','required|trim',1,25);
/*!40000 ALTER TABLE `settings` ENABLE KEYS */;
UNLOCK TABLES;

--
-- Table structure for table `tags`
--

DROP TABLE IF EXISTS `tags`;
/*!40101 SET @saved_cs_client     = @@character_set_client */;
/*!40101 SET character_set_client = utf8 */;
CREATE TABLE `tags` (
  `id` int(11) NOT NULL AUTO_INCREMENT,
  `group_id` int(11) NOT NULL,
  `parent_id` int(11) DEFAULT NULL,
  `tag` varchar(255) NOT NULL,
  `order` int(11) DEFAULT '0',
  PRIMARY KEY (`id`),
  KEY `fk_tags_group` (`group_id`),
  KEY `fk_tags_parents` (`parent_id`),
  CONSTRAINT `fk_tags_group` FOREIGN KEY (`group_id`) REFERENCES `tags_groups` (`id`) ON DELETE CASCADE,
  CONSTRAINT `fk_tags_parents` FOREIGN KEY (`parent_id`) REFERENCES `tags` (`id`) ON DELETE CASCADE
) ENGINE=InnoDB AUTO_INCREMENT=67 DEFAULT CHARSET=utf8;
/*!40101 SET character_set_client = @saved_cs_client */;

--
-- Dumping data for table `tags`
--

LOCK TABLES `tags` WRITE;
/*!40000 ALTER TABLE `tags` DISABLE KEYS */;
INSERT INTO `tags` VALUES (9,1,NULL,'Ходьба',6),(14,1,NULL,'Укрепляющие упражнения',2),(18,2,NULL,'Лежа',1),(19,2,NULL,'Сидя',2),(20,2,NULL,'Стоя',3),(21,3,NULL,'Легкий',1),(22,3,NULL,'Средний',2),(23,3,NULL,'Высокий',3),(24,4,NULL,'Шея',5),(25,4,NULL,'Руки',6),(26,4,NULL,'Плечи',7),(27,4,NULL,'Спина',8),(28,4,NULL,'Живот',9),(29,4,NULL,'Ноги',10),(30,5,NULL,'Разгрузочный модуль',2),(31,5,NULL,'Силовой модуль',3),(32,5,NULL,'Вертикализатор',4),(33,5,NULL,'Многофункциональная скамья',6),(34,5,NULL,'Тренажер для стопы',5),(35,5,NULL,'Фитбол',7),(36,5,NULL,'Гимнастическая палка',12),(37,5,NULL,'Лента-эспандер',9),(38,5,NULL,'Гантели',10),(39,5,NULL,'Штанга',11),(40,5,NULL,'Без оборудования',13),(41,1,NULL,'Силовая тренировка ',1),(46,1,NULL,'Баланс и координация',4),(47,1,NULL,'Упражнения на развитие гибкости',3),(49,1,NULL,'Мобилизация ',5),(53,2,NULL,'Колено-кистевая стойка',4),(54,5,NULL,'Другое',14),(55,5,NULL,'Баланс подушка',8),(56,4,NULL,'Абдукторы',4),(57,4,NULL,'Аддукторы',3),(58,4,NULL,'Сгибатели ',2),(59,4,NULL,'Разгибатели',1),(64,1,NULL,'Ходунки ',7),(65,1,NULL,'Трости ',8),(66,5,NULL,'Нестабильные опоры',1);
/*!40000 ALTER TABLE `tags` ENABLE KEYS */;
UNLOCK TABLES;

--
-- Table structure for table `tags_groups`
--

DROP TABLE IF EXISTS `tags_groups`;
/*!40101 SET @saved_cs_client     = @@character_set_client */;
/*!40101 SET character_set_client = utf8 */;
CREATE TABLE `tags_groups` (
  `id` int(11) NOT NULL AUTO_INCREMENT,
  `name` varchar(255) NOT NULL,
  `colum` tinyint(1) DEFAULT '0',
  PRIMARY KEY (`id`)
) ENGINE=InnoDB AUTO_INCREMENT=6 DEFAULT CHARSET=utf8;
/*!40101 SET character_set_client = @saved_cs_client */;

--
-- Dumping data for table `tags_groups`
--

LOCK TABLES `tags_groups` WRITE;
/*!40000 ALTER TABLE `tags_groups` DISABLE KEYS */;
INSERT INTO `tags_groups` VALUES (1,'Тип упражнений',1),(2,'Исходное положение',1),(3,'Уровень сложности',2),(4,'Фокус упражнений',2),(5,'Оборудование',3);
/*!40000 ALTER TABLE `tags_groups` ENABLE KEYS */;
UNLOCK TABLES;

--
-- Table structure for table `users`
--

DROP TABLE IF EXISTS `users`;
/*!40101 SET @saved_cs_client     = @@character_set_client */;
/*!40101 SET character_set_client = utf8 */;
CREATE TABLE `users` (
  `id` int(11) NOT NULL AUTO_INCREMENT,
  `email` varchar(255) NOT NULL,
  `hash` varchar(512) NOT NULL,
  `surname` varchar(255) DEFAULT NULL,
  `name` varchar(255) DEFAULT NULL,
  `middle_name` varchar(255) DEFAULT NULL,
  `region` varchar(255) DEFAULT NULL,
  `phone` varchar(50) DEFAULT NULL,
  `is_admin` tinyint(1) DEFAULT '0',
  `registration` timestamp NOT NULL DEFAULT CURRENT_TIMESTAMP,
  `last_login` timestamp NOT NULL DEFAULT '0000-00-00 00:00:00',
  `type` varchar(255) DEFAULT NULL,
  `status` tinyint(1) DEFAULT '0',
  `confirm` varchar(32) DEFAULT NULL,
  `changes` text,
  `autologin` varchar(32) DEFAULT NULL,
  `url` varchar(32) DEFAULT NULL,
  `params` text,
  PRIMARY KEY (`id`),
  UNIQUE KEY `pk_mail` (`email`),
  KEY `pk_status` (`status`),
  KEY `pk_admin` (`is_admin`),
  KEY `pk_type` (`type`),
  KEY `pk_confirm` (`confirm`),
  KEY `pk_url` (`url`)
) ENGINE=InnoDB AUTO_INCREMENT=35 DEFAULT CHARSET=utf8;
/*!40101 SET character_set_client = @saved_cs_client */;

--
-- Dumping data for table `users`
--

LOCK TABLES `users` WRITE;
/*!40000 ALTER TABLE `users` DISABLE KEYS */;
INSERT INTO `users` VALUES (1,'79198889134@ya.ru','7847e798c12605e9f065c3dce0280f11ad528db706a967b4a0010f08ef27e5502467accd74436ac88867746fec929f6391e22c998fd8f9950b1865a15a823d58','Ковригин','Юрий','Леонидович','Ростовская область','79198889134',1,'2016-01-29 21:24:13','2017-07-09 20:58:15','',1,'f0b554c34be80753e22ae21671df84d3','{\"params\":\"null\"}',NULL,'b51cff9aaf6dc8a08920ffd28851e569',NULL),(10,'k3456275@yandex.ru','c041d754721798186594bf2bc0021d525327d643a8d057d640e735c5d9c027c9a3892cc349647696f056299def30db815d4c9783a450b94021ac0bf7f6d2cd70','','Юрий','','Москва и Московская область','3456275',0,'2016-02-11 12:05:22','2017-07-09 20:59:27','',1,NULL,NULL,NULL,'8cfff49a346652e3dfbd152ac4f3d074','{\"categories\":[\"\\u0420\\u0435\\u0430\\u0431\\u0438\\u043b\\u0438\\u0442\\u0430\\u0446\\u0438\\u044f\",\"\\u0424\\u0438\\u0442\\u043d\\u0435\\u0441\",\"\\u0422\\u0440\\u0430\\u0432\\u043c\\u0430\\u0442\\u043e\\u043b\\u043e\\u0433\\u0438\\u044f\",\"\\u041e\\u0440\\u0442\\u043e\\u043f\\u0435\\u0434\\u0438\\u044f\"]}'),(20,'79198889134@yandex.ru','5cd84275d6b0c701cccf7c411c917e4b4fe4d96538cda29f3ebd3c9379f3eff330aceb1ac758ddc1e6d8f1d7948b7c74094521efbd03e45b7908cbf4112698d8','Ковригин','Юрий','1','Москва и Московская область','2',0,'2016-02-15 19:56:39','2016-10-11 16:52:30','',1,NULL,NULL,NULL,'77e3dc380a37726b850720ec2b57036b','{\"categories\":[\"\\u0420\\u0435\\u0430\\u0431\\u0438\\u043b\\u0438\\u0442\\u0430\\u0446\\u0438\\u044f\"]}'),(21,'krym-o@mail.ru','f6c6b78837589ea450b821ebfd9f520e1647c41365260fec890ccc28c1ee40af24c6cc4bb20e0945d48baf9519629ca6f3f56884077a67203ab3f167111270fd','','','','','',0,'2016-02-15 20:36:33','2016-02-18 17:33:52','',1,'',NULL,NULL,'66a883fef0633d2e38e8e6eae6f1f37a',NULL),(22,'serg-borodinov@yandex.ru','b0412597dcea813655574dc54a5b74967cf85317f0332a2591be7953a016f8de56200eb37d5ba593b1e4aa27cea5ca27100f94dccd5b04bae5cadd4454dba67d','','','','','',0,'2016-02-16 17:10:56','2016-02-16 17:12:44','Пациент',1,'',NULL,'979c36aa676b2bd6c6fff233cbd394c6','459fb7505cad7374819fbe689197515f',NULL),(23,'mishazaitsev@mail.ru','eaee3a8d30bd8427fa5dc2da910474c716c58910f68250803ffd66094544904bbc81c659453a4b6020dba90e69075fd9e4aedda7179b0c94ff1359c4047c0d50','Зайцев','Михаил','Сергеевич','Москва и Московская область','499 159 83 39',0,'2016-02-20 15:49:02','2016-02-25 18:13:02','Пациент',1,'',NULL,'ddb7b081a2de09f3e410bf038413d840','726d097ced46801f56982b36ca157ac8',NULL),(27,'test@test.com','ee26b0dd4af7e749aa1a8ee3c10ae9923f618980772e473f8819a5d4940e0db27ac185f8a0e1d5f84f88bc887fd67b143732c304cc5fa9ad8e6f57f50028a8ff','','','','','',0,'2016-03-01 16:56:52','2016-09-12 11:35:49','',1,'c0bdf94612a25504662476966d7f0360',NULL,'945c6e75085a24b1484b1a435b110925','45d0f4172df69368d042f1b444e788e4',NULL),(29,'79198889134@ya.by','ab9dfe8c6c77e3b23468b66a5f1daa1dad3ba05b2bd8a16ad88bd5bbc788991305b6a491f674dbe496a86be3e483f236e6657b47edcfc1f0b7b9536a1eb13797','','','','','',0,'2016-03-02 15:26:08','2016-03-03 09:05:46','',1,'',NULL,NULL,'4c4f0915851034399d9dba0a34cfec44',NULL),(31,'ivn.aleksandr@gmail.com','13a804b9acf343bef09c654bbed2fc56c001e02b26eb8caf715504ca94f76f988ebc85ceffb855a4b3f26ad8d4c4400dc84d88395a7343ed5846615644665af5','Иванов','Александр','','Калужская область','',0,'2016-03-25 15:06:36','2016-07-19 12:40:10','Другое',1,'',NULL,NULL,'640484f08d17fbaada9b789f0dbef0dd',NULL),(32,'damirsalakhov@gmail.com','527f8511c09b3c38e74668d5b3101a3b2dd2eef0ef256048417e035f4f533acccac65251bd22263b4a2a56de67fa47245c5809dde2768eaeaf886d5a58ee9279','Salakhov','Damir','','','+79065077171',0,'2016-03-27 18:30:27','2016-03-27 18:45:19','Другое',1,'',NULL,'5d9380caf2c4ae794f02cc2971ab7bc8','42b5b75e7780a0b81373f3567ef05832',NULL),(33,'manager@reafit.ru','5fc2ca6f085919f2f77626f1e280fab9cc92b4edc9edc53ac6eee3f72c5c508e869ee9d67a96d63986d14c1c2b82c35ff5f31494bea831015424f59c96fff664','manager','','','','',2,'2016-04-25 21:19:09','2017-06-15 10:26:50','',1,'20e3392c3b452bd8ac3c7c0e69c23b52','{\"params\":\"null\",\"hash\":\"managermanager\"}',NULL,'e7515cafee3088e0da15da849a0ed0b2',NULL),(34,'info@reafit.ru','c041d754721798186594bf2bc0021d525327d643a8d057d640e735c5d9c027c9a3892cc349647696f056299def30db815d4c9783a450b94021ac0bf7f6d2cd70','Иванов','Петр','Сидорович','Москва и Московская область','',0,'2016-09-07 10:59:45','2016-09-26 17:36:31','Другое',1,NULL,NULL,NULL,'7126b7a0fd7b646f63f7c9f4b2df5b7f','{\"categories\":[\"\\u0420\\u0435\\u0430\\u0431\\u0438\\u043b\\u0438\\u0442\\u0430\\u0446\\u0438\\u044f\",\"\\u0424\\u0438\\u0442\\u043d\\u0435\\u0441\",\"\\u0422\\u0440\\u0430\\u0432\\u043c\\u0430\\u0442\\u043e\\u043b\\u043e\\u0433\\u0438\\u044f\",\"\\u041e\\u0440\\u0442\\u043e\\u043f\\u0435\\u0434\\u0438\\u044f\"]}');
/*!40000 ALTER TABLE `users` ENABLE KEYS */;
UNLOCK TABLES;

--
-- Table structure for table `users_favorites`
--

DROP TABLE IF EXISTS `users_favorites`;
/*!40101 SET @saved_cs_client     = @@character_set_client */;
/*!40101 SET character_set_client = utf8 */;
CREATE TABLE `users_favorites` (
  `id` int(11) NOT NULL AUTO_INCREMENT,
  `user_id` int(11) NOT NULL,
  `exercise_id` int(11) NOT NULL,
  PRIMARY KEY (`id`),
  KEY `fk_favorite_user` (`user_id`),
  KEY `fk_favorite_exercise` (`exercise_id`),
  CONSTRAINT `fk_favorite_exercise` FOREIGN KEY (`exercise_id`) REFERENCES `exercises` (`id`) ON DELETE CASCADE,
  CONSTRAINT `fk_favorite_user` FOREIGN KEY (`user_id`) REFERENCES `users` (`id`) ON DELETE CASCADE
) ENGINE=InnoDB AUTO_INCREMENT=38 DEFAULT CHARSET=utf8;
/*!40101 SET character_set_client = @saved_cs_client */;

--
-- Dumping data for table `users_favorites`
--

LOCK TABLES `users_favorites` WRITE;
/*!40000 ALTER TABLE `users_favorites` DISABLE KEYS */;
INSERT INTO `users_favorites` VALUES (26,22,54),(27,10,43),(28,10,44),(29,20,42),(30,31,70),(31,20,183),(36,20,113),(37,10,80);
/*!40000 ALTER TABLE `users_favorites` ENABLE KEYS */;
UNLOCK TABLES;

--
-- Table structure for table `users_favorites_programs`
--

DROP TABLE IF EXISTS `users_favorites_programs`;
/*!40101 SET @saved_cs_client     = @@character_set_client */;
/*!40101 SET character_set_client = utf8 */;
CREATE TABLE `users_favorites_programs` (
  `id` int(11) NOT NULL AUTO_INCREMENT,
  `user_id` int(11) NOT NULL,
  `program_id` int(11) NOT NULL,
  PRIMARY KEY (`id`),
  KEY `fk_favorite_prog_user` (`user_id`),
  KEY `fk_favorite_program` (`program_id`),
  CONSTRAINT `fk_favorite_program` FOREIGN KEY (`program_id`) REFERENCES `programs` (`id`) ON DELETE CASCADE,
  CONSTRAINT `fk_favorite_prog_user` FOREIGN KEY (`user_id`) REFERENCES `users` (`id`) ON DELETE CASCADE
) ENGINE=InnoDB AUTO_INCREMENT=54 DEFAULT CHARSET=utf8;
/*!40101 SET character_set_client = @saved_cs_client */;

--
-- Dumping data for table `users_favorites_programs`
--

LOCK TABLES `users_favorites_programs` WRITE;
/*!40000 ALTER TABLE `users_favorites_programs` DISABLE KEYS */;
INSERT INTO `users_favorites_programs` VALUES (26,10,48),(27,10,61),(29,10,62),(33,20,36),(47,10,35),(48,10,40),(49,10,94),(50,10,96),(51,10,104),(53,10,121);
/*!40000 ALTER TABLE `users_favorites_programs` ENABLE KEYS */;
UNLOCK TABLES;
/*!40103 SET TIME_ZONE=@OLD_TIME_ZONE */;

/*!40101 SET SQL_MODE=@OLD_SQL_MODE */;
/*!40014 SET FOREIGN_KEY_CHECKS=@OLD_FOREIGN_KEY_CHECKS */;
/*!40014 SET UNIQUE_CHECKS=@OLD_UNIQUE_CHECKS */;
/*!40101 SET CHARACTER_SET_CLIENT=@OLD_CHARACTER_SET_CLIENT */;
/*!40101 SET CHARACTER_SET_RESULTS=@OLD_CHARACTER_SET_RESULTS */;
/*!40101 SET COLLATION_CONNECTION=@OLD_COLLATION_CONNECTION */;
/*!40111 SET SQL_NOTES=@OLD_SQL_NOTES */;

-- Dump completed on 2017-09-01  0:00:01
