
ALTER DATABASE DEFAULT CHARACTER SET cp1251; 
ALTER DATABASE DEFAULT COLLATE cp1251_general_ci; 

-- MySQL dump 10.13  Distrib 5.1.55, for Win32 (ia32)
--
-- Host: mysql89.1gb.ru    Database: gb_rafit
-- ------------------------------------------------------
-- Server version	5.5.35-rel33.0-log

/*!40101 SET @OLD_CHARACTER_SET_CLIENT=@@CHARACTER_SET_CLIENT */;
/*!40101 SET @OLD_CHARACTER_SET_RESULTS=@@CHARACTER_SET_RESULTS */;
/*!40101 SET @OLD_COLLATION_CONNECTION=@@COLLATION_CONNECTION */;
/*!40101 SET NAMES utf8 */;
/*!40103 SET @OLD_TIME_ZONE=@@TIME_ZONE */;
/*!40103 SET TIME_ZONE='+00:00' */;
/*!40014 SET @OLD_UNIQUE_CHECKS=@@UNIQUE_CHECKS, UNIQUE_CHECKS=0 */;
/*!40014 SET @OLD_FOREIGN_KEY_CHECKS=@@FOREIGN_KEY_CHECKS, FOREIGN_KEY_CHECKS=0 */;
/*!40101 SET @OLD_SQL_MODE=@@SQL_MODE, SQL_MODE='NO_AUTO_VALUE_ON_ZERO' */;
/*!40111 SET @OLD_SQL_NOTES=@@SQL_NOTES, SQL_NOTES=0 */;

--
-- Table structure for table `categories`
--

DROP TABLE IF EXISTS `categories`;
/*!40101 SET @saved_cs_client     = @@character_set_client */;
/*!40101 SET character_set_client = utf8 */;
CREATE TABLE `categories` (
  `id` int(11) NOT NULL AUTO_INCREMENT,
  `user_id` int(11) NOT NULL,
  `name` varchar(255) NOT NULL,
  `description` text,
  `created` timestamp NOT NULL DEFAULT CURRENT_TIMESTAMP,
  `edited` timestamp NULL DEFAULT NULL,
  `deleted` tinyint(1) DEFAULT '0',
  PRIMARY KEY (`id`),
  KEY `fk_exercise_user` (`user_id`),
  CONSTRAINT `fk_categories_user` FOREIGN KEY (`user_id`) REFERENCES `users` (`id`) ON DELETE CASCADE
) ENGINE=InnoDB AUTO_INCREMENT=28 DEFAULT CHARSET=utf8;
/*!40101 SET character_set_client = @saved_cs_client */;

--
-- Dumping data for table `categories`
--

LOCK TABLES `categories` WRITE;
/*!40000 ALTER TABLE `categories` DISABLE KEYS */;
INSERT INTO `categories` VALUES (1,20,'Мой раздел','категория','2016-05-27 14:17:14','2016-07-11 18:49:52',0),(10,10,'ТБСМ','','2016-06-27 18:40:10','2016-08-30 06:51:16',0),(11,10,'ОНМК','','2016-06-27 18:40:31',NULL,0),(12,10,'ЧМТ ','','2016-06-27 18:40:56',NULL,0),(13,10,'Артроз','','2016-06-27 18:41:13',NULL,0),(14,10,'Сколиоз','','2016-06-27 18:41:37',NULL,0),(15,10,'Люмбоишиалгия ','','2016-06-27 19:43:31',NULL,0),(17,10,'Кардиология ','','2016-06-28 20:31:01',NULL,0),(18,10,'Заболевания органов дыхания','','2016-06-28 20:32:21',NULL,0),(19,10,'Заболевания ЖКТ','','2016-06-28 20:33:39',NULL,0),(20,10,'Урология','','2016-06-28 20:33:53',NULL,0),(21,10,'Геникология','','2016-06-28 20:34:05',NULL,0),(22,10,'Реабилитация после оперативных вмешатель','','2016-06-28 20:48:29',NULL,0),(23,10,'Пациенты','','2016-08-29 19:30:39',NULL,0),(25,10,'Травматология','','2016-08-31 05:48:40','2016-08-31 06:04:36',0),(26,10,'Оротопедия ','','2016-08-31 05:48:59',NULL,0),(27,20,'Пробел','','2016-09-12 06:18:10','2016-09-12 06:20:33',0);
/*!40000 ALTER TABLE `categories` ENABLE KEYS */;
UNLOCK TABLES;

--
-- Table structure for table `exercises`
--

DROP TABLE IF EXISTS `exercises`;
/*!40101 SET @saved_cs_client     = @@character_set_client */;
/*!40101 SET character_set_client = utf8 */;
CREATE TABLE `exercises` (
  `id` int(11) NOT NULL AUTO_INCREMENT,
  `user_id` int(11) NOT NULL,
  `name` varchar(255) NOT NULL,
  `name_desc` varchar(255) DEFAULT NULL,
  `order` int(11) DEFAULT '0',
  `image_1` varchar(255) DEFAULT NULL,
  `image_2` varchar(255) DEFAULT NULL,
  `image_3` varchar(255) DEFAULT NULL,
  `video` varchar(50) DEFAULT NULL,
  `description` text,
  `hash` varchar(32) NOT NULL,
  `created` timestamp NOT NULL DEFAULT CURRENT_TIMESTAMP,
  `deleted` tinyint(1) DEFAULT '0',
  `category` varchar(255) DEFAULT NULL,
  PRIMARY KEY (`id`),
  KEY `fk_exercise_user` (`user_id`),
  CONSTRAINT `fk_exercise_user` FOREIGN KEY (`user_id`) REFERENCES `users` (`id`) ON DELETE CASCADE
) ENGINE=InnoDB AUTO_INCREMENT=224 DEFAULT CHARSET=utf8;
/*!40101 SET character_set_client = @saved_cs_client */;

--
-- Dumping data for table `exercises`
--

LOCK TABLES `exercises` WRITE;
/*!40000 ALTER TABLE `exercises` DISABLE KEYS */;
INSERT INTO `exercises` VALUES (42,1,'Имитация ходьбы','с элементами сопротивления/облегчения сгибания/разгибания (попеременно каждой ногой)',1,'3e2229d28eeeb0226dc627b1c566ba07.png','ba2a11cb61073415b190878ba366f9ba.png','75d2cd5d723024155f8a0dfb220c22ee.png','gDvuV91m7r8','<p><em>Дополнительное оборудование</em>: бедренная манжета, петля для стопы, трос эластичный 2шт.<br></p><p><em><br></em></p><p><em>Исходное положение</em>: лёжа на спине, одна нога согнута в тазобедренном и коленном суставах, другая - лежит на кушетке в положении разгибания. Точки подвешивания размещены над тазобедренным и голеностопным суставом. Натяжение голеностопного амортизатора - вертикально. Натяжение бедренного амортизатора – точка подвешивания смещается в краниальном направлении по оси ноги, сила натяжения зависит от того, что хотят получить сопротивление или облегчение.</p><p><em><br></em></p><p><em>Движение</em>: попеременное сгибание и разгибание в коленном и тазобедренном суставах.</p><p><em><br></em></p><p><em>Рекомендации: </em>следите за тем, чтобы пациент осуществлял движения без сильных толчков и раскачиваний туловищем. При освоении &nbsp;полной амплитуды разгибания, добавьте подход, направленный на удержание конечности в максимально выпрямленном положении. <br></p><p>Следите за дыханием!<br></p>','266e60f118f5c64d76c4145e9d0c6ac9','2016-02-10 16:38:24',0,'Реабилитация'),(43,1,'Разгибание бедра','',1,'cb636d9bdf4a2b7d0a36d72d0e7e5e4a.png','5e9282d469a99b4e0fef6f2d4bfbbc11.png','594321919573d13e0bdda1d3fc61c749.png','','<p><em>Дополнительное оборудование:&nbsp; </em>голеностопная манжета, трос эластичный.</p><p><em><br></em></p><p><em>Исходное положение</em>: коленно-кистевая стойка, каретка вертикально над манжетой, манжета на нижней трети голени.</p><p><em><br></em></p><p><em>Движение</em>: разгибание тазобедренного и коленного сустава, до полного выпрямления ноги (желательно удерживать ногу параллельно полу), с одновременным разгибанием в позвоночнике в самой верхней точке разгибания.</p><p><em><br></em></p><p><em>Рекомендации</em>: при необходимости создать сопротивление, точка подвешивания передвигается в краниальном направлении. Возможно использование силового модуля.</p><p>Следите за дыханием!<br></p>','d45dadd46c383f7fc070c5ce04efa15e','2016-02-10 16:42:01',0,'Реабилитация'),(44,1,'Отведение бедра','стоя в коленно-кистевой стойке',1,'bef1e6213279441521fc67c955a1b8a3.png','83cf6fcc486251180323b1435e1f9536.png','ab82b4467d6adb42a21e291ba0d9c817.png','','<p><em>Дополнительное оборудование</em>: голеностопная манжета.&nbsp;</p><p><em><br></em></p><p><em>Исходное положение:&nbsp;</em>колено-кистевая стойка, точка подвешивания &nbsp;вертикально над голеностопной манжетой, голень разгружена, стопа не касается поверхности кушетки.</p><p><em><br></em></p><p><em>Движение</em>: отведение согнутой ноги с кратковременной задержкой в положении максимального отведения.</p><p><em><br></em></p><p><em>Рекомендации</em>: следите за тем, чтобы пациент не разворачивал сильно &nbsp;таз при отведении ноги. Обратите &nbsp;внимание на перенос веса тела на опорную ногу. <br></p><p>Следите за дыханием!<br></p>','574d5fa0a408f4a450cb61c813dd3981','2016-02-10 16:45:18',0,'Реабилитация'),(45,1,'Полукруг прямыми ногами','',1,'330f7ae99c2c8b269257cab1c0eb9df5.png','c89968e81572f084d91292672dafcacd.png','1681e75e91533f855f325cd6a3634a7b.png','','<p><em>Дополнительное оборудование</em>: петля для стопы 2шт на голеностопный сустав, эластичный трос.<em><br></em></p><p><em><br></em></p><p><em>Исходное положение</em>: лёжа на спине, ноги разогнуты , слегка разгружены и приподняты над плоскостью кушетки.<br></p><p><em><br></em></p><p><em>Движение</em>: плавно, без рывков отводим обе ноги в левую, а затем возвращаем в правую&nbsp; строну с максимальным приподниманием в центральной точке, очерчивая пятками полукруг.<br></p><p><em><br></em></p><p><em>Рекомендации</em>: следим за дыханием, не задерживаем его, в исходном положении&nbsp; - вдох, в момент наивысшего напряжения - выдох.</p>','ec06dfdbe567072b55869da6fb21ab90','2016-02-10 16:46:56',0,'Реабилитация'),(46,1,'Раскачивание прямых ног в стороны','',1,'fff91865dd8a00c014f418acef9e40d6.png','abeb2d61868616f78dfcc33c575ce36c.png','f3179c0fb225eb93c41253c266d070bf.png','','<p><em>Дополнительное оборудование</em>: петля &nbsp;голеностопная 2шт. <br></p><br><p><em>Исходное положение:</em> ноги разогнуты в тазобедренном и коленном суставе, слегка приподняты над плоскостью кушетки.</p><p><em><br></em></p><p><em>Движение</em>: раскачивание &nbsp;ног вправо-влево.</p><p><em><br></em></p><p><em>Рекомендации</em>: синхронно с движением ног стараемся делать боковой наклон туловища &nbsp;в сторону отведения. <br></p><p>Следим за дыханием: исходном положении- вдох. В момент наивысшего напряжения - выдох.</p>','e8ad9e74725c369b20db72c24c88343d','2016-02-10 16:48:59',0,'Реабилитация'),(47,1,'Разведение прямых ног','',1,'f40580ae414cef953d2e770ad676f69c.png','30858d56d363f90372647e39d1cccb2d.png','57a99a74f9840830ec49ed8ed0e7bd21.png','','<p><em>Дополнительное оборудование</em>: петля для стопы 2шт, трос статичный или &nbsp;эластичный.</p><p><em><br></em></p><p><em>Исходное положение: </em>лёжа, ноги разогнуты в тазобедренном и коленном суставе, слегка разгружены и приподняты над плоскостью кушетки.</p><p><em><br></em></p><p><em>Движение</em>: пассивно-активное разведение ног.</p><p><em><br></em></p><p><em>Рекомендации</em>: для увеличения интенсивности упражнения, можно создать мануальное сопротивление или использовать эластичный амортизатор или эспандер, направление амортизатора идёт параллельно главной оси движения.</p><p>Следите за дыханием!<br></p>','5525581734273e75db6d2ad44d44cd00','2016-02-10 16:52:03',0,'Реабилитация'),(48,1,'Шаговые движения прямыми ногами','',1,'007319fdfd445b6d60c15e5dc585b101.png','5fc90724b8ff22993d5e44303da4486c.png','798b0df13d1a0e4bb712eff7728b08a9.png','','<p><em>Дополнительное оборудование</em>: голеностопная манжета&nbsp; 2шт, петля для стопы, эластичный трос.</p><p><em><br></em></p><p><em>Исходное положение</em>: лёжа на спине, ноги вместе , разгружены и немного приподняты над плоскостью кушетки, руки разведены в стороны ладонями в низ.<em><br></em></p><p><em><br></em></p><p><em>Движение</em>: попеременное поднимание&nbsp; ног, имитация шаговых движений прямыми ногами.</p>','3149d99054a8ad4d8b8804cb5fdf80ba','2016-02-10 17:18:17',0,'Реабилитация'),(49,1,'Отведение прямой ноги в строну','',1,'257de4d4cb8a043d69b3c5ad1661d181.png','d086ec46744ecb30047091ea71c94a05.png','3ffaeacb8aae131e9d1b2264d2851f42.png','','<p><em>Дополнительное оборудование</em>: петля для стопы на голеностопный сустав. Статичный/эластичный трос</p><p><em><br></em></p><p><em>Движение</em>:&nbsp; отведение прямой ноги в сторону, с преодолением &nbsp;сопротивления движению &nbsp;или раскачивание ноги в стороны без нагрузки.</p><p><em><br></em></p><p><em>Рекомендации</em>: для активного отведения ноги с &nbsp;преодолением сопротивления, точка подвешивания перемещается в противоположном от движения направлении. Для увеличения интенсивности упражнения, можно создать мануальное сопротивление с помощью рук специалиста, использовать дополнительный эластичный амортизатор, размещая его на внешней стороне бедра или голени (направление амортизатора идет параллельно главной оси движения). Для максимального напряжения отводящих мышц можно использовать силовую колонну, отрегулировав направление троса параллельно оси движения.</p><p><strong>Важно! </strong>При поражении коленного сустава используется только проксимальное сопротивление. При нарушении координации движения, включают упражнения на стабилизацию ноги в максимально отведенном, супинированном/пронированном положении.</p><p><strong>Важно!&nbsp;</strong>Обратите внимание&nbsp; на боковое (ипсилатеральное) сгибание поясничного отдела позвоночника с группировкой косых мышц живота.</p>','0c4963c0d38047fd3d9bcafe6938b335','2016-02-10 17:23:10',0,'Реабилитация'),(50,1,'Разгибание ноги','толчок ногой с преодолением отягощения от силовой колонны',1,'9819e62dc24a897d2b924a35e52632d6.png','8cbaa74e4cf6ac0e09ba3357bcd2500d.png',NULL,'','<p><em>Дополнительное оборудование</em>: бедренная и голеностопная манжета, точки подвешивания вертикально над коленным и тазобедренным суставами, при необходимости задать более правильное положение &nbsp;сдвигаются дорсально/вентрально. Натяжение амортизаторов регулируется так, чтобы продольная ось ноги проходила параллельно плоскости кушетки.<em><br></em></p><p><em><br></em></p><p><em>Исходное положение</em>: лёжа на боку, верхняя нога согнута в тазобедренном и коленном суставах.<br></p><p><em><br></em></p><p><em>Движение</em>: разгибание в коленном и тазобедренном суставе. Толчок ногой вниз до полного выпрямления ноги.</p><p><em><br></em></p><p><em>Рекомендации</em>:<strong><br></strong></p><p><strong>Внимание!</strong>Для предотвращения появления наружной ротации, приводящее к неправильному положению тазобедренного сустава требуется исключение из использования петли для стопы. Ограничивать амплитуду движения у пациентов с эндопротезами!</p>','26a78282b4d88889adf7c166525dbe0a','2016-02-10 17:25:32',0,'Реабилитация'),(51,1,'Маховое движение ногой','',1,'2fe853d6c05f48d3b6ed768b78b56b56.png','191dca2022dc4978fd33aca81fb3a3e2.png','852b9527c0c287d4fe969f72e0dfaf31.png','','<p><em>Дополнительное оборудование: </em>бедренная и голеностопная манжета, точки подвешивания&nbsp; вертикально над коленным и тазобедренным суставами, при необходимости сдвигаются дорсально/вентрально. Натяжение тросов регулируется так, чтобы продольная ось ноги проходила параллельно плоскости кушетки.<br></p><p><em><br></em></p><p><em>Исходное положение: </em><em></em>лёжа на боку, верхняя нога согнута в тазобедренном и коленном суставах.</p><p><em><br>Движение:</em>&nbsp; совершаем маховое движение ногой, имитируя удар по мячу с хорошим размахом.&nbsp;<em></em></p><p><em><br></em></p><p><em>Рекомендации</em>:<strong><br></strong></p><p><strong>Внимание!</strong>Для предотвращения появления наружной ротации, приводящее к неправильному положению тазобедренного сустава не рекомендуется использование&nbsp; петли для стопы.&nbsp;</p><p><b>Важно! </b>Ограничивать амплитуду движения у пациентов с эндопротезами!</p>','a8d13f2b487373504bc405d3be309c96','2016-02-10 17:29:33',0,'Реабилитация'),(52,1,'Отведение согнутой ноги','',1,'102407afab364e0733166f2e9e78c03b.png','a7e2dcfa97443f617b0cd40d86153f35.png','14e13f0fb2644199e26ff5dae955bb7f.png','','<p><em>Дополнительное оборудование:<br></em></p><p><em><br></em></p><p><em>Исходное положение:&nbsp; </em>лёжа на боку, верхняя нога согнута в тазобедренном и коленном суставах, разгружена в бедренной и голеностопной манжете, точки подвешивания вертикально над коленным и тазобедренным суставами, при необходимости сдвигаются дорсально/вентрально. Натяжение амортизаторов регулируется так, чтобы&nbsp; коленный сустав находился ниже голеностопного.</p><p><em><br></em></p><p><em>Движение:</em>&nbsp; отведение бедра вверх.</p><p><em><br></em></p><p><em>Рекомендации</em>:<br></p><p><strong>Внимание!&nbsp; </strong>Для предотвращения появления наружной ротации, приводящее к неправильному положению тазобедренного сустава необходимо исключить из использования петли для стопы.&nbsp;</p><p><strong>Важно!</strong>&nbsp; Ограничить амплитуду движения у пациентов с эндопротезами!</p>','8911da778bdeb4e1724a29bb472fc14f','2016-02-10 17:30:47',0,'Реабилитация'),(53,1,'Наклон в упоре на один локоть','',1,'4d1a5090b5cb971d88bf95c2afeaabf9.png','7b88bb43c0b9adad86a6823414705e58.png','709584abd26e8e28d2f8032ab78d9599.png','','<p><em>Исходное положение: </em>лёжа на боку в опоре на локоть. Верхняя рука заведена за голову,&nbsp; ноги согнуты в тазобедренных и коленных суставах.</p><p><em><br></em></p><p><em>Движение</em>: плавно опустите верхний локоть вперёд &nbsp;по направлению к кушетке, одновременно поворачивая&nbsp; туловище.<em><br></em></p><p><em><br></em></p><p><em>Рекомендации</em>: сохраняйте правильное положение опорного плеча, локтевой сустав должен находиться вертикально под гленоплечевым. Бёдра остаются неподвижными. <br></p><p>Следите за дыханием: исходном положении - вдох, в момент наивысшего напряжения - выдох.</p><p><strong>Внимание! </strong>При травмах грудопоясничного отдела позвоночника ограничить объём движения, не допускать сильного скручивания позвоночника!</p>','fcc22a56012fbade66cfb13809c725ae','2016-02-10 17:31:55',0,'Реабилитация'),(54,1,'Отведение руки вверх','стоя на одном локте с отягощением',1,'41ef533b52e983857e06d74ecdf0bcf1.png','88e7c67325ce556be23df52f9b9ce0bb.png',NULL,'','<p><em>Дополнительное оборудование</em>: гантель.<br></p><p><em><br></em></p><p><em>Исходное положение</em>: лёжа на боку с опорой на руку, согнутую в локте, вертикально под плечевым суставом. Ноги согнуты в тазобедренных&nbsp; и в коленных суставах. В верхней руке гантель ладонь обращена к телу.<br></p><p><em><br></em></p><p><em>Движение</em>: отводим прямую руку через сторону вверх одновременно округляя&nbsp; грудной отдел позвоночника.<br></p><p><em><br></em></p><p><em>Рекомендации</em>: не допускается вытягивать голову или подбородок вперёд, отклонять верхнюю часть тела назад.</p><p>Следите за дыханием!<br></p>','682cbbe29c46f87101237ba71122b556','2016-02-10 17:33:13',0,'Реабилитация'),(55,1,'Отведение руки вперёд','с гантелью',1,'80d2a2011d9de16aa9cea752b13e6822.png','71cdda20daea1670686fd9b29f20b606.png',NULL,'','<p><em>Дополнительное оборудование</em>: гантель.<em><br></em></p><p><em><br></em></p><p><em>Исходное положение</em>: лёжа на боку с опорой на руку, согнутую в локте, вертикально под плечевым суставом. Позвоночник находится в нейтральном положении. Ноги согнуты в тазобедренных и в коленных суставах. Верхняя рука отведена в сторону на уровне плечевого сустава, ладонь направлена вперед.<br></p><p><em><br></em></p><p><em>Движение</em>: из исходного положения гантель движется дугообразно вперёд по направлению к кушетке с одновременным&nbsp; спиральным скручиванием верхней части туловища.</p><p><em><br></em></p><p><em>Рекомендации</em>: не допускается вытягивать голову или подбородок вперед, отклонять верхнюю часть тела назад. Следите за дыханием: в исходном положении - вдох, в момент наивысшего напряжения - выдох.</p>','f18d94f0c0b0289ead2d9208f99c0738','2016-02-10 17:35:02',0,'Реабилитация'),(56,1,'Отведение руки параллельно полу','',1,'94a085c9ef1a2b799dd60725fcfabe5b.png','46c8a225c0fd49c32300afbf9b0890ae.png',NULL,'','<p><em>Дополнительное оборудование</em>: гантель.<em><br></em></p><p><em><br></em></p><p><em>Исходное положение</em>: лёжа на боку с опорой на предплечье, локоть вертикально под плечевым суставом. Ноги согнуты в тазобедренных и в коленных суставах. В рабочей руке гантель, ладонь обращена к телу, рука выпрямлена к тазу вдоль оси позвоночника.<br></p><p><em><br></em></p><p><em>Движение</em>: удерживая все тело в фиксированном положении, отводим прямую руку через сторону вверх траектория движения параллельно полу.<em><br></em></p><p><em><br></em></p><p><em>Рекомендации</em>: не допускается вытягивать голову или подбородок вперед, отклонять верхнюю часть тела назад.</p><p>Следите за дыханием!<br></p>','33461913e80d1dff96a0f2f3f4071953','2016-02-10 17:36:23',0,'Реабилитация'),(57,10,'Ходьба по ступенькам','',1,'0e6b0e124f6beccc103afa346fd05a5b.png','f2d3b4f9206b578729338cdbf79f2589.png',NULL,'','<p>Во избежание рекурвации &nbsp;в переноса веса тела на пораженную конечность важно удерживать колено в полусогнутом состоянии&nbsp;</p>','ca6b2f82ebb5ca8b9bd2b252b7b7268c','2016-02-11 14:29:09',1,NULL),(58,10,'Упражнения  на скользящей поверхности ','пластиковая панель ',1,'b026314da075bef1c3f7907abde97292.png','4e35863182bcecd1acbe5f5d3a3a397e.png',NULL,'','разгибание возможно только &nbsp;максимально отведенном предплечье и выведением пр','7afa853b70fd27be9de829ed6a8260ca','2016-02-11 14:35:28',1,NULL),(59,10,'приседание','',1,'a39e0d6e5df220d338d90e265257c062.png',NULL,NULL,'','','18439dd225866d995c675c8f00374f01','2016-02-11 14:36:05',1,NULL),(60,10,'подтягивание','',1,'03bd51274929626ab0f09a896cf5df0f.png',NULL,NULL,'','','2e351b6eac9337884b7a8abc2a3dcb6b','2016-02-11 14:36:36',1,NULL),(61,1,'Разгибание ног лёжа на животе','',1,'106dfa8f272e7c2f5d0fd51ef91211ea.png','d16dae854d6f6875941063d89e5f3293.png','6d5d0655688f622dfae5aa66d0a92411.png','','<p><em>Дополнительное оборудование:&nbsp; </em>голеностопная манжета.</p><p><em><br></em></p><p><em>Исходное положение:</em>&nbsp; лёжа на животе, тазобедренный сустав разогнут, коленный согнут.  Для усиления растяжения прямой мышцы живота, можно положить небольшой валик под бедро.</p><p><em><br></em></p><p><em>Движение</em>: разгибание коленного сустава с сопротивлением или с облегчением.</p><p><em><br></em></p><p><em>Рекомендации: </em>для самостоятельного разгибания ноги, точка подвешивания размещается вертикально над осью сгибания коленного сустава, амортизатор слегка натягивается и пациент пытается раскачивающим движением разогнуть ногу (желателен визуальный контроль через зеркало расположенное с боку). Для оказания сопротивления  используется силовой модуль, положение блока и нагрузка подбирается индивидуально, с учетом состояния пациента.</p><p>Следите за дыханием!<br></p>','383f0b64f2bcde0af5465262a275301f','2016-02-12 15:05:25',0,'Реабилитация'),(62,1,'Отклонение таза в сторону','коленно-кистевая стойка ',1,'21f044dc60edc09cb901da5065c455f9.png','b1554767a58cda756ed834d41571bd3d.png','39959bb875f1fe5bb1fb0326ed966338.png','','<p><em>Исходное положение: </em>коленно-кистевая стойка.&nbsp;</p><p><em><br></em></p><p><em>Движение: </em>перенос веса тела с одной конечности на другую,  раскачивание вперёд-назад, вправо-влево,  балансирование с опорой на одну руку и противоположное колено.</p><p><em><br></em></p><p><em>Рекомендации:</em>&nbsp;следите за тем, чтобы в &nbsp;процессе выполнения упражнения не прогибался слишком сильно поясничный лордоз позвоночника (гиперлордоз).</p><p>Следите за дыханием!<br></p>','12cc2af29edb8ca30745d85de5ba2b01','2016-02-12 17:33:40',0,'Реабилитация'),(63,1,'Вытягивание руки','коленно-кистевая стойка ',1,'b92b02bcd88da26d3d726ea846dd9fd4.png','e10e9d5859f12be1e756e18f3376b6f6.png','2563d4fcb9f6d0fcbdad7395652643bb.png','','<p><em></em><em>Исходное положение: </em>колено-кистевая стойка. Одна рука в опоре, кисть &nbsp;расположена вертикально под плечевым суставом. Активная рука вытянута вперед, ладонь направлена &nbsp;к полу.</p><p><em><br></em></p><p><em>Движение: </em>&nbsp;поднимите прямую руку вверх одновременно разгибая грудной и поясничный отдел позвоночника.&nbsp;</p><p><em><br></em></p><p><em>Рекомендации:</em>&nbsp;при возвращении в исходное положение достигают сгибания позвоночника.</p><br>','8ddbfa3f5b146507ec41c59d5927b7c4','2016-02-12 17:52:37',0,'Реабилитация'),(64,1,'Тяга вниз','',1,'92596ea9e53f3519119ca5f095e2d91a.png','7a7841b965fea8264367bba2f8ee2769.png','5044a30dfefab3026991615a5400cc24.png','','<p><em>Дополнительное оборудование:</em>&nbsp;трос эластичный или трос силовой колонны, петля для руки или манжета.</p><p><em><br></em></p><p><em>Исходное положение: </em>лёжа на спине, работающая рука вытянута вверх параллельно полу, ладонью вверх.</p><p><em><br></em></p><p><em>Движение: &nbsp;</em>потяните<em>&nbsp;</em>трос вниз &nbsp;вдоль кушетки по направлению к боковой части туловища</p><p><br><em>\n</em></p><p><em>Рекомендации:</em>&nbsp; следите за тем, чтобы во время движения локоть не понимался слишком высоко от поверхности кушетки.</p><p>Следите за дыханием!<br></p>','5915b5fa118ab4cc1f7680f8d6d89457','2016-02-12 18:22:39',0,'Реабилитация'),(65,1,'Тяга в сторону','лёжа на спине',1,'9f755fff54197ada2365f11287325a93.png','73fb2ae1538614854347abae58b53b5a.png',NULL,'','<p><em>Дополнительное оборудование:&nbsp; </em>петля с ручкой.&nbsp;</p><p><em><br></em></p><p><em>Исходное  положение:</em>&nbsp; лежа на спине. Рука согнута в локте на 90° и поднята перед грудью. Ладонь направлена вниз.</p><p><em><br></em></p><p><em>Движение:</em>&nbsp; отведение локтя в дорсальном направлении с приведением лопатки к позвоночнику.</p><p><em><br></em></p><p><em>Рекомендации:</em>&nbsp; если у пациента недостаточно силы, чтобы выполнить это движение самостоятельно, специалист сопровождает это движение мануально.</p><p>Следите за дыханием!<br></p>','53d2e5a9e1defd229070e58249227c74','2016-02-12 18:39:38',0,'Реабилитация'),(66,1,'Подъём руки через сторону вверх','упражнение выполняется в ортезе',1,'0632aee989e11b25b77f49dd7f7b7d5f.png','ff1232b1d4af27c000d48bf7281689f5.png',NULL,'','<p><em>Дополнительное оборудование:&nbsp; </em>петля с ручкой. Точка подвешивания размещается вертикально над плечевым суставом.\n&nbsp;</p><p><em><br></em></p><p><em>Исходное  положение:&nbsp; </em>лёжа на боку, позвоночник в нейтральном положении. Верхняя рука выпрямлена вниз вдоль оси позвоночника. Ладонь направлена вниз.</p><p><em><br></em></p><p><em>Движение:</em>&nbsp; подъём руки через сторону вверх.<br></p><p><em><br></em></p><p><em>Рекомендации:&nbsp; </em>если у пациента недостаточно силы, чтобы выполнить это движение самостоятельно, ассистент &nbsp;сопровождает это движение, обеспечивая полную амплитуду движения. Следите за дыханием!<br></p>','283c9945269a6864e9b257c097b39c1a','2016-02-13 16:02:05',0,'Реабилитация'),(67,1,'Подъём руки с перекладиной','',1,'190a5a8fff51e8c06f991f53c3bf33ad.png','343a78e984adf82eb3ad6164d1fb9750.png',NULL,'','<p><em>Дополнительное оборудование:</em>&nbsp; перекладина, петли\n, кистевые фиксаторы, эластичный трос.</p><p><em><br></em></p><p><em>Исходное положение: </em>лёжа на спине, руки  вперед кисти на ширине плеч на перекладине хватом сверху. Точка подвешивания вертикально над правым плечевым суставом.</p><p>&nbsp;<em><br></em></p><p><em>Движение:</em>&nbsp; согнуть руки в плечевых суставах и подтянуть перекладину на уровень груди, затем левый локоть упирается в кушетку, а правая рука совершает маховые &nbsp;движения в кранио-каудальном направлении.</p><p><em><br></em></p><p><em>Рекомендации:</em>&nbsp; обратите внимание пациента на выпрямление руки в локтевом суставе. Далее, после &nbsp;освоения полного объёма движения, следует &nbsp;обучить пациента &nbsp;удержанию руки в крайнем верхнем и нижнем положении 20-30сек.</p><p>Следите за дыханием!<br></p>','22d1d367fb59357419f9f3a1c0cf393f','2016-02-13 16:28:24',0,'Реабилитация'),(68,1,'Толчок двумя ногами','',1,'444837740ac7e7ba114eafd1ca3d36bc.png','accec685509de0ca72830983d7d2a046.png','6970846808f31d4ce412a73b88c6a7ec.png','','<p><em>Дополнительное оборудование:&nbsp; </em>петля для стопы 2шт, бедренная манжета 2шт.</p><p><em><br></em></p><p><em>Исходное положение:</em>&nbsp; ноги согнуты в тазобедренном и коленном суставе, разгружены и приподняты над плоскостью кушетки.</p><p><em><br></em></p><p><em>Движение:</em>&nbsp; толчок двумя ногами в каудальном направлении, до полного выпрямления ног.</p><p><em>\nРекомендации:</em>&nbsp;при выраженной слабости в ногах для увеличения интенсивности  упражнения, можно ритмично раскачивать это движение вперед назад &nbsp;постепенно увеличивая амплитуду. Следите за дыханием: в исходном положении - вдох, в процессе движения - выдох.<br></p>','7ab0639128dbff6bbb1a39a2eb856bd9','2016-02-13 17:08:57',0,'Реабилитация'),(69,1,'Отклонение согнутых ног в сторону','',1,'d592c7f01a1bbdda6639e2d3c40a3e9b.png','fccbf3b0756841b7b2c6784be44aab2d.png','2ec56e503b71af8af73ece284113ff8a.png','','<p><em>Дополнительное оборудование: </em>петля для стопы 2шт, бедренная манжета 2шт, эластичный трос 2шт.</p><p><em>Исходное положение: </em>лёжа на спине,&nbsp;ноги согнуты в тазобедренных и коленных суставах, разгружены и приподняты над плоскостью кушетки. Точки подвешивания вертикально над коленным и тазобедренным суставами</p><p><em>Движение: </em>раскачивание ног в стороны.</p><p><em>Рекомендации: </em>при выраженной слабости в ногах для увеличения интенсивности упражнения, можно ритмично  раскачивать это движение вправо-влево постепенно увеличивая амплитуду. Следите за дыханием!<br></p>','0600e3e9b3c5b643a94189b7ebdad62e','2016-02-13 17:23:26',0,'Реабилитация'),(70,1,'Мобилизация лопатки','',1,'f362862121144fd164ffc3a5861567c8.png','72339ccc28d8183708116ee8b38c2d8e.png','acffc9aa6f35e9ba97bfe8393e359776.png','','<p><em>Дополнительное оборудование:</em>&nbsp; петля с ручкой, трос эластичный.</p><p><em><br></em></p><p><em>Исходное положение:&nbsp; </em>лёжа на животе, рука отведена в сторону, образовывая угол с туловищем 90°, ладонь направлена вниз. Точка подвешивания вертикально  над плечевым суставам&nbsp;</p><p><br><em>\n</em></p><p><em>Движение: </em>поднимите руку  вверх,\nнапрягая и приводя лопатку к позвоночнику.</p><br><p><em>Рекомендации: </em>движение выполняется с максимально возможным диапазоном вверх. При выраженной слабости мышц руки &nbsp;допустимы раскачивающие движения. Далее при освоении этого упражнения, в качестве дополнительной нагрузки &nbsp;необходимо удерживать руку в максимально верхней точке. <br></p><p>Следите за дыханием!<br></p>','186c9c81b46805199b80dee65a567e77','2016-02-13 17:39:31',0,'Реабилитация'),(71,1,'Отведение рук в стороны','',1,'3e39998d053ff7a8ca705ca69876d762.png','87d934907a6c4c64c1493634369cf436.png','9639bde2feefcdb1231903eaba865ec4.png','','<p><em>Дополнительное оборудование:&nbsp; </em>петли с ручкой. Точки подвешивания вертикально над локтевыми суставами.</p><p><em><br></em></p><p><em>Исходное положение:  </em>лёжа на животе, руки вдоль туловища, ладони  направлены вниз.</p><p><em><br></em></p><p><em>Движение: </em>одновременное разведение рук в краниальном направлении - &nbsp;пока плечи  не окажутся вдоль головы.</p><p><em><br></em></p><p><em>Рекомендации:&nbsp; </em>траектория движения рук параллельна полу, локти фиксированы в выпрямленном положении, ладони направлены вниз.</p><p>Следите за дыханием! <br></p><br>','eddf516713b90982c90f18279a3ae91b','2016-02-13 21:10:48',0,'Реабилитация'),(72,1,'Ротация туловища','лёжа на подвеске, закрепленной через блок',1,'985c2e06074978af8ee744c35d2a272c.png','98eaa61e73b40cf3a1cf9f2deb84ce21.png','794de76a3ce4c4f9c8ef6c60787ecf91.png','','<p><em>Дополнительное оборудование:</em> подвеска широкая, статичный трос, блок-ролик.</p><p><em><br></em></p><p><em>Исходное положение:</em> лежа на спине, грудной отдел позвоночника разгружен на подвеске с помощью статичного троса проходящего через блок.</p><p><em><br></em></p><p><em>Движение: </em>попеременно вытягиваем руки в верх стараясь скручивать туловище при этом движении.&nbsp;</p><p><em><br></em></p><p><em>Рекомендации:</em> следите за тем, чтобы руки не опускались ниже уровня плеч. Синхронно вместе движением &nbsp;рук &nbsp;должна поворачиваться голова в сторону верхней руки. <br></p><p>Следите за дыханием!<br></p><br>','36f94346d30de4d1e067da2145146b01','2016-02-18 15:33:27',0,'Реабилитация'),(73,1,'Наклон туловища в сторону','лёжа на животе на подвеске ',1,'a7331e681198ed27a95b140cf045cd0e.png','8bf6c552551d3dd237d23729b62c98f5.png','15ec684d66f1dd9999433befabaf4afe.png','','<p><em>Дополнительное оборудование:&nbsp; </em>подвеска широкая, статичный трос, блок-ролик.</p><p><em><br></em></p><p><em>Исходное положение:</em> лёжа на животе, грудной отдел позвоночника разгружен на подвеске с помощью статичного троса проходящего через блок-ролик. Руки за головой или согнуты в локтях и приведены к плечам.</p><p><em><br></em></p><p><em>Движение:</em>&nbsp; наклоны туловища в стороны. <br></p><br><p><em>Рекомендации:</em>&nbsp; следите за тем, чтобы локти не опускались ниже уровня плеч. Голова &nbsp;наклоняется в сторону синхронно вместе движением  туловища. <br></p><p>Следите за дыханием!<br></p><br><br>','11b137c16dace761a4dad95c20810d15','2016-02-18 15:49:07',0,'Реабилитация'),(74,1,'Разгибание позвоночника','лёжа на животе на подвеске',1,'7e8bdb50f3d8c0e52766155f16fe01fd.png','9d460b566d34c0321df9dacdda9b0cc6.png','c1b8f23a76f8cd70ce78411018a6439e.png','','<p><em>Дополнительное оборудование:&nbsp; </em>подвеска широкая, статичный трос, блок-ролик.</p><p><em><br></em></p><p><em>Исходное положение:</em>&nbsp; лёжа на животе, грудной отдел позвоночника разгружен на подвеске с помощью статичного троса проходящего через блок-ролик. Руки за головой или выпрямлены вдоль туловища ладонями вниз.</p><p><em><br></em></p><p><em>Движение:&nbsp; </em>поднимите верхнюю часть туловища от кушетки, прогибаясь грудопоясничном отделе позвоночника.&nbsp;</p><p><em><br></em></p><p><em>Рекомендации: </em>следите за тем, чтобы локти не опускались ниже уровня плеч. Обратите внимание пациента на &nbsp;сведение лопаток и подъем рук и головы.</p><p>Следите за дыханием!<br></p><br><br>','3ca7a0d6d95214a6a48413353d557baf','2016-02-18 16:15:15',0,'Реабилитация'),(75,1,'Наклон туловища в сторону','лёжа на спине на подвеске ',1,'6c29cb9bb0a62e396ef4b6a4041837cf.png','db7af4790e4900ac32700f0896f2fe79.png','a3db029cf597af2c0540ed35c4377a24.png','','<p><em>Дополнительное оборудование: </em>подвеска широкая, статичный трос, блок-ролик.</p><br><p><em>Исходное положение: </em>лёжа на спине, грудной отдел позвоночника разгружен на подвеске с помощью статичного троса проходящего через блок-ролик. Руки за головой или отведены в стороны.&nbsp;</p><p><em><br></em></p><p><em>Движение: </em>наклоны туловища в стороны.</p><p><em><br></em></p><p><em>Рекомендации:</em>следите за тем, чтобы локти не опускались ниже уровня плеч. Голова &nbsp;должна наклонятся в сторону синхронно вместе движением туловища.&nbsp;</p>Следите за дыханием!<br><br><br>','0a24c5b2b365ad8206400319f418a179','2016-02-18 16:24:05',0,'Реабилитация'),(76,1,'Отведение прямой ноги','на подвеске против сопротивления ',1,'4083597cfc5b7ff5e211e30745fa464d.png','3b685e37bee5ef5266e2d0819ea9e68a.png','ba77b6b404e0472780f44e6376e8dde7.png','','<p><em>Дополнительное оборудование:</em>петля голеностопная, статичный трос.</p><p>&nbsp;<em>Исходное положение:</em> ноги разогнуты в тазобедренном и коленном суставе, одна нога слегка приподнята над плоскостью кушетки.</p><p><em>\nДвижение</em>: отведение прямой ноги в сторону против сопротивления эластичного троса или эспандера.</p><p><em>Рекомендации: </em>при отведении ноги в сторону, желательно следить за напряжением боковой части туловища. Следите за дыханием: в исходном положении - вдох, в момент наивысшего напряжения - выдох.</p>','9dcc575f41ef471b450dea3c9988c8d3','2016-02-18 16:29:36',0,'Реабилитация'),(77,1,'Приведение прямой ноги','на подвеске против сопротивления ',1,'51ea3f7fccf4353ab0ac06fad4eac7b5.png','a3824f374208509bf91ddcca47e7b3e9.png','4407faf64e6d23fa93fbde234f28fdc7.png','','<p><em>Дополнительное оборудование: </em>петля для стопы на голеностопный сустав, статичный/эластичный трос, валик.<br></p><p><em>Исходное положение: </em>лёжа на спине, валик под голову.<em> </em>Нога на подвеске, отведена в сторону.<em><br></em></p><p><em>Движение:&nbsp;</em>приведение прямой ноги в положение \"ноги вместе\", с преодолением сопротивления движению.<br><em></em></p><p><em>Рекомендации: </em>попеременное отведение ног. Для активного приведения ноги с&nbsp; преодолением сопротивления, точка подвешивания перемещается в противоположном от движения направлении. Для увеличения интенсивности упражнения, можно использовать дополнительный эластичный трос, удерживая его в противоположном от движения направлении.<br></p><br>','a3bc9d2844343f03a21e555fa0f9521d','2016-02-18 16:36:39',0,'Реабилитация'),(78,1,'Тяга двух ног в сторону','на подвеске против сопротивления ',1,'72d3dd1cea88299ce4bd0fceeba99e85.png','c075f7587c464efd631177b587c44fcd.png','26896567ac2b40e2da1fbe77bc09353d.png','','<p><em>Дополнительное оборудование: </em>подвеска, петля голеностопная, статичный/эластичный трос, валик.</p><p><em>Исходное положение: </em>лёжа на спине, валик под голову. Руки на полу ладонями вниз. Ноги слегка приподняты на подвеске.<br></p><p><em>Движение: </em>плавное отведение обеих ног в сторону против сопротивления эластичного троса или эспандера.</p><p><em>Рекомендации: </em>обратите внимание&nbsp; на боковое (ипсилатеральное) сгибание поясничного отдела позвоночника с группировкой косых мышц живота. Для активного отведения ног с&nbsp; преодолением сопротивления, точка подвешивания троса перемещается в противоположном от движения направлении. Дыхание глубокое ровное.<br></p><br>','d252d1de6f48870157acf63f07ca341e','2016-02-18 16:42:45',0,'Реабилитация'),(79,1,'Подъём штанги лёжа','',1,'bf66c6f18e5bd0fff2f8b957be8123f5.png','2ea041d7fecc28cbbb69f378e836bfb4.png','2bff258719e5b4657be083284fab7f05.png','','<p><em>Дополнительное оборудование: </em>спортивный гриф.</p><p><em><br></em></p><p><em>Исходное положение: </em>лёжа не спине, руки согнуты в локтях, локти разведены перпендикулярно телу, широкий хват штанги.</p><p><em><br></em></p><p><em>Движение: </em>подъём и опускание штанги на уровне средней части груди.<br></p><p><em>Рекомендации: с</em>ледите за тем,&nbsp;чтобы во время подъёма штанги плечи были отведены в стороны, а предплечья перпендикулярны штанге. &nbsp;<em>&nbsp;</em>При выраженной слабости в руках, во избежание травмы головы, максимально допустимый уровень опускания грифа ограничивается с помощью страховочного троса закреплённого к разгрузочному модулю.&nbsp;</p><p>В момент выпрямления рук делайте выдох!&nbsp;<br></p><br>','7e14e0f985ac27119ddc0d5cbf872898','2016-02-18 16:48:56',0,'Реабилитация'),(80,1,'Разгибание плеча','против мануального сопротивления',1,'c9dafed88ad260a03498d445462bf323.png','56ad48c86ab053139d079d71885868db.png','ad6807951af03fd2fca7289290f66546.png','','<p><em>Дополнительное оборудование:</em> отсутствует&nbsp;</p><p><em>Исходное положение: </em>лежа на боку, плечо отведено на 90°, предплечье свободно свисает вниз.</p><p><em>Движение: </em>разгибание плеча с преодолением мануального сопротивления ассистента.</p><p><em>Рекомендации: </em>следите за тем чтобы позвоночник был в нейтральном положении и плечо не опускалось к туловищу. При выраженной слабости мышц туловища придерживайте таз свободной рукой. Обратите внимание пациента на приведение лопатки &nbsp;активной руки к позвоночнику.&nbsp;</p><br>','84c625307f96c126f1e43490e46b17e7','2016-02-18 17:29:01',0,'Реабилитация'),(81,1,'Приведение плеча','лёжа на боку против сопротивления',1,'83d903238deb4fabbccce79a20325dc4.png','4d9ac803409f52454e391852110c7741.png','7a04b6785a0c0752160b8404db698532.png','','<p><em>Исходное положение:</em> лёжа на боку, плечо отведено на 120°, предплечье свободно свисает перед грудью.&nbsp;</p><br><p><em>Движение:</em> приведение плеча против мануального сопротивления ассистента.</p><br><p><i>Рекомендации:</i> следите за тем чтобы позвоночник был в нейтральном положении. При выраженной слабости мышц туловища придерживайте таз свободной рукой. Обратите внимание пациента на приведение лопатки &nbsp;к позвоночнику и на максимальный диапазон движения.&nbsp;</p><br><br>','cba21d7e84cfe719a9103df433fe36de','2016-02-19 06:25:36',0,'Реабилитация'),(82,1,'Отведение плеча','лёжа на боку против сопротивления',1,'cd9cbdb02fac0e43ea19a0c0c1c91f74.png','11de2f35886bc1df8a6e2368a750d109.png','fa5d5330765798f7bfcbb6be78180ac4.png','','<p><em>Описание: </em>лёжа на боку, плечо &nbsp;в положении приведения, предплечье свободно свисает перед грудью.&nbsp;</p><br><p><em>Движение:</em> отведение плеча против мануального сопротивления ассистента.</p><br><p><em>Рекомендации:</em> следите за тем чтобы позвоночник пациента был в нейтральном положении. При выраженной слабости мышц туловища придерживайте таз свободной рукой обеспечивая правильное положение таза и поясничного отдела позвоночника. Обратите внимание пациента &nbsp;на максимально полный объем &nbsp;движения.&nbsp;</p><br><br><br>','7d9004248f3d8f796926ac16b92e6599','2016-02-19 06:26:30',0,'Реабилитация'),(83,1,'Подъём штанги над головой','лёжа на спине',1,'5fdc1ae15520d5e4ee58cb8831d556a2.png','b935de958ee2bde973915193ff8890ae.png',NULL,'','<p><em>Дополнительное оборудование:</em> спортивный гриф.</p><br><p><em>Исходное положение:</em> лёжа на спине, &nbsp;гриф перед грудью, широкий хват, руки выпрямлены.<br></p><br><p><em>Движение: </em>отведение штанги над головой.</p><br><p><em>Рекомендации: </em>&nbsp;следить за тем, чтобы в нижней фазе движения плечи были параллельны друг другу.<br></p><p>Следите за дыханием: вдох на верхней фазе, выдох на нижней.<br></p>','87ebff62d6499e19db754d2aa23a3ff2','2016-02-19 06:30:19',0,'Реабилитация'),(84,1,'Разгибание предплечья','лёжа на спине',1,'bb2aefa1933d60fbd8cbf82c9dd2bdce.png','9f6ca971baa10ee651cb11b6c5a3fe58.png',NULL,'','<p><em>Исходное положение: </em>лёжа на спине, рука согнута в локтевом суставе, поднимается вверх в сагиттальной плоскости перед грудью, под углом 90° по отношению к кушетке (т.е. плоскость плечевой кости&nbsp; должна быть перпендикулярна плоскости кушетки).<br></p><p><em><br></em></p><p><em>Движение: </em>плавно разогните локоть до полного выпрямления руки.&nbsp;<br><em></em></p><p><em><br></em></p><p><em>Рекомендации: </em>следите за тем, чтобы во время выполнения упражнения плечо находилось в заданном положении.<br></p>&nbsp;<br><br>','5f42fe6df397220588a2fe50c574b800','2016-02-19 06:33:10',0,'Реабилитация'),(85,1,'Наружная ротация плеча','лёжа на животе',1,'dacb42a542b1ed8ed0a040c2918b91ff.png','42a6d75f292067b30fbe95fb69c324f4.png',NULL,'','<p><em>Исходное положение: </em>лёжа на животе, голова повёрнута в сторону активной руки. Рука отведена в плечевом суставе на 45° и согнута в локтевом суставе на 90°, &nbsp;ладонь направлена &nbsp;вверх.<br></p><p><em><br></em></p><p><em>Движение: </em>плавное разгибание локтевого сустава с одновременным отведением плеча до 90° и наружной ротацией до полного разворота руки ладонью вниз. Затем верните руку в исходное положение.&nbsp;<br></p><p><em><br></em></p><p><em>Рекомендации: </em>для облегчения выполнения движений используйте специальные &nbsp;скользящие поверхности.<em><br></em></p>','90be6c2e94effc9e1656944a3975d648','2016-02-19 06:35:26',0,'Реабилитация'),(86,1,'Подъём руки вверх','лёжа на боку с тутором на локте ',1,'837116ddfedcd43fc86feb85014c53cd.png','6fe34f4bc8e1bd7cbda50b1e56633cf3.png',NULL,'','<p><em>Дополнительное оборудование:</em>&nbsp; эластичный трос, тутор на руку, петля с ручкой.</p><p><em><br></em></p><p><em>Исходное положение:&nbsp; </em>лёжа на боку, рука выпрямлена вдоль тела, разгружена с помощью эластичного троса.</p><p><em><br></em></p><p><em>Движение:</em>&nbsp; мах прямой рукой параллельно кушетки. <br></p><p><em><br></em></p><p><em>Рекомендации:&nbsp; </em>следите за тем чтобы позвоночник был в нейтральном положении, рука не опускалось к кушетке и поднималась до максимально вертикального положения. Ассистент придерживает таз при &nbsp;слабости мышц туловища.&nbsp;</p><br><br>','038a9467b82f7ba4a91206e920f82f31','2016-02-20 03:13:32',0,'Реабилитация'),(87,1,'Отведение руки','лёжа на животе, по скользящей поверхности',1,'333575f5b91e3f71d457dbdb1ac37627.png','3cd08204280d8833513d045635344de6.png',NULL,'','<p><em>Дополнительное оборудование:&nbsp; </em>тутор на локтевой сустав, скользящая платформа, фиксатор кистевой.&nbsp;</p><p><em><br></em></p><p><em>Исходное положение:&nbsp; </em>лёжа на животе. Рука выпрямлена вдоль туловища, ладонью вниз.</p><p><em><br></em></p><p><em>Движение:</em>&nbsp; отведение руки через сторону вверх.</p><p><em><br></em></p><p><em>Рекомендации:</em>&nbsp; если у пациента недостаточно силы, чтобы выполнить &nbsp;движение в полном объёме, ассистент  сопровождает это движение, помогая преодолеть ограничение, достигая полной амплитуды.&nbsp; Следите за дыханием!<br></p>','b852292b738f209095ff3d240e6af066','2016-02-20 03:17:27',0,'Реабилитация'),(88,1,'Выпрямление руки вверх','лёжа на животе, по скользящей поверхности',1,'f3b8a3607688b79e5f28b8e1eb7876c8.png','73f6038e2e06afee11e9e0373cedc2b0.png',NULL,'','<p><em>Исходное положение: </em>лёжа на животе, голова повернута в сторону активной руки, рука отведена в плечевом суставе на 45° и согнута в локтевом суставе на 45°, ладонь направлена вниз.<br></p><p><em>Движение:</em>&nbsp; плавное выпрямление руки вверх на 45°.</p><p><em>Рекомендации: </em>для облегчения выполнения движений используйте специальные&nbsp; скользящие поверхности.&nbsp;</p><p>Следите за дыханием!<br></p>','38d948d2dad211633717330bf1a54847','2016-02-20 03:23:19',0,'Реабилитация'),(89,1,'Сгибание предплечья в локте','лёжа на животе, по скользящей поверхности',1,'7e37f496701d3a03d279988c97d2dfec.png','6c7b3524404cdfa41c17f0c8ea5c1bb9.png',NULL,'','<p><em>Исходное положение: </em>лёжа на животе, голова повёрнута в сторону активной руки. Рука &nbsp;выпрямлена и отведена в плечевом суставе на 90°, &nbsp; ладонь направлена  вниз.</p><p><em>Движение:&nbsp;</em>сгибание руки в локтевом суставе.<br></p><p><em>Рекомендации: </em>&nbsp;для облегчения выполнения движений используйте специальные&nbsp; скользящие поверхности.&nbsp;</p><p>Следите за дыханием!<br></p>','ba78fbf99ff2546a635db829fb8cb539','2016-02-20 03:25:57',0,'Реабилитация'),(90,1,'Ротация плеча наружная/внутренняя','лёжа на животе, по скользящей поверхности ',1,'4ce2f65e890e9b0021ab01e9bf368872.png','e652e583580da2bb7d99b454f9f6c228.png',NULL,'','<p><em>Исходное положение:</em>&nbsp; лёжа на животе, голова повёрнута в сторону активной руки. Рука отведена в плечевом суставе на 45° и согнута в локтевом суставе на 90°, ладонь направлена вверх.<br></p><p><em><br></em></p><p><em>Движение:</em>&nbsp; плавное разгибание локтевого сустава с одновременным отведением плеча до 90° и наружной ротацией до полного разворота руки ладонью вниз. Затем верните руку в исходное положение.<br><br><em>Рекомендации:</em><em></em>&nbsp; для облегчения выполнения движений используйте специальные&nbsp; скользящие поверхности.<br></p><p>Следите за дыханием!<br></p>','e736fc360e6b31c92ebd444cb64b66c1','2016-02-20 03:30:04',0,'Реабилитация'),(91,1,'Круговые движения руками','сидя',1,'c7ba7d0b358de5c24681fc6642f7f3be.png','014ac15357c642b3db75eb57d774317e.png',NULL,'','<p><em>Дополнительное оборудование: </em>грудная обвязка, эластичный трос.<em><br></em></p><p><em><br></em></p><p><em>Исходное положение:&nbsp;</em>сидя, ноги выпрямлены и разведены в сна ширину плеч. &nbsp;Туловище разгружено с помощью эластичного троса, закрепленного&nbsp; к разгрузочному модулю. Руки отведены в стороны на уровне плеч.<em><br></em></p><p><em><br></em></p><p><em>Движение:&nbsp; </em>одновременные противофазные круговые движения руками.<em><br></em></p><p><em><br></em></p><p><em>Рекомендации:&nbsp;</em>обратите внимание на синхронное вращение туловища вокруг вертикальной оси позвоночника одновременно с движениями руками.<em><br></em></p><p>Следите за дыханием!<em><br></em></p><br>','e735d8e4ac84837db5be6a82c2ca2c45','2016-02-20 03:46:13',0,'Реабилитация'),(92,1,'Наклон вперёд','сидя',1,'fff49309d97537a226100e896208b9fc.png','223570973742fe17ac03e08aa0e2378f.png',NULL,'','<p><em>Дополнительное оборудование: </em>грудная обвязка, эластичный трос.</p><p><em><br></em></p><p><em>Исходное положение:&nbsp; </em>сидя, ноги выпрямлены и разведены на ширину плеч. Туловище разгружено с помощью эластичного троса, закреплённого к разгрузочному модулю. Руки отведены в стороны на уровне плеч, ладони направлены вниз.</p><p><em><br></em></p><p><em>Движение:</em>&nbsp; наклон туловища вперёд с одновременным отведением обеих рук назад. Вернуться в исходное положение.<br></p><p><em><br></em></p><p><em>Рекомендации:&nbsp; </em>следите за тем, чтобы туловище, наклоняясь вперёд, сгибалось в нижней части ягодиц, а не спины или позвоночника. Вдыхайте, наклоняясь вперёд, и выдыхайте, возвращаясь в исходное &nbsp;положение.<br></p>','4171bd89e34d5599664f8586ba6429cc','2016-02-20 03:48:40',0,'Реабилитация'),(93,1,'Подъём гантели перед собой','сидя',1,'5c38e59c7052cac2904516858cc7fae1.png','1ac6cfb196f9419e20e5071bc7d91aec.png','52963fb883fa08f854b2a8b1a6a25fe3.png','','<p><em>Дополнительное оборудование: </em>грудная обвязка, эластичный трос, гантель.<em><br></em></p><p><em><br></em></p><p><em>Исходное положение:&nbsp;</em>сидя, ноги выпрямлены и разведены в стороны на ширину плеч. Туловище разгружено с помощью эластичного троса закрепленного&nbsp; к разгрузочному модулю.&nbsp;<em><br></em></p><p><em><br></em></p><p><em>Движение:</em>&nbsp; руки удерживают гантель, &nbsp;заведены к наружной части бедра, совершаем&nbsp;подъём гантели прямыми руками над головой, затем опускаем &nbsp;к противоположному бедру, описывая гантелью полукруг от одного бедра к другому с максимальным подъёмом гантели вверх над головой.&nbsp;<em><br></em></p><p><em><br></em></p><p><em>Рекомендации: </em>&nbsp;Обратите внимание на синхронное вращение туловища вокруг вертикальной оси позвоночника с одновременным с движением рук. Следите за дыханием!<br></p><br>','ea4479dd1bd40824a5a8520b1f2d9d0a','2016-02-20 03:57:28',0,'Реабилитация'),(94,1,'Подъём гантели одной рукой','сидя, через сторону',1,'3738a1adcf57c3004ea436fdf74acc76.png','c105c0ac40a8265a67115a78e17af41a.png','e67f7fe3332775390ce25f343d5d65c7.png','','<p><em>Дополнительное оборудование: </em>грудная обвязка, эластичный трос, гантель.<em><br></em></p><p><em><br></em></p><p><em>Исходное положение:</em>&nbsp; сидя, ноги выпрямлены и разведены в стороны на ширину плеч. Туловище разгружено с помощью эластичного троса закреплённого  к разгрузочному модулю.&nbsp;&nbsp;<em><br></em></p><p><em><br></em></p><p><em>Движение:&nbsp;</em>подъём гантели через сторону вверх &nbsp;с небольшим сгибанием в локтевом суставе.&nbsp; Затем вернуть руку в исходное положение.<em><br></em></p><p><em><br></em></p><p><em>Рекомендации:&nbsp;</em>упражнение выполняется попеременно для обеих рук. Обращайте внимание на небольшой наклон туловища в противоположную сторону от активной руки. Выдыхайте, при подъёме руки вверх, и вдыхайте при возвращении &nbsp;в исходное&nbsp; положение.<br></p><br>','d6d7acd810bc81c0c862ab3ad826a030','2016-02-20 04:02:11',0,'Реабилитация'),(95,1,'Мах гантелей вперёд на уровне груди','',1,'7f21f3cb625530e483623b55abc8e3c8.png','b1c376a1d8cb97f78f28baeded063321.png',NULL,'','<p><em>Дополнительное оборудование:&nbsp; </em>грудная обвязка, эластичный трос, гантель.</p><p><em>Исходное положение:</em>&nbsp;сидя, ноги выпрямлены и разведены в стороны на ширину плеч. Туловище разгружено с помощью эластичного троса закреплённого  к разгрузочному модулю. Одна рука заведена за голову, ладонь на затылке; другая рука отведена в плечевом суставе в сторону до угла 90°.&nbsp;</p><p><em>Движение:&nbsp;</em>мах гантелей вперёд на уровне груди с одновременным выпрямлением руки. Затем вернуть руку в исходное положение.</p><p><em>Рекомендации:</em>&nbsp; упражнение выполняется попеременно для обеих рук. Обратите внимание на синхронное вращение туловища вокруг вертикальной оси позвоночника одновременно с движением руки. Вдыхайте, отводя руку назад и выдыхайте при движении руки вперёд.&nbsp;<br></p>','e71b7a89cf94c3136b29143309c527d0','2016-02-20 04:10:02',0,'Реабилитация'),(96,1,'Подъём гантелей над головой','лёжа на животе',1,'2a19db1bac41f31568db3d2c7223e29f.png','94b0d0266edc189dbdde88a776669cc3.png',NULL,'','<p><em>Дополнительное оборудование:&nbsp;</em>скамья, наклонённая к полу под углом 25°-35°, гантель.</p><p><em>Исходное положение:&nbsp;</em>лёжа на животе. Руки с гантелями выпрямлены, опущены вниз.<br></p><p><em>Движение:&nbsp; </em>подъём рук над головой, руки параллельно друг другу, ладони направлены к полу.</p><p><em>Рекомендации:&nbsp; </em>обратите внимание на синхронный подъем головы &nbsp;одновременно с движением рук вверх.&nbsp; Подъём рук осуществляется до максимально комфортного положения.<br></p><p>Следите за дыханием: в исходном положении вдох, &nbsp;в момент наивысшего напряжения - выдох.<br></p><br>','94d1203a47ffa167906167bb5390dad7','2016-02-20 18:07:45',0,'Реабилитация'),(97,1,'Подъём гантелей к плечам','лёжа на животе',1,'c009986912db60150b00b2e1ed531a57.png','5e961e143dccd8ff5538aaf56ef71978.png','bb6a32fca7055ee4a422f887fd140ed3.png','','<p><em>Дополнительное оборудование: </em>скамья, наклонённая к полу под углом 25°-35°, гантель.</p><p><em>Исходное положение: </em>лёжа на животе. Руки с гантелями выпрямлены, опущены вниз перпендикулярно полу.</p><p><em>Движение: </em>поднимите&nbsp;локти к потолку, согнув руки в локтевых суставах с отведением лопаток назад стараясь свести их вместе.&nbsp;<br></p><p><em>Рекомендации: </em>&nbsp;гантели должны подниматься к средней части торса, не допускается,<em> </em>чтобы во время подъёма рук плечи поднимались к ушам.&nbsp;</p><p>Следите за дыханием: в исходном положении вдох, в момент наивысшего напряжения - выдох.</p>','434c1eb4c26431fab56bfeb30207e449','2016-02-20 18:14:48',0,'Реабилитация'),(98,1,'Подъём прямой ноги','лёжа на спине',1,'eee07c39eb53c91794ed0baa58c46c20.png','9f7ad2e42783c9c67f7b5c552294e386.png','8071f013fc581eb3499bf8cac830e49a.png','','<p><em>Дополнительное оборудование:</em>&nbsp; манжета на голень.</p><p><em>Исходное положение:&nbsp; </em>лёжа на спине. Ноги разогнуты в тазобедренном и коленном суставе, одна нога слегка разгружена и приподнята над плоскостью кушетки. Руки вдоль тела ладонями вниз.<br></p><p><em>Движение:</em>&nbsp; подъём прямой ноги.&nbsp;<br></p><p><em>Рекомендации:</em>&nbsp; в исходном положении вдох, в фазе наибольшего напряжения - выдох. Следите за тем, чтобы в других частях тела не создавалось дополнительное напряжение.<br></p>','b4fd8c579b605e9b6e081c65166b7598','2016-02-20 18:19:10',0,'Реабилитация'),(99,1,'Прогиб вперёд','коленно-кистевая стойка ',1,'8092d3071256410fbefff1f802a79fd7.png','fd8e5d56d6f72fd28d0b8e24ccbd6c12.png','4fe64b452cbf1f01d44e71aea325f7bc.png','','<p><em>Дополнительное оборудование:&nbsp; </em>отсутствует.<br></p><p><em>Исходное положение: </em>колено-кистевая стойка. Обе руки в опоре, кисти расположены не вертикально под плечевым суставом, а немного выставлены вперёд. Спина прямая. Лицо смотрит в пол.<br></p><p><em>Движение:&nbsp;</em>плавный прогиб вперёд до положения, когда&nbsp; плечевой сустав окажется над кистью.<br></p><p><em>Рекомендации: </em>следите за тем, чтобы в&nbsp; процессе выполнения упражнения не прогибался слишком сильно поясничный лордоз позвоночника (гиперлордоз). Следите за дыханием:&nbsp; исходном положении вдох, в конечном положении - выдох.</p><br>','2050c145ecd97939d1a1de860a007674','2016-02-20 18:25:48',0,'Реабилитация'),(100,1,'Тяга прямой ноги вниз','лёжа на спине',1,'bee7c8aa5ffa37c9baf7443bea321b27.png','427a064372f9ab9295c9e2a30bf9fb39.png',NULL,'','<p><em>Дополнительное оборудование:&nbsp;</em>манжета на голень, эластичный трос.</p><p><em>Исходное положение:&nbsp;</em>лёжа на спине. Ноги разогнуты в тазобедренном и коленном суставе, одна нога слегка разгружена и приподнята над плоскостью кушетки. Руки вдоль тела ладонями вниз.</p><p><em>Движение:</em>&nbsp; тяга прямой ноги вниз.</p><p><em>Рекомендации:&nbsp;</em>в исходном положении вдох, в фазе наибольшего напряжения - выдох. Следите за тем, чтобы в других частях тела не создавалось дополнительное напряжение. При необходимости создать сопротивление, точка подвешивания передвигается в краниальном направлении. Возможно использование силового модуля.<br></p><br>','2e053f5c30793d587f7c44655b004238','2016-02-20 18:28:00',0,'Реабилитация'),(101,1,'Вращение туловища','',1,'b4144e85514e2f158ccff99b00a2b474.png','9d9d929ca1f9a67949e7d24d198cc86a.png','e16dff54b4db2efda58cff06a22af16f.png','','<p><em>Дополнительное оборудование:</em>&nbsp; эластичный трос, петля для руки.</p><p><em>Исходное положение:</em>&nbsp; сидя, ноги выпрямлены и разведены в стороны на ширину плеч. Руки разгружены с помощью эластичного троса, разведены в стороны на уровне плеч. Одна рука отведена назад, другая приведена вперёд.<br></p><p><em>Движение: </em>вращение туловища вокруг вертикальной оси позвоночника с одновременным движением руками.</p><p><em>Рекомендации:&nbsp;</em>следите за тем, чтобы вращение туловища &nbsp;было плавным, без болевых ощущений, а спина оставалась выпрямленной. Не допускаются хлыстообразные движения руками!<br></p><p>Следите за дыханием!<br></p><br>','a06ce9681660852bcc929dba476ddbd9','2016-02-20 18:35:34',0,'Реабилитация'),(102,1,'Подъём рук через стороны','сидя',1,'8a2102441e19eef735e3571a54f52404.png','60edf01dd5fb7c67f34d2ed34d501da2.png','6a45265cbdec146c57c4b2ae9b02a644.png','','<p><em>Дополнительное оборудование:</em>&nbsp; эластичный трос, петля для руки.</p><p><em>Исходное положение:</em>&nbsp; сидя, ноги выпрямлены, разведены в стороны на ширину плеч. Руки разгружены с помощью эластичного троса, разведены в стороны на высоте плеча.<br></p><p><em>Движение:</em>&nbsp; подъём рук через стороны.<br></p><p><em>Рекомендации: </em>обращайте внимание на то, чтобы туловище не наклонялось вперёд, а спина оставалась прямой.</p><p>Следите за дыханием!</p>','5bc0ae68a32dc94a7ff164b3fc1fdee9','2016-02-20 18:38:19',0,'Реабилитация'),(103,1,'Подъём руки','коленно-кистевая стойка ',1,'9ec39fbe287acd7a0673cd7d2835b93c.png','7af67ea769edd8450ba4624ae75b2ac0.png','760e8393edec8b8fff65f6a34a851352.png','','<p><em>Дополнительное оборудование:</em>&nbsp; отсутствует.</p><p><em>Исходное положение:&nbsp; </em>колено-кистевая стойка. Одна рука в опоре, кисть&nbsp; расположена вертикально под плечевым суставом. Активная рука касается пола, придерживая равновесие.</p><p><em>Движение: </em>подъём прямой руки через сторону вверх до уровня плеча.</p><p><em>Рекомендации: </em>следите за дыханием: в исходном положении - вдох, в фазе наивысшего напряжения - выдох.</p><br>','d51fd086cdfacf7fc14d1145657b6f94','2016-02-20 18:44:16',0,'Реабилитация'),(104,1,'Округление поясницы','',1,'71aebe313aa2318703569e36c8036f8d.png','d3b535e6c4c265c7f7a50f027862970e.png','6e0db0f22d6ec8264934468fec225c98.png','','<p><em>Дополнительное оборудование: </em>отсутствует.</p><p><em>Исходное положение:</em>&nbsp; коленно-кистевая стойка.</p><p><em>Движение:</em>&nbsp; плавное округление поясницы.<br></p><p><em>Рекомендации: </em>следите за тем, чтобы в&nbsp; процессе выполнения упражнения не прогибался слишком сильно поясничный лордоз позвоночника (гиперлордоз).</p><br>','9dfa085ebcc4600035107e8167d87270','2016-02-20 18:47:46',0,'Реабилитация'),(105,1,'Подъём туловища из положения лёжа','со вспомогательной тягой',1,'86f4a46f39658712e63ee399708b16a5.png','0205cd6d6381110fdd7f6e3b02f3f6e7.png','3e31f37ea1fe73769ce65c2be977a033.png','','<p><em>Дополнительное оборудование:</em>&nbsp; статичный трос, петли для рук.</p><p><em>Исходное положение:</em>&nbsp; лёжа, ноги выпрямлены и разведены в стороны на ширину плеч. Руки удерживают статичный трос закрепленный в ножной части разгрузочного модуля под углом 45градусов по отношению к кушетке.&nbsp;<br></p><p><em>Движение:</em>&nbsp; сгибание туловища вперед с помощью рук.&nbsp;<br></p><p>Рекомендации: желательно установить упор в стопы , чтобы предотвратить сползание таза вперед.&nbsp;<br></p>','0888739ad0fa85a394289f08bca05e65','2016-02-20 18:52:43',0,'Реабилитация'),(106,1,'Круговые движения руками','с эластичным тросом',1,'a93deb7b4d7b98040dc753c8d01a9464.png','80f59ae8d48c4e2c4d9eaaa6af156c23.png','d5aa62659db36c509ced4c810fb516ea.png','','<p><em>Дополнительное оборудование:&nbsp;</em>эластичный трос, петля для руки.</p><p><em>Исходное положение:&nbsp;</em>сидя, ноги выпрямлены и разведены в стороны на ширину плеч. Руки разгружены с помощью эластичного троса, закрепленного к разгрузочному модулю, и разведены в стороны на высоте плеча.<br></p><p><em>Движение:</em>&nbsp; одновременные противофазные круговые движения руками.<br><em>Рекомендации:&nbsp;</em>обратите внимание на синхронное вращение туловища вокруг вертикальной оси позвоночника одновременно с движениями руками.<br>Следите за дыханием!<br></p><br>','4e498a84eb5755abe5588e57653b9196','2016-02-21 06:06:45',0,'Реабилитация'),(107,1,'Наклон вперёд с опорой на эластичный трос','',1,'a544a60ef6b89f0ee2a4637ad267dfe7.png','8d7d8a0bdfffeee95fd878fcd28c8d23.png','694de73ffe252fdd32b49d73efb84598.png','','<p><em>Дополнительное оборудование:&nbsp; </em>эластичный трос, петля для руки.</p><p><em>Исходное положение:</em>&nbsp; сидя, ноги выпрямлены и разведены в стороны на ширину чуть шире плеч. Руки прямые, перед собой, разгружены с помощью эластичного троса, закрепленного к разгрузочному модулю.<br></p><p><em>Движение:&nbsp;</em>наклон вперёд с опорой на эластичный трос.</p><p><em>Рекомендации:&nbsp; </em>следите за тем, чтобы туловище, наклоняясь вперед, сгибалось в нижней части ягодиц, а не спины или позвоночника. Вдыхайте, наклоняясь вперёд, и выдыхайте, возвращаясь в исходное&nbsp; положение.<br></p>','bf3075ef02088217e928ef9912a57998','2016-02-21 06:11:43',0,'Реабилитация'),(108,1,'Тяга назад одной рукой','положение сидя ',1,'fe2929d12f463f8d0dd3bb28d4b0e7b3.png','7a4ebab8bf729448542c3c1e4d282fff.png','412bdefcb1b26803ae15a40f6a2fb3dc.png','','<p><em>Дополнительное оборудование:&nbsp;</em>эластичный трос, петля для руки.<br></p><p><em>Исходное положение:&nbsp;</em>сидя, ноги выпрямлены и немного разведены в стороны. Руки прямые, разгружены с помощью эластичного троса, закрепленного&nbsp; к разгрузочному модулю. Одна рука отведена через сторону вверх, приблизительно, на 75°. Голова повернута в сторону активной руки. Другая рука висит свободно.<br></p><p><em>Движение:&nbsp;</em>тяга назад одной рукой с одновременным вращением туловища в сторону активной руки.&nbsp;</p><p><em>Рекомендации:&nbsp;</em>упражнение выполняется попеременно для обеих рук. Если у пациента недостаточно силы, чтобы выполнить это движение самостоятельно, ассистент&nbsp; сопровождает это движение, обеспечивая полную амплитуду движения. Вдыхайте, отводя руку назад и выдыхайте при движении руки вперёд.</p><br>','6cd3e6d075e52de15c346bff623e2067','2016-02-21 06:53:29',0,'Реабилитация'),(109,1,'Тяга назад двумя руками','сидя',1,'c51f5a3c14ddf9ecc743ca0f74171d2c.png','4a4b0da77de4f37fadb48d8d9e687d59.png','759c1896dbf6d19975275d0128c9aedd.png','','<p><em>Дополнительное оборудование:&nbsp;</em>эластичный трос, петля для руки.</p><p><em>Исходное положение:</em>&nbsp; сидя, ноги выпрямлены и немного разведены в стороны. Руки разгружены с помощью эластичного троса, закрепленного к разгрузочному модулю, выпрямлены перед грудью на уровне плеч.</p><p><em>Движение:&nbsp;</em>тяга назад двумя руками.</p><p><em>Рекомендации:&nbsp; </em>обращайте внимание на то, чтобы туловище не наклонялось вперёд, а спина оставалась прямой.<br></p><p>Следите за дыханием!</p>','3b939c5e4c98773e3c214cd9a09f24af','2016-02-21 06:57:18',0,'Реабилитация'),(110,1,'Наклон вперёд','в вертикализаторе с поддержкой ассистента ',1,'553663ec50b6856c512dd3fd99f73413.png','8dc87cac43ea53da85059338beddc833.png','3e2e1ca8f31e9bc9aca2d74c71496c91.png','','<p><em>Дополнительное оборудование:&nbsp;</em>вертикализатор.</p><p><em>Исходное положение:&nbsp; </em>стоя в вертикализаторе. Руки заведены за голову, ладони на затылке.</p><p><em>Движение:</em>&nbsp; наклон вперёд с внешней поддержкой ассистента, стоя в вертикализаторе. Вернуться в исходное положение.<br></p><p><em>Рекомендации:</em>&nbsp; следите за тем, чтобы туловище, наклоняясь вперед, сгибалось в нижней части ягодиц, а не спины или позвоночника. Вдыхайте, наклоняясь вперед, и выдыхайте, возвращаясь в исходное&nbsp; положение.<br></p><br>','ffa2ded12bc451fdcc03dbab9d75ad95','2016-02-21 07:04:43',0,'Реабилитация'),(111,1,'Отведение руки назад','стоя в вертикализаторе ',1,'be6079b591a1dd115d88a4e506c8b86d.png','09b101dca604ec4639960c08a9df4aea.png','7a2f1a3a62ee63a33d57f18a59aeba91.png','','<p><em>Дополнительное оборудование:</em>&nbsp; вертикализатор.</p><p><em>Исходное положение:&nbsp;</em>стоя в вертикализаторе. Руки выпрямлены перед грудью, на уровне плеч.<br></p><p><em>Движение:&nbsp;</em>отведение одной руки назад, &nbsp;с одновременным поворотом головы &nbsp;и вращением  туловища &nbsp;в сторону активной руки. Возврат в исходное положение.<br></p><p><em>Рекомендации:&nbsp;</em>в случае выраженной слабости &nbsp;в мышцах туловища, во избежание падения, &nbsp;желательно придерживаться свободной рукой за поручень вертикализатора. Упражнение выполняется попеременно для обеих рук.&nbsp;<br></p><p>Следите за дыханием: в исходном положении - вдох, в фазе максимального отведения руки - выдох.<br></p><br>','373e53187f5850c7d639630b3e07bbb8','2016-02-21 07:42:49',0,'Реабилитация'),(112,1,'Наклон туловища в сторону','стоя в вертикализаторе ',1,'2b2a27a706fe555ca5c236fdab2491c6.png','596c069cb7e5707a4173cb302ecd1f07.png','76449491d5d24837a3ba40e11b4c4a79.png','','<p><em>Дополнительное оборудование:</em>&nbsp; вертикализатор.</p><p><em>Исходное положение:&nbsp; </em>стоя в вертикализаторе. Одна рука заведена за голову, ладонь на затылке, другая придерживается за поручень вертикализатора.<br></p><p><em>Движение:&nbsp; </em>наклон туловища в стороны вправо, влево. Затем поменять положение рук на противоположное.<br></p><p><em>Рекомендации:&nbsp; </em>в случае выраженной слабости&nbsp; в мышцах туловища, во избежание падения,&nbsp; желательно придерживаться свободной рукой за поручень вертикализатора.&nbsp;&nbsp; Следите за дыханием: в исходном положении - вдох, в фазе максимального отведения руки - выдох.</p><br>','4862a9c31f41c17c2fa4f3aadeb1e531','2016-02-21 07:52:35',0,'Реабилитация'),(113,1,'Отведение руки вверх','стоя в вертикализаторе ',1,'ee4b817d77106be7844bff69651c771c.png','723569cce9d5016317aa8aa522069db2.png','5cc7dda3d67f49c3fce8c9b0269f60da.png','','<p><em>Дополнительное оборудование:&nbsp;</em>вертикализатор.</p><p><em>Исходное положение:&nbsp; </em>стоя в вертикализаторе. Одна рука придерживается за поручень вертикализатора, другая отведена в сторону на уровне плеча, ладонь вниз.<br></p><p><em>Движение:&nbsp; </em>отведение одной руки вверх.</p><p><em>Рекомендации:</em>&nbsp; в случае выраженной слабости&nbsp; в мышцах туловища, во избежание падения,&nbsp; желательно придерживаться свободной рукой за поручень вертикализатора.&nbsp;&nbsp; Следите за тем, чтобы активная рука оставалась прямой.&nbsp; В исходном положении - вдох, в фазе максимального отведения руки - выдох.</p><br>','140e49524f76a537f51c8d187a03e432','2016-02-21 08:06:07',0,'Реабилитация'),(114,1,'Наклон по диагонали вперёд','стоя в вертикализаторе ',1,'3c7f75b5631165cd609b19a5b1ac46c8.png','c007b94a293539db5001e0a13ee3aad1.png','47441075abf4f8d301e50dbbd26a7d3f.png','','<p><em>Дополнительное оборудование:&nbsp;</em>вертикализатор.</p><p><em>Исходное положение:&nbsp; </em>стоя в вертикализаторе. Одна рука придерживается за поручень вертикализатора, другая заведена за голову, ладонь на затылке.<br></p><p><em>Движение: &nbsp;</em>подведите &nbsp;локоть активной руки по направлению к противоположной руке, которая опирается на поручень вертикализатора &nbsp;с&nbsp;&nbsp;плавным сгибанием и поворотом торса. Вернитесь в исходное положение.<br></p><p><em>&nbsp;Рекомендации:&nbsp;</em>упражнение выполняется попеременно для обеих рук. &nbsp; Следите за дыханием: в исходном положении - вдох, в фазе максимального отведения руки - выдох.</p><br>','0530cdea037f5c243906c9b84d9192f1','2016-02-21 08:14:08',0,'Реабилитация'),(115,1,'Поворот туловища против сопротивления','',1,'c74011c811684688c72d21448258d50d.png','dea78160f7bb991e904b8ac01e24a8de.png','ea59358be4f41ff75dae49b91491d905.png','','<p><em>Дополнительное оборудование:&nbsp; </em>вертикализатор.</p><p><em>Исходное положение:&nbsp;</em>стоя в вертикализаторе с внешней поддержкой ассистента. Руки опущены.<br></p><p><em>Движение:</em>&nbsp; поворот туловища вокруг вертикальной оси позвоночника вправо/влево против создаваемого ассистентом сопротивления.<br></p><p><em>Рекомендации:</em>&nbsp; следите за тем, чтобы вращение туловища&nbsp; было плавным, без болевых ощущений, а спина оставалась выпрямленной. Ассистент&nbsp; сопровождает это движение, обеспечивая полную амплитуду движения.<br></p><p>Следите за дыханием!<br></p><br>','48fc905f887b51ec1c5ad45aa2ab6299','2016-02-21 08:18:36',0,'Реабилитация'),(116,1,'Наклон в сторону с внешней поддержкой','стоя в вертикализаторе ',1,'8a7e28bd0bc7917ce93f45a940095bad.png','fa5361b42b424991af8c1cab2f08c942.png','3048c8fa592a81a7d63a35a3f637234c.png','','<p><em>Дополнительное оборудование:</em>&nbsp; вертикализатор.</p><p><em>Исходное положение:&nbsp; </em>стоя в вертикализаторе с внешней поддержкой ассистента. Руки заведены за голову, ладони на затылке.</p><p><em>Движение:&nbsp;</em>наклон туловища вправо/влево.</p><p><em>Рекомендации:&nbsp;</em>следите за тем, чтобы наклон туловища был без болевых ощущений, спина оставалась выпрямленной. Ассистент&nbsp; сопровождает это движение, обеспечивая полную амплитуду движения. Следите за дыханием!</p>','23c0dfd273d3462e674f8d2ff12efba6','2016-02-21 12:02:03',0,'Реабилитация'),(117,1,'Подъём гантели с наклоном туловища','',1,'0c46d962160bf0fa0342475af364adbc.png','2a9e4b72d9642b821eb6cc36d881ada3.png','24d7a8b5af7021a4826aec3e8171f632.png','','<p><em>Дополнительное оборудование:&nbsp;</em>вертикализатор, гантель.</p><p><em><br></em></p><p><em>Исходное положение:&nbsp;</em>стоя в вертикализаторе. Одна рука придерживается за поручень вертикализатора, другая рука с гантелью опущена вниз вдоль тела. Туловище наклонено в сторону активной руки.<br><em></em></p><p><em><br></em></p><p><em>Движение:&nbsp;</em>подъём гантели через сторону вверх с одновременным выпрямлением туловища в вертикальное положение.<br><em></em></p><p><em><br></em></p><p><em>Рекомендации:</em>&nbsp; в случае выраженной слабости&nbsp; в мышцах туловища, во избежание падения,&nbsp; желательно придерживаться свободной рукой за поручень вертикализатора. &nbsp; Следите за тем, чтобы активная рука оставалась выпрямленной.&nbsp;<br></p><p>В исходном положении - вдох, в фазе максимального отведения руки - выдох.<br></p><br>','f29fc81d8be319255434bf26e50c4190','2016-02-21 12:49:00',0,'Реабилитация'),(118,1,'Отведение руки назад с гантелей','стоя в вертикализаторе ',1,'a4ee6a972d388d7831aec84df2c933af.png','8764cc7d9870c3c3091e66f6aa78408c.png','e69df9dfe784d7fb7a6d6dd3452423d3.png','','<p><em>Дополнительное оборудование:&nbsp;</em>вертикализатор, гантель.</p><p><em>Исходное положение:</em>&nbsp; стоя в вертикализаторе. Одна рука придерживается за поручень вертикализатора, другая рука, выпрямлена перед грудью на уровне плеча, ладонь с гантелью направлена вниз.</p><p><em>Движение: </em>отведение прямой руки с гантелей назад.<br></p><p><em>Рекомендации:&nbsp;</em>в случае выраженной слабости&nbsp; в мышцах туловища, во избежание падения,&nbsp; желательно придерживаться свободной рукой за поручень вертикализатора.&nbsp; Обращайте внимание на то, чтобы туловище не поворачивалось вокруг вертикальной оси позвоночника, а спина оставалась прямой.<br></p><p>Следите за дыханием!</p><br>','3d03801affe2ef938941dbe3f14d3054','2016-02-21 12:54:06',0,'Реабилитация'),(119,1,'Тяга вперёд против сопротивления','стоя в вертикализаторе',1,'eb3ccbba6b7f8c9cec1a52c2e4ec676f.png','91031e92e5f932b1dd7b6f3306c619df.png','d1355ea7a5c9bec15c2c02a3bc78bbba.png','','<p><em>Дополнительное оборудование:&nbsp;</em>вертикализатор, эластичный трос или трос от силовой колонны, петля для руки.</p><p><em>Исходное положение:&nbsp;</em>стоя в вертикализаторе. Одна рука придерживается за поручень вертикализатора, другая рука отведена &nbsp;в сторону на уровень плеча и немного назад.&nbsp;<br></p><p><em>Движение:</em>&nbsp; тяга вперёд против сопротивления эластичного троса или усилия от &nbsp;силовой колонны.<br></p><p><em>Рекомендации:</em>&nbsp; в случае выраженной слабости&nbsp; в мышцах туловища, во избежание падения,&nbsp; желательно придерживаться свободной рукой за поручень вертикализатора.&nbsp; Обращайте внимание на то, чтобы туловище не поворачивалось вокруг вертикальной оси позвоночника, а спина оставалась прямой.</p><p>Вдыхайте, отводя руку назад, и выдыхайте при движении руки вперёд.<br></p>','ea44f6ddf6ff69ec58b0ca0946c77eea','2016-02-21 13:06:19',0,'Реабилитация'),(120,1,'Тяга вверх против сопротивления','',1,'5de28b1163c6d5847f59377479b9aed9.png','158216746988b9c2db0b3b90bbfe57b0.png','255ec68b959b7081659d67a3df507784.png','','<p><em>Дополнительное оборудование:&nbsp;</em>вертикализатор, эластичный трос или торос силовой колонны, петля на руку.</p><p><em>Исходное положение:&nbsp;</em>стоя в вертикализаторе. Одна рука придерживается за поручень вертикализатора. Другая рука прямая, опущена вдоль тела в низ.<br></p><p><em>Движение:&nbsp;</em>тяга одной руки вверх против сопротивления эластичного троса или груза силовой колонны.</p><p><em>Рекомендации:&nbsp;</em>В случае выраженной слабости&nbsp; в мышцах туловища, во избежание падения,&nbsp; желательно придерживаться свободной рукой за поручень вертикализатора.&nbsp; Обратите внимание на то, что одновременно с отведением руки вверх туловище &nbsp;наклоняется в сторону опорной руки.&nbsp; Следите за тем, чтобы активная рука оставалась прямой.&nbsp; В исходном положении - вдох, в фазе максимального отведения руки - выдох.</p>','6a09fbd4658707c3f45f5c627e895d6f','2016-02-21 13:18:46',0,'Реабилитация'),(121,1,'Наклон в сторону сидя на мяче','без отягощения ',1,'8d8540b043127c256bcd42ef497b2943.png','010c96ec079bf4a2c6593732e47b35c1.png','d1ed758e1c16000af658475df9e902b4.png','','<p><em>Дополнительное оборудование:</em>&nbsp; фитбол.</p><p><em>Исходное положение: </em>сидя на фитболе, ноги согнуты в коленном суставе, колени разведены на уровне плеч. Руки прямые, разведены в стороны на высоте плеча, ладони вниз.<br></p><p><em>Движение:</em>&nbsp; наклоны в стороны, сидя на мяче, с одновременным противофазным движением прямых рук вверх-вниз.<br></p><p><em>Рекомендации:&nbsp; </em>обращайте внимание на то, чтобы спина и руки оставались прямыми. Следите за дыханием!</p><br>','6c5841406bb610117a5b63ab6ab55667','2016-02-28 06:54:24',0,'Фитнес'),(122,1,'Тяга назад с поворотом туловища','',1,'d5bb68a184307901bb5b2b048bdcf34d.png','5003839e10caebc18fd897c3025e2f25.png','b0a8ae546149e6e135e131dae09e2601.png','','<p><em>Дополнительное оборудование:&nbsp; </em>вертикализатор, эластичный трос, петля для руки.</p><br><p><em>Исходное положение:</em>&nbsp; стоя в вертикализаторе. Руки прямые, одна рука разгружена с помощью эластичного троса, закрепленного&nbsp; к силовому модулю и отведена вперёд на высоте плеч. Другая рука придерживается за поручень вертикализатора.<br></p><br><p><em>Движение:</em>&nbsp; тяга назад одной рукой с одновременным плавным вращением туловища вдоль оси позвоночника в сторону активной руки. Возврат в исходное положение.<br></p><br><p><em>Рекомендации: </em>упражнение выполняется попеременно для обеих рук. В случае выраженной слабости&nbsp; в мышцах туловища, во избежание падения,&nbsp; желательно придерживаться свободной рукой за поручень вертикализатора. Вдыхайте, отводя руку назад и выдыхайте при движении руки вперёд.</p>','12e6a8c9a8806663070e0516e6ca37bf','2016-02-28 07:01:09',0,'Реабилитация'),(123,1,'Баланс на мяче с опорой в коленоупор','',1,'a3c532d159e029a7c5ad2cd23d1c2bc8.png','161ddc6310b3d62bc62c4bc3f97feb95.png','f2bc2cd179c021fde71081155facd71e.png','','<p><em>Дополнительное оборудование: </em>вертикализатор, фитбол.<br></p><p>Исходное положение:&nbsp; сидя на фитболе с упором коленей в коленоупор вертикализатора. Одна рука придерживается за поручень вертикализатора, другая за коленоупор.<br></p><br><p><em>Движение:&nbsp;</em>баланс на мяче с опорой в коленоупор и отведением рук в стороны на высоту плеча.<br></p><br><p><em>Рекомендации:</em>&nbsp; обращайте внимание на то, чтобы спина и руки оставались прямыми. Следите за дыханием!</p>','54559c92804c4e74f56f64d758561c7c','2016-02-28 07:22:43',0,'Реабилитация'),(124,1,'Приседание в вертикализаторе','',1,'8e03dc441e540fa5d732661b1c87fa94.png','cb0d4819d9f281d2cf7b3227f5e3bdf3.png','afd7264d530dcfae396bc0450a02cb04.png','','<p><em>Дополнительное оборудование:&nbsp;</em> вертикализатор.</p><p><em>Исходное положение:</em>&nbsp; стоя в вертикализаторе. Руки придерживаются за поручни вертикализатора, колени опираются в коленоупор вертикализатора.</p><p><em>Движение:&nbsp; </em>приседание в вертикализаторе с опорой в коленоупор и внешней поддержкой ассистента. Вернуться в исходное положение.<br></p><em>Рекомендации:&nbsp; </em>ассистент сопровождает движение, обеспечивая полную амплитуду движения. Следите за дыханием! <br>','63c621ddc3b29420d28413f2009ba914','2016-02-28 07:52:26',0,'Реабилитация'),(125,1,'Пресс сидя на фитболе','с опорой в коленоупор ',1,'3cc2edb5109f08025f0151dba52dca5d.png','d90bca58a3da544761469c7580390e7f.png','b000bf7a244a3f8cdafa1a8130146b5d.png','','<p><em>Дополнительное оборудование:&nbsp;&nbsp; </em>фитбол, вертикализатор.</p><br> <p><em>Исходное положение:&nbsp; </em>сидя на фитболе, с опорой коленей в коленоупор вертикализатора. Туловище отклонено назад, руки вместе, отведены перед собой, и немного согнуты в локтевом суставе.</p><br><p><em>Движение:</em> пресс, сидя на фитболе.</p><br><p><em>Рекомендации: </em>обращайте внимание на то, чтобы спина оставалась прямой. Следите за дыханием: в исходном положении - вдох, в фазе максимального приведения туловища в вертикальное положение - выдох.<em><br></em></p>','3fc92472a6ce979c69e54ab00e23511f','2016-02-28 08:02:09',0,'Реабилитация'),(127,20,'Мое упражнение','c',1,'785be4658985a6a44af30eb8af654f04.png',NULL,NULL,'','','ea44f6ddf6ff69ec58b0ca0946c77eea','2016-03-01 15:39:52',0,NULL),(128,1,'лежа','',1,'a4c800a338f59cc9f5070e445d322f45.png',NULL,NULL,'','','b17737b491f764f16b56fae7db9affa4','2016-03-02 08:13:02',1,NULL),(129,1,'Наклон по диагонали вперёд','сидя на фитболе ',1,'16444c87a4ead4e925b90e35d26f6c1a.png','af7262d393697b735d37f03c036fefbb.png','351322a2c9e47b7c854761b840388676.png','','<p><em>Дополнительное оборудование: </em>вертикализатор, фитбол.</p><br><p><em>Исходное положение:&nbsp;</em>сидя на фитболе с опорой в коленоупор вертикализатора. Одна рука придерживается за поручень вертикализатора, другая заведена за голову, ладонь на затылке.</p><br><p><em>Движение:&nbsp;</em>подведите&nbsp; локоть активной руки по направлению к противоположной руке, которая опирается на поручень вертикализатора,&nbsp; с&nbsp; плавным сгибанием и поворотом торса. Вернитесь в исходное положение.</p><br><p><em>Рекомендации:</em>упражнение выполняется попеременно для обеих рук. Придерживайтесь за поручень вертикализатора свободной рукой. Следите за дыханием: в исходном положении - вдох, в фазе максимального отведения руки - выдох.</p>','81e2559f14c383505718afbfcd9748da','2016-03-03 11:03:45',0,'Реабилитация'),(130,1,'Подъём руки над головой','',1,'47b2f56576773a97b5a79e6517969ffb.png','d570898fe0587f31ea6dd2112c042152.png','3589af4d1df2aa9ef9fbbabc7229914f.png','','<p><em>Дополнительное оборудование:&nbsp; </em>вертикализатор, фитбол.</p><p><em><br></em></p><p><em>Исходное положение:</em>&nbsp; сидя на фитболе с опорой коленями в коленоупор вертикализатора. Одна рука придерживается за поручень вертикализатора, другая рука прямая, отведена по диагонали вверх, ладонь вниз.<br></p><br><p><em>Движение:</em>&nbsp; подъём руки над головой до максимально вертикального положения с одновременным наклоном головы назад. Верните руку в исходное положение, голову прямо.<br></p><p><em><br></em></p><p><em>Рекомендации:</em>&nbsp; следите за тем, чтобы активная рука и спина оставались прямыми, свободной рукой придерживайтесь за поручень вертикализатора. Голову отводите назад мягко, без резких движений и болевых ощущений. Упражнение выполняется для обеих рук.<br></p><p>Выдыхайте, при подъёме руки вверх, вдыхайте при возвращении в исходное положение.</p>','6b0f6d3dc01bed720fe91b021ca20678','2016-03-03 11:12:09',0,'Реабилитация'),(131,1,'Повороты туловища','сидя на фитболе',1,'6208ae326b0bca8f3ec7f21d60ae3b45.png','36e15d0bf6a9fd69b2a0e583a172f86e.png','41809559999ad6fa6b0f9e364f484501.png','','<p><em>Дополнительное оборудование:&nbsp;</em>фитбол.</p><br><p><em>Исходное положение:</em>&nbsp; сидя на фитболе, ноги согнуты в коленном суставе, колени разведены на уровне плеч. Руки прямые, разведены в стороны на высоте плеча, ладони вниз.</p><br><p><em>Движение:</em>&nbsp; сидя на мяче, плавные повороты верхней части туловища вправо - влево с одновременным поворотом рук и головы по направлению движения.<br></p><br><p><em>Рекомендации:&nbsp;</em>обращайте внимание на то, чтобы спина и руки оставались прямыми. Следите за дыханием!</p>','235df89f46283ec618a74d394ff75f64','2016-03-03 11:40:09',0,'Реабилитация'),(132,1,'Укрепление мышц живота','сидя на фитболе ',1,'30c1f572eb280158e62246f42e98ece1.png','d374ecec73282d2b7c8b9fbd959ae2b5.png','bb9839d249c39af0447730844afdc1ef.png','','<p><em>Дополнительное оборудование:</em>&nbsp; вертикализатор, фитбол.</p><br><p><em>Исходное положение:</em>&nbsp; сидя на фитболе с опорой коленями в коленоупор вертикализатора, с мануальной поддержкой ассистента сзади. Туловище наклонено назад до напряжения мышц живота, руки согнуты в локтевых суставах, кисти у головы.&nbsp;</p><p><em>Движение:&nbsp; </em>сгибание &nbsp;туловища вперёд &nbsp;с одновременным выпрямлением обеих рук перед грудью. Вернуться в исходное положение.</p><br><p><em>Рекомендации: </em>ассистент&nbsp; сопровождает это движение, обеспечивая полную амплитуду движения. Следите за дыханием: в исходном положении - вдох, в фазе максимального приведения туловища вперёд&nbsp; - выдох.</p>','0b67e5c3301d769316a4e5a0bd3ebe88','2016-03-03 11:48:16',0,'Реабилитация'),(133,1,'Упражение для косых мышц живота','сидя на фитболе',1,'b552b2cc20736f9bad2be27f3b6160f1.png','7f60c0d54867816dea771220f3a27693.png','f0a3f7dfa237684eecf2296d69e8a3b3.png','','<p><em>Дополнительное оборудование:&nbsp;</em>вертикализатор, фитбол.</p><br><p><em>Исходное положение:&nbsp;</em>сидя на фитболе с опорой коленями в коленоупор вертикализатора. Верхняя часть туловища отклонена назад, угол наклона ограничен мануальной поддержкой ассистента сзади. Руки свободно опущены вниз.<br></p><br><p><em>Движение: </em>сгибание туловища по диагонали &nbsp;вперёд &nbsp; с группировкой косых мышц живота. Вернуться в исходное положение и повторить упражнение в противоположную сторону.&nbsp;</p><br><p><em>Рекомендации:&nbsp; </em>ассистент&nbsp; сопровождает это движение, обеспечивая полную амплитуду движения. Следите за дыханием: в исходном положении - вдох, в фазе максимального приведения туловища вперёд&nbsp; - выдох.</p>','2fad9764e015c3089466c3c0a4a77f4e','2016-03-03 11:54:33',0,'Реабилитация'),(134,1,'Наклон вперёд',' сидя на фитболе ',1,'94eeb6e12d444d164a593452e78e2c02.png','d0c311216b9a18abb5b9139190d0437b.png','9d51e4e321b05c32a3af1e171319e64f.png','','<p><em>Дополнительное оборудование:</em>&nbsp;&nbsp; вертикализатор, фитбол.</p><p><em><br></em></p><p><em>Исходное положение:&nbsp;&nbsp; </em>сидя на фитболе с опорой коленями в коленоупор вертикализатора. Руки согнуты в локтях, кисти у подбородка.<br></p><p><em><br></em></p><p><em>Движение:&nbsp; </em>наклон туловища вперёд &nbsp; с одновременным выпрямлением рук назад, затем вернуться в исходное положение.</p><p><em><br></em></p><p><em>Рекомендации:</em>&nbsp; упражнение выполняется с внешней поддержкой ассистента. Следите за тем, чтобы туловище, наклоняясь вперед, сгибалось в нижней части ягодиц, а не спины или позвоночника. Вдыхайте, наклоняясь вперёд, и выдыхайте, возвращаясь в исходное&nbsp; положение.<br></p>','b65248de471ab2309665750bb4c7f271','2016-03-03 12:01:05',0,'Реабилитация'),(135,1,'Подъём рук над головой','сидя на фитболе ',1,'95e62ea0c1aa7b6c6da370a0c80f6ab3.png','f7c67888d62605c18bf06101a3854283.png','672066421de8e712cc17fe7e95271456.png','','<p><em>Дополнительное оборудование:&nbsp; </em>вертикализатор, фитбол.</p><p><em><br></em></p><p><em>Исходное положение:&nbsp; </em>сидя на фитболе с опорой коленями в коленоупор вертикализатора. Руки вместе, выпрямлены перед грудью &nbsp;на уровне плеч, &nbsp;ладонями вниз.</p><p><em><br></em></p><p><em>Движение:&nbsp; </em>поднимите прямые руки над головой слегка прогибаясь в пояснице, затем вернитесь в исходное положение. &nbsp; &nbsp; &nbsp; &nbsp; &nbsp; &nbsp; &nbsp; &nbsp; &nbsp; &nbsp; &nbsp; &nbsp; &nbsp; &nbsp; &nbsp; &nbsp; &nbsp; &nbsp; &nbsp; &nbsp; &nbsp; &nbsp; &nbsp; &nbsp; &nbsp; &nbsp; &nbsp; &nbsp; &nbsp; &nbsp; &nbsp; &nbsp; &nbsp; &nbsp; &nbsp; &nbsp; &nbsp; &nbsp; &nbsp; &nbsp; &nbsp; &nbsp; &nbsp; &nbsp; &nbsp; &nbsp; &nbsp; &nbsp; &nbsp; &nbsp; &nbsp; &nbsp; &nbsp; &nbsp; &nbsp; &nbsp; &nbsp; &nbsp; &nbsp; &nbsp; &nbsp; &nbsp; &nbsp; &nbsp; &nbsp; &nbsp; &nbsp; &nbsp; &nbsp; &nbsp;&nbsp;<em>Рекомендации:&nbsp; </em>упражнение выполняется с мануальной&nbsp; поддержкой ассистента сзади. Обращайте внимание на то, чтобы &nbsp;руки оставались прямыми. Следите за тем, чтобы прогиб поясничного лордоза осуществлялся в рамках нормы, не допускайте гиперлордоз.&nbsp;<br></p><p>Следите за дыханием:&nbsp; при подъеме &nbsp;рук вверх - вдох, при возращении в исходное положение - выдох.</p>','1b307fd372ed44b7bc436d6687fafb5d','2016-03-03 12:03:28',0,'Реабилитация'),(136,1,'Наклон в сторону сидя на фитболе','с поддержкой ассистента ',1,'2c8298b9e26cbfff256be270f2acdf5a.png','2485f93cf4c8f0dc1bcd04c08e366f42.png','3085967cdc6f6deafbe3f407e283778b.png','','<p><em>Дополнительное оборудование:&nbsp; </em>вертикализатор, фитбол.</p><br><p><em>Исходное положение:&nbsp;</em>сидя на фитболе, с опорой коленями в коленоупор вертикализатора. Руки согнуты в локтевом суставе под углом 90°, спина прямая.<br></p><p><em><br>Движение:&nbsp;</em>плавный наклон верхней части туловища вправо-влево.<br></p><p><br></p><p><em>Рекомендации:&nbsp; </em>упражнение выполняется с мануальной поддержкой ассистента сзади.&nbsp;<em></em>Следите за дыханием!<br></p>','460d82599f20da407c24eb090cfabc04','2016-03-04 15:18:14',0,'Реабилитация'),(137,1,'Наклон вперёд','с поддержкой эластичных тросов ',1,'16f7e4976287c2a074178e5e76c00654.png','0a9e1403eeffeef99b2a55dfff49dbf8.png','81eecacb4f9f7debb0e1048f095955f0.png','','<p><em>Дополнительное оборудование:&nbsp;</em>стул, вертикализатор, грудная обвязка, эластичный трос.</p><br><p><em>Исходное положение:</em>&nbsp; сидя на стуле с опорой коленями в коленоупор вертикализатора. Туловище разгружено с помощью эластичного троса, закреплённого&nbsp; к разгрузочному модулю. Руки опущены вниз и расслаблены.</p><br><p><em>Движение:&nbsp;&nbsp;</em>наклон туловища вперёд. Вернуться в исходное положение.<br><br><em>Рекомендации:</em>&nbsp; следите за тем, чтобы туловище, наклоняясь вперёд, сгибалось в нижней части ягодиц, а не спины или позвоночника. Следите за дыханием: в исходном положении - вдох, наклоняясь вперёд - выдох.<br></p>','e4b71015744f73fa14c2c9d404e7a062','2016-03-04 15:21:18',0,'Реабилитация'),(138,1,'Налоны вправо влево','с поддержкой эластичных тросов',1,'70d2a94ef52703e80bee04ddb895368c.png','bb77b5f13c2da642097e7793dd214876.png','4be6f2321a01485d7d8cddacbe073904.png','','<p><em>Дополнительное оборудование:&nbsp; </em>стул, вертикализатор, эластичный трос.</p><br><p><em>Исходное положение:</em>&nbsp; сидя на стуле. Туловище разгружено с помощью эластичного троса, закреплённого&nbsp; к разгрузочному модулю. Руки согнуты в локтевых суставах.&nbsp;</p><p><em>Движение:</em>&nbsp; наклоны туловища вправо-влево.<br></p><br><p><em>Рекомендации:&nbsp;</em>обратите &nbsp;внимание на то, чтобы туловище, наклоняясь в сторону, не отклонялось от вертикальной плоскости. Старайтесь не менять положение рук и локтей, плечи должны быть опущены.&nbsp;</p><p>Следите за дыханием: наклоняясь в сторону - вдох, в исходном положении - выдох.<br></p>','4397f6026346da6719b3b1384609127e','2016-03-04 15:30:46',0,'Реабилитация'),(139,1,'Повороты туловища','с поддержкой эластичных тросов',1,'16c30dda00ce2b921a08c184faaef7bf.png','dca5797f586114e27d1803737b191d01.png','23275880178dd7135b19f5b94a96f03a.png','','<p><em>Дополнительное оборудование:</em>&nbsp; стул, грудная обвязка, эластичный трос 2 шт.</p><br><p><em>Исходное положение:</em>&nbsp; сидя на стуле, ноги на ширине плеч. Туловище разгружено &nbsp;с помощью эластичных тросов, закреплённых к разгрузочному модулю. Руки разведены в стороны на уровне плеч, ладони направлены вниз.<br></p><br><p><em>Движение:&nbsp; </em>вращение верхней части туловища вокруг вертикальной оси позвоночника с одновременным движением руками по направлению поворота.</p><p><em><br></em></p><p><em>Рекомендации:</em>&nbsp; Обращайте внимание на то, чтобы вращение туловища&nbsp; было плавным, спина и руки оставались прямыми. Не допускаются хлыстообразные движения руками!<br></p><p>Следите за дыханием!<br></p>','60e53b01eb9b986475f33b97a8d209bf','2016-03-04 15:40:47',0,'Реабилитация'),(140,1,'Тяга вниз прямыми руками','',1,'e1fc37eaa026d41b33fee9711fdf7964.png','dd11668393f6df3f02a32b77b4932957.png','a53b49d79c4582373360514d976febc2.png','','<p><em>Дополнительное оборудование:</em>&nbsp;&nbsp; стул, эластичный трос, закреплённый к силовому модулю, петля для руки.</p><br><p><em>Исходное положение:</em>&nbsp; сидя на стуле, ноги согнуты и разведены в стороны на ширину плеч. Руки разгружены с помощью эластичного троса, закрепленного к силовому модулю, разведены в стороны на высоте плеча.</p><br><p><em>Движение: &nbsp;</em>тяга вниз прямыми руками.</p><br><em>Рекомендации:</em>&nbsp; обращайте внимание на то, чтобы туловище , а руки и спина оставались прямыми. Следите за дыханием: в исходном положении - вдох, при тяге рук &nbsp;вниз - выдох.<br>','301a55fabcdb3e8dae8d53cd33e32770','2016-03-04 15:52:41',0,'Реабилитация'),(141,1,'Тяга вниз и назад одной рукой','',1,'e25aa1610350bdebd76c6405107cff24.png','635da10bc7514658033a3b592e7e5635.png','cab4b2e3e4f75c9d855312243c7f043e.png','','<p><em>Дополнительное оборудование:</em>&nbsp; эластичный трос, петля для руки.</p><br><p><em>Исходное положение:</em>&nbsp; сидя на стуле, ноги согнуты &nbsp;и разведены в стороны на ширину плеч. Активная рука разгружена с помощью эластичного троса, закреплённого к разгрузочному модулю, и отведена в сторону на высоту плеча. Не активная рука свободно свисает вдоль тела.<br></p><br><p><em>Движение:</em>&nbsp; тяга вниз и назад одной рукой. Возврат в исходное положение.<br></p><br><p><em>Рекомендации:&nbsp; </em>обращайте внимание на то, чтобы туловище не наклонялось вперёд, спина оставалась прямой.</p><br><p><em>Следите за дыханием:&nbsp; </em>в исходном положении - вдох, с отведением назад - выдох.<br></p>','452bc2ecaee98dc0c7b84f7b8a05c7cd','2016-03-04 16:00:19',0,'Реабилитация'),(142,1,'Перемещение локтя вперёд и назад','с поддержкой ассистента ',1,'5e0df9320009748a60db5d1e81034203.png','5433983f08111cc7fbff2411c16e6e32.png','b1d3e3ebbde0f47b4f85bffd693700b1.png','','<p><em>Исходное положение:&nbsp; </em>лёжа на животе с опорой на руку, согнутую в локте, вертикально под плечевым суставом.<em><br></em></p><p><em><br></em></p><p><em>Движение:&nbsp; </em>перемещение локтя активной руки вперёд и назад.<em><br></em></p><p><em><br></em></p><p><em>Рекомендации: </em>упражнение выполняется с мануальной поддержкой ассистента. Сохраняйте правильное положение опорного плеча, локтевой сустав должен находиться вертикально под гленоплечевым. Для облегчения выполнения движений используйте специальные&nbsp; скользящие поверхности, упражнение выполняется для обеих рук.<em><br></em></p><p>Следите за дыханием!<em><br></em></p>','98f56ce8e546ac720543327eba65f4cb','2016-03-04 16:12:30',0,'Реабилитация'),(143,1,'Подъём руки вверх','раскачивающие движения на эластичном тросе ',1,'99952a6cd52c738892c4cb7a37fba537.png','d9f0f1e114823a4ed8537d1b97a288cc.png','d0c571b9a4bf54dc4c7c7012e856b686.png','','<p><em>Дополнительное оборудование:&nbsp;</em>лента - эспандер.</p><br><p><em>Исходное положение:</em>&nbsp; лёжа на животе, голова повернута в сторону активной руки. Рука выпрямлена ладонью вниз и отведена на 90°. Разгружена на эластичном тросе. Ассистент размещает точку подвешивания вертикально над кистью.<br></p><br><p><em>Движение:&nbsp;&nbsp; </em>подъём &nbsp;руки вверх, раскачивающие движения на эластичном тросе.</p><br><p><em>Рекомендации:</em>&nbsp; ассистент&nbsp; сопровождает это движение натяжением ленты-эспандера, обеспечивая полную амплитуду движения.<br></p><p>Следите за дыханием!<br></p>','a0f1a3fce74aaa6be9a1f4a586315e1f','2016-03-04 16:19:52',0,'Реабилитация'),(144,1,'Подъём руки вверх','с поддержкой эластичных тросов',1,'c914649f22ec7e886926f85f939b1437.png','89987888090d29cc76085289ed23936f.png','99b0e343efd5d5b47feb0af54960ff3a.png','','<p><em>Дополнительное оборудование:&nbsp;</em>эластичный трос, петля для руки.<br></p><br><p><em>Исходное положение:&nbsp;</em>лёжа на животе, голова повёрнута в сторону активной руки. Рука выпрямлена ладонью вниз и разгружена с помощью эластичного троса, закреплённого к разгрузочному модулю. Точка подвешивания вертикально над лучезапястным суставом. &nbsp;<br></p><br><p>Движение:&nbsp; подъём руки вверх с приведением лопатки к центральной оси позвоночника. &nbsp;Возврат в исходное положение.<br></p><br><p><em>Рекомендации: &nbsp;</em>постарайтесь сделать паузу и задержать руку в самой верхней точке движения.&nbsp;</p><p>Следите за дыханием!<br></p>','d93cd1a3f90b1aa1079dac0365364ed0','2016-03-04 16:25:30',0,'Реабилитация'),(145,1,'Выпрямление руки вверх над головой','с разрузкой ',1,'2e831b011a00d0d875a7dcec8a7c69e4.png','dca65b87ec074a4fbfffca1c60b2c4a3.png','6a4f2555e1a5bab20ceac0fb927b7847.png','','<p><i>Дополнительное оборудование:&nbsp;</i> трос эластичный или трос силовой колонны, петля для руки или манжета.<br></p><br><p><i>Исходное положение:&nbsp;</i> лёжа на животе. Руки согнуты в локтях, кисти на уровне головы. Одна рука разгружена&nbsp; c помощью эластичного троса. Голова повёрнута в сторону активной руки.<br></p><br><p><i>Движение:&nbsp;</i> выпрямление руки вверх над головой.<br></p><br><p>Рекомендации:&nbsp; в случае гемипареза инсультный больной выполняет упражнение на поражённую руку.&nbsp; Следите за дыханием: во время движения руки вверх - вдох, в исходном положении - выдох.<br><br></p>','831fbfce5a8d54cc5727a330847389fb','2016-03-04 16:34:15',0,'Реабилитация'),(146,1,'Подъём предплечья с опорой на кисть','с поддержкой ассистента ',1,'0040604f2cd4c4de65db48edc8014ffc.png','065330cc7deb1f6695484f9d89c9db7d.png','a0b34f607a296ffa03427dccc38fffa2.png','','<p><em>Исходное положение:</em>&nbsp; лёжа на животе.&nbsp; Руки разведены в стороны и согнуты в локтях, ладони вниз. Голова направлена в сторону активной руки. Ладонь активной руки на уровне плеча. <br></p><p><em><br></em></p><p><em>Движение:</em>&nbsp; подъём предплечья с опорой на кисть и поддержкой ассистента.<br></p><br><p><em>Рекомендации:&nbsp; </em>упражнение выполняется для обеих рук. В случае гемипареза инсультный больной выполняет упражнение на поражённую руку.&nbsp; <br></p><p>Следите за дыханием: во время движения руки вверх - вдох, в исходном положении - выдох.<em><br><br></em></p>','59369394e03e6e84271501255b73dd0d','2016-03-04 16:41:49',0,'Реабилитация'),(147,1,'Выпрямление руки и поворот её наружу','',1,'6711cc49822eb0e4b4cd56af694faf34.png','2968b40048d421002d5330d00c6950ed.png','3d08c768d471c6e5bdeedecda8e65897.png','','<p><em>Дополнительное оборудование:&nbsp; </em>валик под голову.<br></p><p><em><br></em></p><p><em>Исходное положение:&nbsp; </em>лёжа на спине, одна рука разгружена с мануальной поддержкой ассистента, другая свободно лежит вдоль тела.<br></p><p><em><br></em></p><p><em>Движение:&nbsp; </em>выпрямление руки и поворот её наружу.<em><br></em></p><p><em><br></em></p><p><em>Рекомендации:&nbsp; </em>ассистент обеспечивает полную амплитуду движения мануальным сопровождением. Упражнение выполняется на обе руки, в случае гемипареза инсультный больной выполняет упражнение на поражённую руку. <br></p><p> Следите за дыханием: во время движения руки вверх - вдох, в исходном положении - выдох.<br></p>','e2869c39ecbfbb54762c95767e850ae8','2016-03-04 16:47:57',0,'Реабилитация'),(148,1,'Подтягивание из наклонного положения','',1,'034616a0497bad91a220c8458db1a953.png','0e1532183b1e7ae57c948a3f0842a22b.png','cf2be70cd47fbbb5229e4eefe0791528.png','','<p><em>Дополнительное оборудование:&nbsp; </em>спортивный гриф.<br></p><p><em><br></em></p><p><em>Исходное положение:&nbsp; </em>сидя на кушетке, ноги выпрямлены и разведены в стороны на ширину плеч.&nbsp;</p><p><em><br></em></p><p><em>Движение:&nbsp; </em>удерживая гриф, ассистент обеспечивает возможность пациенту подтягиваться вперед с помощью рук с одновременным сгибанием туловища.&nbsp;<em><br></em></p><p><em><br></em></p><p><em>Рекомендации: </em>обратите внимание пациента на правильное сгибание &nbsp;рук и &nbsp;напряжение мышц брюшного пресса в момент подъёма. Следите за тем, чтобы плечи были отведены в стороны на 90°.<br></p><p>Следите за дыханием!<br></p>','d18925a9f4744450e839256468696c54','2016-03-04 16:52:46',0,'Реабилитация'),(149,1,'Мобилизация голеностопного сустава','пассивная растяжка мышц голени',1,'8963435f2c22bc97cf87fb61b43b61f2.png','d143b010e9f6e218f955c9aaae80e556.png','63009b4ff293a0c08307befa87915f03.png','','<p><em>Дополнительное оборудование:&nbsp; </em>валик под голову.<em><br></em></p><p><em><br></em></p><p><em>Исходное положение:&nbsp; </em>лёжа на спине. Ассистент даёт мануальную поддержку активной ноге.<br></p><p><em><br></em></p><p><em>Движение:</em>&nbsp; сгибание и разгибание голеностопного сустава.</p><p><em><br></em></p><p><em>Рекомендации:</em>&nbsp; упражнение выполняется с мануальной поддержкой ассистента. Следите за тем, чтобы траектория движения стопы была по направлению к центральной части коленного сустава. Не допускайте вальгусного или варусного искривления стопы.<br></p><p>Следите за дыханием!<br></p>','8e0ea8451fea30a1b22b9620ded244a5','2016-04-10 13:48:14',0,'Реабилитация'),(150,1,'Разгибание коленного сустава','пассивное - активное',1,'14032a79b1fc8166c9d15536d617843b.png','130c7ed81642990aad698ff8d53411fa.png','06b6c0fbad8deb244b67a5fcc0dde063.png','','<p><em>Дополнительное оборудование: </em>валик под голову.<em><br></em></p><p><em><br></em></p><p><em>Исходное положение:&nbsp; </em>лёжа на спине. Согните ногу в тазобедренном суставе, одной рукой удерживайте ногу под пятку, другой под колено, так чтобы Вы могли ощутить растяжение задних связок коленного сустава.<br></p><p><em><br></em></p><p><em>Движение:&nbsp;&nbsp; </em>Плавно начинайте разгибать колено, пытаясь довести его &nbsp;до полного выпрямления, при ощущении сильного сопротивления ишиокруральных мышц, замедлите движение и&nbsp; немного разогните тазобедренной сустав, затем повторите движение.</p><p><u><br></u></p><p><em>Рекомендации:&nbsp; </em>упражнение выполняется для обеих ног, с мануальной помощью ассистента. Не допускайте резких и сильных растяжений, старайтесь плавно увеличивать диапазон, учитывая индивидуальные особенности пациента и его состояния.<br></p><p>Следите за дыханием!<br></p>','6e8a127561146f5d250eb052506abb91','2016-04-10 14:18:38',0,'Реабилитация'),(151,1,'Сгибание ноги','пассивное сгибание ноги в тазобедренном и коленном суставе ',1,'0c78d17851f0d83c5ab393e1c85718e3.png','d1919c352c5bc057c7b5e15385566bfa.png','ba7ea899da07886446ffe42a73959d07.png','','<p><em>Дополнительное оборудование: &nbsp; </em>валик под голову.</p><p><em> </em><br></p><p><em>Исходное положение:&nbsp; лёжа на спине. <br></em></p><p><em>Движение:&nbsp; </em>пассивное сгибание ноги в тазобедренном суставе.<em><br></em></p><p><em>Рекомендации:</em><br></p>','c8bd7dc669d8bc9b26379687b289915b','2016-04-10 14:25:37',0,'Реабилитация'),(152,1,'Отведение - приведение сугнутого бедра','пассивно-активно с мануальной поддержкой',1,'599244793c525fa30f9f2c01b541c0ae.png','d2746d46de0a06c474ede06a43ef5c96.png','cefcb3aa7f5493ffc2a3cfb4add5d287.png','','<p>Дополнительное оборудование:</p><br><p>Исходное положение:</p><br><p>Движение:</p><br><p>Рекомендации:</p>','ef01b0107d26e6b03d07b2f02730d2ac','2016-04-10 14:31:18',0,'Реабилитация'),(153,1,'Отведение - приведение прямой ноги','пассивно-активно с мануальной поддержкой',1,'1f64b31fda85cdb6b0fb598d780a29f7.png','892c8376424df8de272a2386b32dc52b.png','02a5fd370a9925dc69dabf3c3d633a4e.png','','<p>Дополнительное оборудование:</p><br><p>Исходное положение:</p><br><p>Движение:</p><br><p>Рекомендации:</p>','b7f45bae3b0a3f2b3af95d5575deda6b','2016-04-10 14:33:14',0,'Реабилитация'),(154,1,'Подъем прямой ноги вверх','с поддержкой ассистента ',1,'34d9bd0e3a7487dcf07a65f7ad680e52.png','eca78bb40b4fa06ff0bf55e038047ab7.png','698e389ac22299f004ed98024e4d98d2.png','','<p>Дополнительное оборудование:<br><br>Исходное положение:<br><br>Движение:<br><br>Рекомендации:</p><p>Ассистент плавно поднимает прямую ногу вверх, удерживая ногу за пятку таким образом, чтобы во время движения &nbsp;ноги вверх стопа оставалась согнута под прямым углом, таким образом &nbsp;обеспечивая мягкую растяжку &nbsp;мышц задней части бедра и голени.&nbsp;</p>','b934dfc9e9ffb7c543f9598d8a1f70c0','2016-04-22 17:39:20',0,'Реабилитация'),(155,1,'Отведение руки','локтевой ортез ',1,'4e93514d9adc93bd5fd3c1dbb99f8748.png','c18783f21e8a9e96e025926c2fa21028.png','5e8774e10efc01873da4db0ea804c1c1.png','','<p>Вялый парез верхней конечности, &nbsp;(пациент не может удерживать выпрямленную руку в локте). Для выполнения упражнения на &nbsp;руку одевают ортез локтевой с ребрами жесткости, удерживающий руку в прямом положении. Ассистент сопровождает движение, помогая преодолеть мертвые зоны, постепенно расширяя диапазон самостоятельного движения. &nbsp;</p>','596fffa102699982313d293a9613b632','2016-04-22 18:51:03',0,'Реабилитация'),(156,1,'Разгибание плеча','локтевой ортез ',1,'96dfa79e762dacdbdb939c7c01563635.png','b6b6acc10a07a2e05c0f7b57337275a0.png','f98138e84fbb8d5e680196e540139e39.png','','<p>Дополнительное оборудование:<br><br>Исходное положение:<br><br>Движение:<br>&nbsp;<br>Рекомендации:</p><p>Выраженная слабость в верхней конечности, для фиксации руки в выпрямленном положении на руку надеть локтевой ортез с ребрами жесткости.</p><p><em>&nbsp;Движение: </em>Разгибание плеча с максимальным отведением руки назад, обратить внимание пациента на приведение лопатки к центральной оси позвоночника. Ассистент сопровождает &nbsp;движение помогая преодолеть мертвые точки. &nbsp;</p>','6ff57654421539dba139ee79731a8608','2016-04-22 19:17:41',0,'Реабилитация'),(157,1,'Круговое движение плечом','локтевой ортез ',1,'b82d857138c851244aa1e26423d6a8ff.png','87362155250bbcb5fbc7b5239afe6ae4.png','13175fcdcde3039b0165f404e0cf687a.png','','Выраженная слабость в верхней конечности, для фиксации руки в выпрямленном положении на руку одет локтевой ортез с ребрами жесткости. Пациент совершает круговые движения прямой рукой, обратить внимание пациента на траекторию движения руки, необходимо чтобы описываемый рукой круг был максимально правильной формы &nbsp;центром &nbsp;которого является гленоплечевой сустав.','e0a2ec7703a2f05fad0266642371c80c','2016-04-22 19:37:17',0,'Реабилитация'),(158,1,'Сгибание плеча','с поддержкой ассистента ',1,'277f9010ff483b663fa722a4666fb228.png','14c5d71d3deea3d1cfcc5213d70cf457.png','d1653c06aade3c1c6e1e71cff82de5bf.png','','Ассистент удерживает согнутую &nbsp;в локте руку, за запястье, плечо в положении отведения на 90градусов. Пациент сгибает плечо стараясь &nbsp;максимально привести локоть к груди.&nbsp;','098d6d766577e1d73fc6e23cd9e3a7de','2016-04-22 19:55:49',0,'Реабилитация'),(159,1,'Одновременной сгибание плечей','с поддержкой ассистента ',1,'edb0778f623a581bea962ae3f3c1f6e8.png','66d09be8967ab18849592b358793c272.png','f0fd93628ae262a3e6a6b55dc8dce363.png','','Руки согнуты, ладони прижаты к голове. Одновременное сведение плечей перед грудью. Обратить внимание пациента на сохранение правильного положения рук т.е. на протяжении всего движения ладони должны оставаться прижатыми к голове.&nbsp;','e1dc80b2acf121c82109df1f0adbffdc','2016-04-22 20:04:01',0,'Реабилитация'),(160,1,'Отведение плеча','эластичная лента ',1,'15138cc5bbba44cde6ad0255264b3d86.png','c17458cce47ab04da23682f7934edd7f.png','bfc040521a3efb38d10ad5db6d1c7d9a.png','','<p>Ассистент создает облегченное положение для плеча, подбирая оптимальное усилие &nbsp;и направление натяжения эспандера. Обратить внимание пациента на выполнение движения в максимально доступном объеме. &nbsp;</p>','0b64eb8f7470c270629dbeba6c3e10cd','2016-04-22 20:47:46',0,'Реабилитация'),(161,1,'Ассиметричная тяга','спортивный гриф',1,'3bdb0db49935d1d6c5743de68b9f5b3c.png','94cc2f5a377bc801c893886141e67747.png','d8fdb1126b06dce63eed6e1e5191b270.png','','<p>Один конец спортивного &nbsp;грифа закреплен на статичной тяге, ассистент при необходимости придерживает отведенное положение плеча, создавая таким образом &nbsp;точку опоры для свободного &nbsp;движения противоположной рукой. &nbsp;</p><u>Движение:</u>&nbsp; &nbsp;подъем свободной руки над головой','bcd0d41527a177836de7c7629c837c6b','2016-04-22 20:57:17',0,'Реабилитация'),(162,1,'Выпрямление рук перед грудью','в положении сидя ',1,'67fd10813013d3853a46751a119b753f.png','ec56b668a82896d760b7995f54404094.png','a5508e18d3ab89869b76580d6f945bfc.png','','В положении сидя с грифом в руках &nbsp;и опорой на эластичные тросы совершать выпрямление рук от себя &nbsp;удерживая при этом &nbsp;равновесие туловища. Ассистент обязательно подстраховывает пациента &nbsp;сзади во избежание падения. Обратите внимание пациента на важность полного выпрямления рук в локтевых суставах!','aebe79991fb3ab85bb08e13541f3d35c','2016-04-22 21:14:06',0,'Реабилитация'),(163,1,'Вращение туловища','сидя с опорой на эластичный трос ',1,'c31a30f95ad5fa5fed1cee06cadc965d.png','48d5be41240c69af87e51e098e1bef89.png','55e2596c2082c338f3ce923be3b9e2a0.png','','<p>В положении сидя ноги выпрямлены вперед, &nbsp;руки зафиксированы на грифе, который подвешен на эластичных тросах.</p><p>&nbsp;<u>Движение:</u> &nbsp;поочередное выпрямление рук от груди, с вращением туловища вокруг оси позвоночника, сохраняя &nbsp;при этом  равновесие.&nbsp;</p><p><u>Рекомендации:</u> ассистент в обязательном порядке подстраховывает пациента  сзади. Обратите внимание пациента на важность полного выпрямления рук в локтевых суставах и правильное дыхание!</p>','d279117c98aa6cf308fb2eb7dd81c4a7','2016-04-23 19:20:25',0,'Реабилитация'),(164,1,'Наклоны в стороны','в положении сидя с опорой на эластичные тросы ',1,'8aa4115c129921604093df47803c9a81.png','42b8365f2992ccc30e04630ad2b93deb.png','8eeb9a13e3270caaee1d0993c00722b5.png','','<p><u>Исходное положение: </u>В положении сидя ноги выпрямлены вперед,  руки зафиксированы на грифе, который подвешен на эластичных тросах.</p><p>&nbsp;<u>Движение:</u>  руки выпрямлены перед грудью, совершаем наклон туловища в сторону , сохраняя  при этом равновесие.&nbsp;</p><p><u>Рекомендации:</u> ассистент в обязательном порядке подстраховывает пациента. Обратите внимание пациента на важность полного выпрямления рук в локтевых суставах и правильное дыхание!</p>','36f1690f13d40f950dab35592ebd2a8f','2016-04-23 20:00:38',0,'Реабилитация'),(165,1,'Переворачивание на живот','С помощью ассистента ',1,'76e6505a8bb985a3aa92a5bc9b04ea4e.png','c11e1f7173c665ce88dc474943f70c32.png','97cf423629366835b8b26d901ebeba93.png','','<p>Последовательность выполнения: ассистент перекрещивает ноги пациента по ходу предполагаемого переворота т.е. если переворот &nbsp;планируется через правый бок, значит левую ногу необходимо положить сверху на правую. &nbsp;Затем одновременно двумя руками держа пациента под тазовый и плечевой пояс, плавно переворачивает туловище на бок , нижняя рука отведена на 90гр, после удерживая нижний локоть в заданном положении ладонью вверх, &nbsp;верхнюю руку сгибает и направляет локтем к кушетке для последующей опоры, далее плавно вращает туловище выставляя &nbsp;опору на локти.&nbsp;</p>','358caab0c2eefdaf40b09a4a8e547de7','2016-04-23 20:22:01',0,'Реабилитация'),(166,1,'Разгибание и сгибание поясницы','сидя на фитболе с опорой на подвеску',1,'e98e5ec6f2a7f0f752d080b38c70ca95.png','5dcf51e80678ec216dc71ae29880471f.png','b125e9de7760294d29426643a128d67f.png','','<p><u>Исходное положение:</u> сидя на фитболе, руки согнуты в локтях и опираются на широкий ремень, шея расслаблена.&nbsp;</p><p><u>&nbsp;Движение:</u> наклон туловища вперед с прогибом в грудном и поясничном отделе позвоночника. Обратите внимание на правильное положение стоп и коленей, стопы опираются на ширине плеч колени разведены в стороны.&nbsp;</p><p><u>&nbsp;Рекомендации:</u> Следите за тем, чтобы движение было плавным и комфортным для позвоночника. Если вы делаете это упражнение впервые позаботьтесь о безопасности, начинайте с небольших амплитуд. При нарушении координации обеспечьте страховку помощником. &nbsp;&nbsp;</p>','24b6db8cd52a21ac50e440ef79c43284','2016-04-23 20:40:18',0,'Реабилитация'),(167,1,'Сгибание туловища уровень 3','нестабильные опоры ',1,'d9824d8915fae8f111383bd456aa1743.png','7f6801047e7a84f8a0071435eec9726c.png','14bd113c36f68ac2d7a6a7d3825594db.png','','<p>Исходное положение: стойка на прямых руках лицом вниз. Петли на &nbsp;нижней части голени, поднимите себя создавая ровную линию тела, ноги полностью выпрямлены, удерживайте это положении несколько секунд, затем подтяните бедра к груди одновременно поднимая таз. Голова проходит между руками, двигаетесь так, чтобы в самом конце движения бедра оказались над плечами.</p><p>Рекомендации: не стремитесь выполнить упражнение быстро, контролируйте правильное положение тела и дыхание (во время подтягивания коленей к груди делайте выдох!)&nbsp;</p>&nbsp;<br>','7bff813e93a3a911d21955c35765417e','2016-04-24 20:28:12',0,'Реабилитация'),(168,1,'Грудной жим уровень 1','Нестабильные опоры ',1,'179f948a081182906610b6e479ea4965.png','e04a24adf92625f7e90e569e1e163977.png','31817866865d6ab55f04f33f2b3d0b29.png','','<p>Исходное положение: встаньте на колени, лицом в сторону противоположной точке крепления нестабильных опор, отрегулируйте длину тросов так, чтобы петли были на уровне плеч.&nbsp;</p><p>В начале упражнения &nbsp;выпрямите руки перед грудью и перенесите вес тела на них удерживая спину и бедра в выпрямленном положении, затем опустите тело вперед в строну петель разводя локти в стороны и стараясь сохранить бедра и спину в в выпрямленном положении.</p>Рекомендации: фокусируйтесь на том, чтобы &nbsp;во время движения не нарушать ровную линию тела, ваши плечи, таз и колени должны образовывать прямую линию. Следите за дыхание, во время опускания вперед делайте выдох.&nbsp;','ba00667256f6cc323131937a14bfa14c','2016-04-24 21:08:18',0,'Фитнес'),(169,1,'Сгибание плеча на подвеске','',1,'3fb681bbe6f0c3658f5e3fe9b5c5fc87.png','6a036f95660ffcb4d36c16b8889f352e.png','5fe102684693c186b54f515bb6dbcb5a.png','','','76412660eadd0f424a24936654748ca4','2016-05-15 18:04:10',0,'Реабилитация'),(170,1,'Сгибание бедер на подвеске','',1,'09969c6e5193e1123ee4c9d5fa11f644.png','8f6d02f228ebd94b82492740f70583d5.png','12a9fdd0721bde984ba6ab51fddd18e8.png','','','b492ae63af64589508fe7740a78e6632','2016-05-15 18:23:30',0,'Фитнес'),(171,1,'Обратная планка на подвеске','',1,'e15826d6d37cee57304cb7895dea3a05.png','c5bde57e30ce7db3777d1c6e279bb222.png','27070cbf2d42151da517e8e5454b5d2d.png','','<p>Обратная планка на подвеске&nbsp;</p>','6f8c532d0cc72b89784877318678f1b7','2016-05-15 18:46:26',0,'Фитнес'),(172,1,'Наклон в сторону на подвеске','',1,'089947409f9a8b24a352bc1525f2e19b.png','39a7fdfdbd1307bde94a0e60441b1ba8.png','129e4ffb78c3450b8add208731879a7b.png','','','ba5b4b66e5402f7f553c5e8eef62a6a1','2016-05-15 18:51:13',0,'Реабилитация'),(173,1,'Разгибание туловища лежа на животе','',1,'dd38fc437f5e84eb8eeb11c30de4d53c.png','535142a6ef207c5c6fbd423e6913a1ea.png','5d170c38993ae0399575168a94de27f9.png','','','a4556e3a96a64264f40d6de3714ae24a','2016-05-15 19:00:07',0,'Реабилитация'),(174,1,'Разгибание плеча с опорой на подвески','',1,'20555ada6e54b43fce8938799db539cb.png','3f3217988063195b4745f453192bf2ef.png','a576a206ea9f51036972c5536f487337.png','','','361499027a356d0fdb3971d40e4cb2bf','2016-05-15 20:26:47',0,'Реабилитация'),(175,1,'Разгибание туловища 2','',1,'4561735b8d9418a0ad2607b3dd930d5a.png','dc74333bf216f8bf5d48b867ee826f92.png','85a98650688dcc14fe4bcbde6f667f1c.png','','','4974293c5889ec739d799d655f857177','2016-05-15 20:33:12',0,'Реабилитация'),(176,1,'Планка- сгибание бедра','',1,'5d72b234efb9baad11921a75e5042a45.png','951f9cc6e39c7a352c7d03a7dd8f4152.png','0a5f83b5219045ae0981a7ce43fe318b.png','','','e7d09eca4b10f6d2bc251dafa64faa5e','2016-05-15 20:39:15',0,'Реабилитация'),(177,1,'Сгибание бедер Уровень №1','',1,'09c20158310bbb9a8b8a07f849977092.png','b0ca69233411e53dcfb96cd01a3aff1b.png','d65cf34683b4b98769110634176c14ec.png','','<p>Лежа на животе, поставьте предплечья на куб, своды стоп положите на узкую подвеску, позвоночник находится в нейтральном положении.&nbsp;</p><p>Движение: подтяните колени к груди, втяните живот и округлите спину. Задержитесь в крайней точке сгибания на несколько секунд, затем вернитесь в исходное положение.&nbsp;</p>','300b729c8a7cf58b1f7105ab24f2c18b','2016-05-21 15:10:35',0,'Реабилитация'),(178,1,'Сгибание ног на подвеске','',1,'2af043b0995c11ef43130fee892f258c.png','119db43018477464ea98ad71dd2280d5.png','39926c8d455ec19d938bf52b926c842a.png','','<p>Лежа на спине, руки скрещены на груди, ноги прямые, пятки опираются на малые петли приподнятые на высоту 30-40см. Точка подвешивания троса вертикально над лодыжками.&nbsp;</p><p>Движение: надавите пятками вниз и приподнимите таз так, чтобы все тело выпрямилось в одну прямую линию. Согните одну ногу по направлению к груди насколько это возможно, затем выпрямите и согните другую имитируя кручение педалей на велосипеде.&nbsp;</p>','32c649039fd1df885628f088523b7f5e','2016-05-21 15:46:36',0,'Фитнес'),(179,1,'Сгибание плеч на подвесках','',1,'101c02e2a2ed9fa7f621de4d8705671d.png','e14df15ab22e502fda9c78ef17bdbd9a.png','bc1026452d9f43bad3ea46e59d947acb.png','','<p><u>Исходное положение: </u>лежа животом на цилиндрическом валике, руки выпрямлены в стороны на уровне плеч, ладонями вниз. Узкие петли располагаются на проксимальной части плеча. Точки подвешивания &nbsp;троса вертикально над плечевыми суставами.<u><strong><br></strong></u></p><p><u>Движение: </u>&nbsp;напрягите и приведите в нейтральное положение нижнюю часть спины и втяните &nbsp;живот. Надавите на подвески и &nbsp;приподнимите верхнюю часть туловища. Затем медленно вернитесь в исходное положение со сведением лопаток. &nbsp;</p><br>','65738ae80794b630a425287bb7fe8c7e','2016-05-21 16:31:40',0,'Реабилитация'),(180,1,'Разгибание плеч с опорой на подвески','',1,'f7e3458ad3da54487e4a192643fb7fa3.png','cb30258fa1353e339c98725c9ed7754c.png','cedcc40c7ca88ad75fd5a174ad9cbf9c.png','','<p>Лежа на спине с цилиндрическим валиком под коленями, руки отведены в стороны на 90градусов и согнуты в локтях, петли одеваются на предплечье ближе к локтю. Точки крепления троса над животом.&nbsp;</p><p><strong><u>Движение:</u></strong>&nbsp;приведите в нейтральное положение нижнюю часть спины и напрягите мышцы живота, &nbsp;надавите предплечьями на петли и приподнимите верхнюю часть туловища разводя в стороны плечи и сводя вместе лопатки, затем медленно вернитесь в исходное положение.&nbsp;</p>','8dfb4af03125f682dd0dd9a9284a1833','2016-05-21 18:28:02',0,'Реабилитация'),(181,1,'Ротация плеча на подвеске','',1,'581b841457bda9ec48c982fee2c75e67.png','3d8de6937031c5fcb22ffe13eacafceb.png','812a3d0d713a1b700f6025e1f335e912.png','','<p><u>Исходное положение:</u> лежа на боку, согнутую нижнюю руку положите под голову. Верхнюю руку согните в локте, отведите плечо на 90 градусов так, чтобы локтевой сустав оказался вертикально над плечевым суставом. Зафиксируйте это положение руки с помощью подвесок в области кисти и в проксимальной части предплечья.&nbsp;</p><p><u>Движение: </u>&nbsp;внешняя и внутренняя ротация плеча, предплечье движется по направлению &nbsp;к голове, а затем к ногам.</p><p>Рекомендации: следите за тем , чтобы движение производилось без изменения положения плеча, а только за счет вращения плеча вокруг своей оси.&nbsp;</p>','d2f06cda46706b59bed6806fabb9dadd','2016-05-22 10:56:55',0,'Реабилитация'),(182,1,'Подтягивание из наклонного положения','',1,'6d9cf35607ec8a114d03c3b64509d4fb.png','882867dc7abe340bdafaabd355f74cbc.png','dec7e7671e6638213831d302731ee487.png','','<p><u>Исходное положение:</u> лежа на спине, ноги согнуты в коленях стопы опираются на пол. Подвески на высоте вытянутых рук, точка подвешивания троса над тазобедренными суставами.&nbsp;</p><u>Движение:</u><strong> &nbsp;</strong>отклонитесь назад до полного провисания на прямых руках, затем притяните туловище вперед сгибая руки в локтях и в самой верхней точке прогнитесь в пояснице &nbsp;выпрямив спину.&nbsp;','a206f13073c7cd059f92ab6200d2222d','2016-05-22 11:20:20',0,'Реабилитация'),(183,20,'Упражнение в разделе (реабилитация)','Шаговые движения прямыми ногами Дополнительное оборудование: голеностопная манжета 2шт, петля для стопы, эластичный трос. Исходное положение: лежа на спине, ноги вместе , разгружены и немного приподняты над плоскостью кушетки, руки разведены в стороны ',1,'c1ae8f9164364d79ee800af2655d9fba.jpg','a286b839f0d22d349236c5fdfc862def.jpg','f2b09e6086e02d45b90ca2401b4a7d40.jpg','','<p>Шаговые движения прямыми ногами</p><br><p>Дополнительное оборудование: голеностопная манжета&nbsp; 2шт, петля для стопы, эластичный трос.</p><br><p>Исходное положение: лежа на спине, ноги вместе , разгружены и немного приподняты над плоскостью кушетки, руки разведены в стороны ладонями в низ.</p><br><p>Движение: попеременное поднимание&nbsp; ног, имитация шаговых движений прямыми ногами.</p>','01f2de0c1999cedafdf52c01d3f3a4b2','2016-05-27 14:16:50',0,'Реабилитация'),(184,1,'Вытягивание руки ','коленно-кистевая стойка ',1,'b92b02bcd88da26d3d726ea846dd9fd4.png','e10e9d5859f12be1e756e18f3376b6f6.png','2563d4fcb9f6d0fcbdad7395652643bb.png','','<p><em>Дополнительное оборудование: </em> отсутствует&nbsp;</p><p><em>Исходное положение: </em>коленно-кистевая стойка. Одна рука в опоре, кисть &nbsp;расположена вертикально под плечевым суставом. Другая вытянута вперед ладонью к полу.</p><p><em>Движение: </em>&nbsp;поднимите прямую руку вверх одновременно разгибая грудной и поясничный отдел позвоночника.&nbsp;</p><p><em>Рекомендации:</em>&nbsp;при возвращении в исходное положение достигают сгибания позвоночника.\r\n</p><br>','8ddbfa3f5b146507ec41c59d5927b7c4','2016-02-12 17:52:37',0,'Реабилитация'),(185,20,'10','',1,NULL,NULL,NULL,'','','f969a97a1bcf2fc60593388362d5fbd7','2016-06-27 07:42:20',1,'Мой раздел'),(186,20,'10','',1,NULL,NULL,NULL,'','','db88f74bea38b318a9837eb8e71aad95','2016-06-27 07:42:55',1,'Мой раздел'),(187,20,'10','',1,NULL,NULL,NULL,'','','3236192ae13b4fc447d931480117b892','2016-06-27 07:43:31',1,'Реабилитация'),(188,20,'10','101',1,NULL,NULL,NULL,'','','f257474836b8d722f8ff5c2f27c05fc8','2016-06-27 07:51:26',1,'Мой раздел'),(189,20,'100000000лло54345345','2',1,NULL,'a5798d7d70a20acf2212f26b62535769.jpg',NULL,'GOjE9BsUaqA','тжтжтжтжт<p>жтжтжтжтжт</p><p>жтжтжт</p><p>жтжтжтжт</p><p>жтжтжтжтжтжт</p><p>жтжтжтжтжт</p>','220f1f441d7bc76f6b38221e9c52ade5','2016-06-27 19:04:15',0,'Травматология'),(190,20,'1','2',1,NULL,'0006357dfdcd8abf303aef920ca01c85.jpg',NULL,'0','1','16c0c89b57f7afd8011c4340ff031290','2016-06-27 19:17:38',1,'Реабилитация'),(191,10,'Подтягивание ','В висе на турнике',1,'e58c16c6e8d338fad62d7c9e0c7e93d3.png','7fc6f76c4fc3796b606eb5252ed53a47.png','e7bb81f8bdca91d68bb479e7a58970fa.png','','','85d775899774b19e8f0dc7d2f4d4b269','2016-06-30 19:28:37',0,'Фитнес'),(192,1,'11111111','2222222222222',1,'dbbb8f14f5df48ecb3fff17b33a49ad0.png','fe994c4d8df1c4d00a2fcdb4d37de69c.png','7c0aec72710752fbb06c807298711f20.png','','33333333333333','1e1ad0878ffac8b041dd09f0b5577287','2016-07-11 21:19:47',1,'Реабилитация'),(193,1,'160','2',1,NULL,NULL,NULL,'','00','4dd4488b1a9e2fe9bab699e78e259b86','2016-07-11 21:39:59',1,'Реабилитация'),(194,1,'Планка на подвесках','',1,'ce67f4ed858909f6d7e182efc1a4779a.png','ef978e13d111833e805b0dcffaf22483.png','14f6455b4cd0100db6b3a60d4c5013be.png','','Планка на нестабильных опорах. Валик под животом служит ограничителем &nbsp;прогиба в поясничном отделе позвоночника. Актуально при болях в пояснице.&nbsp;','8050573fa6750e7649aca12276544f96','2016-07-23 20:41:18',0,'Реабилитация'),(195,1,'Аддукция бедра лежа на боку ','',1,'af3e9d14da7670068e6bb2f518b744c4.png','885f84e79361dc0b735716cc659782cf.png','4c0b5141aa4d63f768c93762fbc98809.png','','','4601c8f30b0831929f24621e02611b7a','2016-07-23 20:59:23',0,'Реабилитация'),(196,1,'Сгибание/разгибание плеча ','',1,'0f810c40688f0f736db81a5661e39707.png','4d923805da531415f4d694bca87a7489.png','48a042f84f678fb3f54f3e9481ba482d.png','','','2d47bd7947934a91805f3728e139dc4f','2016-07-24 07:50:18',0,'Реабилитация'),(197,1,'Выпрямление руки лежа на боку','',1,'e676303839d5e9fec18552a64a52d2c7.png','f8177063aaacac99d69d848dead15538.png','4c465e552d47fb2769d688670ccf01b3.png','','<p>Лежа на буку. Лежа на боку рука согнута в локтевом суставе, плечо приведено к туловищу. Движение: выпрямление руки в в горизонтальной плоскости до полного разгибания в локтевом суставе.&nbsp;</p><p>Рекомендации: постарайтесь коснуться плечом уха в верхней точке движения. &nbsp;Следите за тем, чтобы при движении голова не наклонялась вперед, позвоночник был в нейтральном положении.</p>','b607d1b16497200c2c3b0292e849276a','2016-07-24 08:10:21',0,'Реабилитация'),(198,1,'Сгибание плеча на подвесках','',1,'39879c0360500a6faab34445e81c0b0d.png','3a729d876318d9f0fb8adaf9bbaa7864.png','11f008799f8fc509bf23f7bb423354cf.png','','Рекомендации: старайтесь сохранять в нейтральном положении поясничный отдел позвоночника. Держите голову прямо, не поднимайте подбородок в верх, увеличивая тем самым шейный прогиб.&nbsp;','d76963d8a03da05860b023aac691a055','2016-07-24 08:25:12',0,'Реабилитация'),(199,1,'Разгибание плеча на нестабильных опорах ','',1,'1a4a759e446d05e0acee8827c6ff099b.png','deac317faa067bc7e8ee1f813befa4a4.png','7c306cc407701d2091718c9f79bad6d7.png','','','3707cbe4486c9094ccf3acc2cf692501','2016-07-24 20:13:03',0,'Реабилитация'),(200,1,'Разгибание плеча на подвеске ','',1,'2f313c7fc6310b4dde69fca5fb3b964d.png','4c0adc784e0914ae24f915e919a9e271.png','8d0fcc25e8258a3e59dc7a158dc40540.png','','','0bc0882f0f1138543d5478a732a3d179','2016-07-24 20:21:07',0,'Реабилитация'),(201,1,'Отведение/наружная ротация бедра ','',1,'f98e1c0ec5932e37f45477b177486d8f.png','95c81e3d7c4f85a74b2f18fc62069e45.png','09f4b9372d13e767d42dba6b44d39dbb.png','','','df8b2226c2d48bba5757d21be7f37310','2016-07-24 20:34:20',0,'Реабилитация'),(202,1,'Выпрямление рук вверх на подвесках','',1,'095700712429b795c4b541e28855493a.png','1234049f9d44619dbb7c3c31349671c6.png','aabe71ae34ca83362acfb5d93b99ebd9.png','','','df61278fb00985856a215e13b29091ae','2016-07-24 20:45:57',0,'Реабилитация'),(203,1,'Приседание с грудной опорой на подвеску','',1,'ae5db076fb1fff89b3183077d44aefe7.png','2bcf661ba2bc99eaf9f40695afc1250e.png','661b27696c1c28f5218f1730dfd58707.png','','Приседание стоя на платформе наклонённой под углом 45градусов &nbsp;с грудной опорой на подвеску.&nbsp;','46909b520c82c3bdddd2f16dfb81e0b1','2016-07-25 05:35:54',0,'Реабилитация'),(204,1,'Сгибание бедер  уровень 4','',1,'0bd146d38b136ef573a0abcf67734b46.png','d006865f2fac6b5a855dda01fa9f4b2d.png','99b22feeb8c856c5d569c8b647432a78.png','','<p><u>Исходное положение:</u>&nbsp; поставьте локти на пол на ширину плеч, ноги вытянете на подвеске размещенной чуть ниже колен, &nbsp;на высоте 30-40 см от пола.&nbsp;</p><p><u>Движение:</u>&nbsp;&nbsp;подтяните колени к груди сгибая ноги и поднимая таз.&nbsp;</p><p><u>Рекомендации:</u>&nbsp; следите за тем, чтобы торс сгибался по прямой линии &nbsp;в одной плоскости&nbsp;</p>','1fb863592052b9868081bb034703861d','2016-07-25 06:16:18',0,'Реабилитация'),(205,1,'Планка на боку уровень 2','',1,'21ba3393c55ac3fcb14abacea88944d5.png','7118aa8da471499e59f3677948c19d39.png','7470a31d7f2f5ff7b9e64cced0eabb79.png','','','91dbd7f9d3f3c0207eb8e2489757e84d','2016-07-25 14:28:34',0,'Реабилитация'),(206,1,'Планка на боку с отведением ноги ','',1,'cd25645438a524ec46bf578ff2a59eb6.png','a972c1602f328ed6d87ff2b2f6a65eec.png','b483629fc54861ae114f67a426fb8478.png','','','f9d85ce7da18440cbad385b394e31bcd','2016-07-25 14:31:36',0,'Реабилитация'),(207,1,'Отжимание на подвесках ','узкий хват',1,'b55b1230c259ccf33dd6a20dffb687ad.png','a161e954fed2a042599523d21629242a.png','afe4ca2cf6cd6e6a8778ea2f15e55d5c.png','','','c8ed5bcdb6c49d8d548ee30c293fa509','2016-07-25 14:41:28',0,'Реабилитация'),(208,1,'Бицепс нестабильные опоры','',1,NULL,NULL,NULL,'','Встаньте прямо, возьмитесь &nbsp;за поручни нестабильных опор обратным хватом (ладони направлены к лицу). Отклонитесь назад до полного выпрямления рук, затем подтяните все тело вперед до тех пор пока кисти не окажутся &nbsp;по бокам от головы. Рекомендации: следите за тем, чтобы &nbsp;в момент подъёма колени и туловище не сгибались.&nbsp;','09eb573a10f43885e3ed602b1aab5464','2016-08-01 20:24:33',1,'Фитнес'),(209,1,'Сгибания на бицепс стоя ','',1,'24019c1b36343ca6b09f72dff668bb75.png','0548ff83fbe4d813c9bcef3f6701cf3b.png','2b41451b8b9aa052a95054e99d9e08d0.png','','Стоя лицом к точке крепления подвесок.','ee1d8b63c533c741a70bc1feb98abede','2016-08-04 12:11:41',0,'Фитнес'),(210,1,'Отжимание стоя уровень 3','',1,'f8cfe327053f024cc675fa19bc9991c9.png','e3d5f77942a8c37f024aec84b54d6419.png','3fd7f306f09766709a2075634a827a24.png','','','726ac5708dc80e690e81caa09ecccf97','2016-08-04 12:38:15',0,'Фитнес'),(211,1,'Повороты корпуса с нижней тягой','',1,'520685f712de4e347446ec9ae7cdcdc8.png','c2f42236b077b31e37941ba8ee131dfa.png','7b7928046fdf1daaba0f06f63a4ea7aa.png','','','e3ad18e4f2c124ea4ce761fb299ecace','2016-08-05 20:32:42',0,'Фитнес'),(212,1,'Вертикальные отжимания  обратным хватом ','Узкое положение рук',1,'bc324f31661b3a783c67fa1dd945489f.png','f429f89e334a1c0259650b25b78929d9.png','19c76c499134545d1cf7e441c8ecc5c5.png','','Положение стоя, ноги на ширине плеч. Положение рук узким хватом&nbsp;','49278690db5c3a6223105dba9a4c8f2e','2016-08-07 12:17:48',0,'Фитнес'),(213,1,'Приседания на одной ноге ','',1,'4444a4caf24a1f0de7760dd4b4724abd.png','b443c7011a08cb7a80df7a79bdca9a8d.png','37fba5fe2f083c3e7d39b26c3eeea4b2.png','','','0268d5dbab1c7e6ff609e990d4e10bf9','2016-08-07 12:24:58',0,'Фитнес'),(214,1,'Подъем гантелей к плечам, хват сверху','',1,'fc6470278aea1d1946ee94704ddbd065.png','9e1ad753fa7a6799e24af98deeb9d1ad.png','ad7dce7580fa648a583552dda095b603.png','','','6f7022675c6cb67e6a2b62a7e4fc2f43','2016-08-08 19:48:28',0,'Фитнес'),(215,1,'Попеременный подъем гантелей вверх','',1,'4d296429236117222e56f65585d0caf9.png','e3e3b91c55699669f75ba6dc9eeebc1d.png','c3cebec20fb0a57d69023666db18d913.png','','','880c8259107471e6b9acbc479d508ccf','2016-08-08 20:08:38',0,'Фитнес'),(216,1,'Подъем гантелей над головой','',1,'36cd3251a9ea593a9debd236eedcf2ce.png','adf8e0b447c253ded8cc1a29b2df664d.png','fa9c94b12646937d550c9b78074305f1.png','','','02ebb77063db4ec4abb938132ad14667','2016-08-08 20:11:14',0,'Фитнес'),(217,1,'Наклон вперд на прямые руки ','',1,'950a9c403ee9c587ebbe1f66477391bc.png','3d0eb46dfba1ab5d13e996cdd9bd9467.png','cb837c0c41e5cfe876ec28a11cb648e7.png','','','bb476519d4374d38a5bbfe855418ed3e','2016-08-13 19:43:46',0,'Фитнес'),(218,1,'Разведение рук в стороны','',1,'9b04472806550b4b117dc54805021472.png','84cafe59d29b03582849863c265021a6.png','3c9e7b86879d472c86fb8305f419911d.png','','','1c967ba0e1b5bade7e11f7d110f383df','2016-08-13 20:10:33',0,'Фитнес'),(219,1,'Приседание в висе на подвеске','',1,'1269e6f2ca0d0ccd28ebd6e8ef19d417.png','21e3e186db3d437ff0f9ceb0bab7f39e.png','37a9586629353fe48aadb205658cc518.png','','','d743cbdc88955bab3ca507204a969c73','2016-08-13 20:15:57',0,'Фитнес'),(220,1,'Наклон вперед на прямые руки уровень 3','',1,'491ef75e231cb7213c910f414acefe2c.png','8f94ebb9472182cd590de23056b55582.png','b7b1a29091855bb89fb431672ca0549a.png','','','f3f74eb0dababd974c75c61e8738700d','2016-08-13 20:24:03',0,'Фитнес'),(221,1,'Вращение туловища в висе','',1,'b84050029a3f864734f8b8936a482315.png','3dad7aa8731bdf64c329ebe24655330e.png','7f758e4787cbb81992ea439d8fd383ca.png','','','0e90165500b6ef2c8bc656e97325d6b4','2016-08-13 20:32:08',0,'Фитнес'),(222,1,'111111111','',1,'2f0c51eefabf619883becc71d9f13c9e.png',NULL,NULL,'','','0f2c13a7afbd45efe88a01f287f73229','2016-09-12 06:04:03',1,'Травматология'),(223,1,'5555555555','',1,NULL,NULL,NULL,'','','b6ef82cad8859f75396dece1b7706d83','2016-09-12 06:32:25',0,'Реабилитация');
/*!40000 ALTER TABLE `exercises` ENABLE KEYS */;
UNLOCK TABLES;

--
-- Table structure for table `exercises_progress`
--

DROP TABLE IF EXISTS `exercises_progress`;
/*!40101 SET @saved_cs_client     = @@character_set_client */;
/*!40101 SET character_set_client = utf8 */;
CREATE TABLE `exercises_progress` (
  `id` int(11) NOT NULL AUTO_INCREMENT,
  `exercise_id` int(11) NOT NULL,
  `progress_id` int(11) NOT NULL,
  `order` int(11) DEFAULT '0',
  PRIMARY KEY (`id`),
  KEY `fk_progress_exercise` (`exercise_id`),
  KEY `fk_progress` (`progress_id`),
  CONSTRAINT `fk_progress` FOREIGN KEY (`progress_id`) REFERENCES `exercises` (`id`) ON DELETE CASCADE,
  CONSTRAINT `fk_progress_exercise` FOREIGN KEY (`exercise_id`) REFERENCES `exercises` (`id`) ON DELETE CASCADE
) ENGINE=InnoDB AUTO_INCREMENT=232 DEFAULT CHARSET=utf8;
/*!40101 SET character_set_client = @saved_cs_client */;

--
-- Dumping data for table `exercises_progress`
--

LOCK TABLES `exercises_progress` WRITE;
/*!40000 ALTER TABLE `exercises_progress` DISABLE KEYS */;
INSERT INTO `exercises_progress` VALUES (17,42,43,1),(18,42,42,2),(19,44,42,1),(20,44,44,2),(21,44,46,3),(26,56,56,1),(27,61,61,1),(28,62,62,1),(29,63,63,1),(30,64,64,1),(31,65,65,1),(32,66,66,1),(33,67,67,1),(34,68,68,1),(35,69,69,1),(36,70,70,1),(37,71,71,1),(38,72,72,1),(39,73,73,1),(40,74,74,1),(41,75,75,1),(42,76,76,1),(43,77,77,1),(44,78,78,1),(45,79,79,1),(46,80,80,1),(47,81,81,1),(48,82,82,1),(49,83,83,1),(50,84,84,1),(51,85,85,1),(52,43,43,2),(53,86,86,1),(54,87,87,1),(55,88,88,1),(56,89,89,1),(57,90,90,1),(58,91,91,1),(59,92,92,1),(60,93,93,1),(61,94,94,1),(62,95,95,1),(63,47,47,1),(64,48,48,1),(65,96,96,1),(66,97,97,1),(67,98,98,1),(68,99,99,1),(69,100,100,1),(70,101,101,1),(71,102,102,1),(72,103,103,1),(73,104,104,1),(74,105,105,1),(75,106,106,1),(76,107,107,1),(77,108,108,1),(78,109,109,1),(79,110,110,1),(80,111,111,1),(81,112,112,1),(82,113,113,3),(83,114,114,1),(84,115,115,1),(85,116,116,1),(86,117,117,1),(87,118,118,1),(88,119,119,1),(89,120,120,1),(90,121,121,1),(91,122,122,1),(92,123,123,1),(93,124,124,1),(94,125,125,1),(96,127,127,1),(98,43,45,1),(99,43,42,3),(100,129,129,1),(101,130,130,1),(102,131,131,1),(103,132,132,1),(104,133,133,1),(105,134,134,1),(106,135,135,1),(107,136,136,1),(108,137,137,1),(109,138,138,1),(110,139,139,1),(111,140,140,1),(112,141,141,1),(113,142,142,1),(114,143,143,1),(115,144,144,1),(116,145,145,1),(117,146,146,1),(118,147,147,1),(119,148,148,1),(120,50,50,1),(121,149,149,1),(122,150,150,1),(123,151,151,1),(124,152,152,1),(125,153,153,1),(126,45,45,1),(127,154,154,1),(128,155,155,1),(129,156,156,1),(130,157,157,1),(131,158,158,1),(132,159,159,1),(133,160,160,1),(134,161,161,1),(135,162,162,1),(136,163,163,1),(137,164,164,1),(138,165,165,1),(139,166,166,1),(140,167,167,1),(141,168,168,1),(142,46,46,1),(143,46,47,2),(144,49,49,1),(145,51,51,1),(146,52,52,1),(147,52,44,2),(148,53,53,1),(149,169,169,1),(150,170,170,1),(151,171,171,1),(152,172,172,1),(153,173,173,1),(154,174,174,1),(155,175,175,1),(156,176,176,1),(157,177,177,1),(158,178,178,1),(159,179,179,1),(160,180,180,1),(161,181,181,1),(162,182,182,1),(163,183,42,1),(164,183,183,2),(165,52,47,3),(166,52,50,4),(167,52,54,5),(168,113,51,1),(169,113,52,2),(170,113,53,4),(171,54,54,1),(176,189,189,3),(187,189,42,4),(188,189,113,1),(189,55,55,1),(190,183,43,3),(191,191,191,1),(192,189,50,2),(193,192,43,1),(195,192,44,3),(196,193,42,1),(198,193,43,2),(199,194,194,1),(200,195,195,1),(201,196,196,1),(202,196,108,2),(203,196,109,3),(204,197,197,1),(205,198,198,1),(206,199,199,1),(207,200,200,1),(208,201,201,1),(209,201,44,2),(210,202,202,1),(211,203,203,1),(212,204,204,1),(213,205,205,1),(214,206,206,1),(215,207,207,1),(217,209,209,1),(218,210,210,1),(219,211,211,1),(220,212,212,1),(221,213,213,1),(222,214,214,1),(223,215,215,1),(224,216,216,1),(225,217,217,1),(226,218,218,1),(227,219,219,1),(228,220,220,1),(229,221,221,1),(231,223,223,1);
/*!40000 ALTER TABLE `exercises_progress` ENABLE KEYS */;
UNLOCK TABLES;

--
-- Table structure for table `exercises_related`
--

DROP TABLE IF EXISTS `exercises_related`;
/*!40101 SET @saved_cs_client     = @@character_set_client */;
/*!40101 SET character_set_client = utf8 */;
CREATE TABLE `exercises_related` (
  `id` int(11) NOT NULL AUTO_INCREMENT,
  `exercise_id` int(11) NOT NULL,
  `related_id` int(11) NOT NULL,
  `order` int(11) DEFAULT '0',
  PRIMARY KEY (`id`),
  KEY `fk_exercises_related` (`exercise_id`),
  KEY `fk_related` (`related_id`),
  CONSTRAINT `fk_exercises_related` FOREIGN KEY (`exercise_id`) REFERENCES `exercises` (`id`) ON DELETE CASCADE,
  CONSTRAINT `fk_related` FOREIGN KEY (`related_id`) REFERENCES `exercises` (`id`) ON DELETE CASCADE
) ENGINE=InnoDB AUTO_INCREMENT=133 DEFAULT CHARSET=utf8;
/*!40101 SET character_set_client = @saved_cs_client */;

--
-- Dumping data for table `exercises_related`
--

LOCK TABLES `exercises_related` WRITE;
/*!40000 ALTER TABLE `exercises_related` DISABLE KEYS */;
INSERT INTO `exercises_related` VALUES (59,47,46,1),(60,47,48,2),(61,47,45,3),(62,49,46,1),(63,49,47,2),(64,51,50,1),(65,51,43,2),(66,52,44,1),(67,52,49,2),(68,52,69,3),(69,52,76,4),(70,178,170,1),(71,179,174,1),(72,180,174,1),(73,183,42,1),(106,189,183,3),(107,189,42,1),(108,189,113,2),(109,183,113,2),(110,183,43,3),(111,183,48,4),(112,189,50,4),(114,192,43,1),(117,193,42,1),(118,193,45,2),(119,198,179,1),(120,200,180,1),(121,200,174,2),(122,201,52,1),(123,201,51,2),(124,201,50,3),(125,202,145,1),(126,202,179,2),(127,202,197,3),(128,207,168,1),(129,207,199,2),(130,218,209,1),(131,218,200,2),(132,220,217,1);
/*!40000 ALTER TABLE `exercises_related` ENABLE KEYS */;
UNLOCK TABLES;

--
-- Table structure for table `exercises_results`
--

DROP TABLE IF EXISTS `exercises_results`;
/*!40101 SET @saved_cs_client     = @@character_set_client */;
/*!40101 SET character_set_client = utf8 */;
CREATE TABLE `exercises_results` (
  `id` int(11) NOT NULL AUTO_INCREMENT,
  `exercise_id` int(11) NOT NULL,
  `program_id` int(11) NOT NULL,
  `tab_id` int(11) NOT NULL,
  `user_id` int(11) NOT NULL,
  `data` text,
  PRIMARY KEY (`id`),
  KEY `fk_results_user` (`user_id`),
  KEY `fk_results_tabs` (`tab_id`),
  KEY `fk_results_programs` (`program_id`),
  KEY `fk_results_exercise` (`exercise_id`),
  CONSTRAINT `fk_results_exercise` FOREIGN KEY (`exercise_id`) REFERENCES `exercises` (`id`) ON DELETE CASCADE,
  CONSTRAINT `fk_results_programs` FOREIGN KEY (`program_id`) REFERENCES `programs` (`id`) ON DELETE CASCADE,
  CONSTRAINT `fk_results_tabs` FOREIGN KEY (`tab_id`) REFERENCES `programs_tabs` (`id`) ON DELETE CASCADE,
  CONSTRAINT `fk_results_user` FOREIGN KEY (`user_id`) REFERENCES `users` (`id`) ON DELETE CASCADE
) ENGINE=InnoDB DEFAULT CHARSET=utf8;
/*!40101 SET character_set_client = @saved_cs_client */;

--
-- Dumping data for table `exercises_results`
--

LOCK TABLES `exercises_results` WRITE;
/*!40000 ALTER TABLE `exercises_results` DISABLE KEYS */;
/*!40000 ALTER TABLE `exercises_results` ENABLE KEYS */;
UNLOCK TABLES;

--
-- Table structure for table `exercises_tags`
--

DROP TABLE IF EXISTS `exercises_tags`;
/*!40101 SET @saved_cs_client     = @@character_set_client */;
/*!40101 SET character_set_client = utf8 */;
CREATE TABLE `exercises_tags` (
  `id` int(11) NOT NULL AUTO_INCREMENT,
  `exercise_id` int(11) NOT NULL,
  `tag_id` int(11) NOT NULL,
  PRIMARY KEY (`id`),
  KEY `fk_tags_links_exercises` (`tag_id`),
  KEY `fk_exercises_links_tags` (`exercise_id`),
  CONSTRAINT `fk_exercises_links_tags` FOREIGN KEY (`exercise_id`) REFERENCES `exercises` (`id`) ON DELETE CASCADE,
  CONSTRAINT `fk_tags_links_exercises` FOREIGN KEY (`tag_id`) REFERENCES `tags` (`id`) ON DELETE CASCADE
) ENGINE=InnoDB AUTO_INCREMENT=1280 DEFAULT CHARSET=utf8;
/*!40101 SET character_set_client = @saved_cs_client */;

--
-- Dumping data for table `exercises_tags`
--

LOCK TABLES `exercises_tags` WRITE;
/*!40000 ALTER TABLE `exercises_tags` DISABLE KEYS */;
INSERT INTO `exercises_tags` VALUES (166,42,18),(168,42,22),(171,42,29),(172,42,30),(173,42,31),(177,43,18),(178,43,21),(179,43,22),(180,43,23),(181,43,28),(182,43,29),(183,43,31),(184,43,30),(190,61,18),(191,61,30),(192,61,31),(194,62,18),(195,62,22),(196,62,40),(199,63,26),(200,63,27),(201,63,40),(203,64,25),(204,64,31),(205,64,37),(208,65,25),(209,65,26),(210,65,31),(211,65,37),(214,66,21),(215,66,26),(216,66,30),(219,67,18),(220,67,25),(221,67,26),(222,67,30),(225,68,18),(226,68,21),(227,68,30),(230,69,18),(231,69,27),(232,69,28),(233,69,30),(236,70,18),(237,70,26),(238,70,27),(239,70,30),(242,71,18),(243,71,21),(244,71,25),(245,71,26),(246,71,30),(249,72,27),(250,72,28),(251,72,30),(254,73,18),(255,73,27),(256,73,28),(257,73,30),(260,74,18),(261,74,27),(262,74,30),(265,75,18),(266,75,27),(267,75,28),(268,75,30),(271,81,18),(272,81,26),(273,81,40),(276,82,18),(277,82,26),(278,82,40),(281,83,18),(282,83,25),(283,83,26),(284,83,39),(287,86,18),(288,86,21),(289,86,26),(290,86,30),(293,87,21),(294,87,26),(297,88,18),(298,88,25),(299,88,26),(302,89,21),(303,89,25),(304,89,26),(307,90,18),(308,90,21),(309,90,26),(312,91,19),(313,91,22),(314,91,25),(315,91,26),(316,91,27),(317,91,30),(320,92,19),(321,92,22),(322,92,27),(323,92,30),(326,93,26),(327,93,27),(328,93,30),(329,93,38),(333,94,19),(334,94,26),(335,94,30),(339,95,19),(340,95,26),(341,95,30),(342,95,38),(346,96,18),(347,96,25),(348,96,26),(349,96,38),(352,97,18),(353,97,22),(354,97,26),(355,97,27),(356,97,38),(359,98,18),(360,98,22),(361,98,29),(362,98,30),(363,98,31),(366,100,18),(367,100,22),(368,100,29),(369,100,31),(372,101,19),(373,101,22),(374,101,27),(375,101,28),(376,101,30),(379,102,19),(380,102,26),(381,102,30),(383,103,53),(384,103,25),(385,103,26),(388,105,18),(389,105,22),(390,105,28),(391,105,30),(393,106,49),(396,106,19),(397,106,22),(398,106,27),(399,106,28),(400,106,30),(404,107,22),(405,107,27),(406,107,30),(408,108,14),(410,108,22),(411,108,30),(412,108,31),(414,109,19),(415,109,22),(417,109,27),(418,109,30),(419,109,31),(421,110,46),(423,110,20),(424,110,22),(425,110,27),(426,110,29),(427,110,32),(430,112,20),(431,112,27),(433,112,32),(436,113,20),(437,113,27),(438,113,32),(441,114,20),(442,114,27),(443,114,32),(446,115,20),(447,115,22),(448,115,27),(449,115,32),(452,116,20),(453,116,22),(454,116,27),(455,116,28),(456,116,32),(459,117,20),(460,117,22),(461,117,26),(462,117,32),(463,117,38),(465,118,14),(467,118,20),(468,118,22),(469,118,26),(470,118,32),(471,118,38),(474,119,20),(475,119,22),(476,119,26),(477,119,31),(478,119,32),(480,120,14),(482,120,20),(483,120,22),(484,120,26),(485,120,31),(486,120,32),(488,121,46),(489,121,19),(490,121,27),(491,121,28),(492,121,35),(495,122,20),(496,122,26),(497,122,27),(498,122,31),(499,122,32),(500,122,37),(502,123,46),(503,123,19),(504,123,27),(505,123,28),(506,123,35),(509,124,20),(510,124,22),(511,124,29),(512,124,32),(516,125,19),(517,125,22),(518,125,28),(519,125,32),(520,125,35),(522,129,46),(523,129,19),(524,129,27),(525,129,35),(527,130,46),(529,130,19),(530,130,26),(531,130,27),(532,130,35),(534,131,46),(535,131,22),(536,131,27),(537,131,28),(538,131,35),(540,132,46),(542,132,19),(543,132,22),(544,132,28),(545,132,35),(547,133,46),(549,133,19),(550,133,22),(551,133,28),(552,133,35),(554,134,46),(556,134,19),(557,134,22),(558,134,27),(559,134,35),(561,135,46),(563,135,19),(564,135,22),(565,135,27),(566,135,35),(568,136,46),(569,136,19),(570,136,22),(571,136,27),(572,136,28),(573,136,35),(575,137,46),(576,137,19),(577,137,27),(578,137,30),(579,137,32),(581,138,46),(582,138,19),(583,138,27),(584,138,30),(586,139,46),(587,139,19),(588,139,22),(589,139,27),(591,139,30),(593,140,14),(595,140,19),(596,140,26),(597,140,27),(598,140,31),(600,141,14),(602,141,19),(604,141,26),(606,141,31),(609,142,18),(610,142,21),(611,142,26),(612,142,40),(615,143,18),(616,143,21),(617,143,26),(619,143,37),(622,144,18),(623,144,21),(624,144,26),(625,144,30),(628,145,18),(629,145,21),(630,145,26),(631,145,30),(634,146,18),(635,146,21),(636,146,26),(637,146,40),(641,147,18),(642,147,21),(643,147,25),(644,147,26),(645,147,40),(647,148,14),(649,148,18),(650,148,22),(651,148,25),(652,148,26),(653,148,36),(654,148,39),(655,42,14),(656,45,14),(657,45,53),(658,45,22),(659,45,56),(660,45,29),(661,45,30),(662,156,14),(663,156,49),(664,156,18),(665,156,21),(666,156,59),(667,156,26),(668,156,54),(669,155,49),(670,155,18),(671,155,21),(672,155,56),(673,155,26),(675,157,49),(676,157,18),(677,157,21),(678,157,26),(679,157,54),(680,158,49),(681,158,18),(682,158,21),(683,158,58),(684,158,26),(685,158,54),(686,159,49),(687,159,18),(688,159,21),(689,159,58),(690,159,26),(691,159,54),(692,160,49),(693,160,18),(694,160,21),(695,160,57),(696,160,56),(697,160,26),(698,160,37),(699,161,49),(700,161,18),(701,161,21),(702,161,25),(703,161,27),(704,161,30),(705,162,14),(706,162,46),(707,162,19),(708,162,21),(709,162,59),(710,162,25),(712,162,30),(713,163,46),(714,163,19),(715,163,21),(716,163,25),(717,163,27),(718,163,30),(719,163,36),(720,164,46),(721,164,19),(722,164,21),(723,164,25),(725,164,30),(726,165,49),(727,165,18),(728,165,21),(729,165,54),(730,166,46),(731,166,19),(732,166,59),(733,166,27),(734,166,35),(735,167,41),(736,167,18),(737,167,28),(738,168,41),(739,168,18),(740,168,22),(741,168,59),(742,168,25),(743,168,66),(744,81,49),(745,81,21),(746,81,57),(747,46,14),(748,46,18),(749,46,57),(750,46,56),(751,46,29),(752,46,30),(753,48,14),(754,48,18),(755,48,21),(756,48,58),(757,48,29),(758,48,30),(759,47,14),(760,47,49),(761,47,18),(762,47,21),(763,47,56),(764,47,29),(765,47,30),(766,49,14),(767,49,18),(768,49,21),(769,49,22),(770,49,56),(771,49,29),(772,49,30),(773,49,31),(774,51,14),(775,51,18),(776,51,21),(777,51,29),(778,51,30),(779,52,14),(780,52,18),(781,52,21),(782,52,56),(783,52,29),(784,52,30),(785,169,49),(786,169,18),(787,169,21),(788,169,30),(789,170,14),(790,170,46),(791,170,18),(792,170,23),(793,170,58),(794,170,29),(795,170,66),(796,171,14),(797,171,46),(798,171,18),(799,171,23),(800,171,58),(801,171,27),(802,171,29),(803,171,66),(804,172,14),(805,172,46),(806,172,18),(807,172,27),(808,172,28),(809,172,66),(810,173,14),(811,173,46),(812,173,18),(813,173,23),(814,173,59),(815,173,27),(816,173,66),(817,174,14),(818,174,46),(819,174,18),(820,174,23),(821,174,59),(822,174,26),(823,174,27),(824,174,66),(825,175,14),(826,175,18),(827,175,22),(828,175,59),(829,175,27),(830,175,66),(831,176,14),(832,176,18),(833,176,23),(834,176,58),(835,176,29),(836,176,66),(837,177,14),(838,177,47),(839,177,18),(840,177,22),(841,177,58),(842,177,29),(843,177,66),(844,178,14),(845,178,46),(846,178,18),(847,178,23),(848,178,58),(849,178,29),(850,178,66),(851,179,14),(852,179,18),(853,179,22),(854,179,58),(855,179,26),(856,179,66),(857,180,14),(858,180,18),(859,180,22),(860,180,59),(861,180,26),(862,180,66),(863,181,47),(864,181,49),(865,181,18),(866,181,21),(867,181,57),(868,181,56),(869,181,25),(870,181,66),(871,182,14),(872,182,18),(873,182,21),(874,182,58),(875,182,25),(876,182,66),(877,183,65),(878,121,21),(879,121,25),(880,78,14),(881,78,18),(882,78,22),(883,78,27),(884,78,28),(885,78,37),(886,78,30),(887,77,14),(888,77,18),(889,77,29),(890,77,30),(891,77,37),(893,79,18),(894,79,22),(895,79,25),(896,79,39),(897,79,30),(898,79,14),(899,80,14),(900,80,18),(901,80,25),(902,80,40),(903,84,14),(904,84,18),(905,84,21),(906,84,25),(907,84,40),(908,85,14),(909,85,18),(910,85,21),(912,85,25),(913,85,40),(914,85,26),(915,88,14),(916,88,21),(917,88,40),(918,50,14),(919,50,18),(920,50,22),(921,50,59),(922,50,29),(923,50,30),(924,50,31),(925,44,14),(927,44,21),(928,44,56),(929,44,29),(930,44,30),(931,44,53),(932,92,14),(933,89,14),(934,89,18),(935,89,40),(936,90,40),(937,94,38),(938,189,41),(940,189,14),(941,54,14),(942,54,18),(943,54,22),(944,54,56),(945,54,25),(946,54,38),(947,62,53),(948,107,14),(949,107,19),(950,107,25),(951,107,66),(952,108,19),(953,108,25),(954,108,27),(955,109,14),(956,109,25),(957,111,46),(958,111,20),(959,111,22),(960,111,25),(961,111,27),(962,111,32),(963,114,46),(964,114,22),(965,112,46),(966,112,22),(967,115,46),(968,116,46),(969,117,46),(970,117,27),(971,119,14),(972,120,27),(973,122,46),(974,122,22),(975,129,22),(976,129,32),(977,130,22),(978,130,32),(979,131,19),(980,132,14),(981,132,32),(982,133,14),(983,133,32),(984,134,14),(985,134,32),(986,135,32),(987,136,32),(988,137,22),(989,138,14),(990,138,22),(991,138,32),(992,94,27),(993,94,28),(994,96,14),(995,96,33),(996,97,33),(997,99,14),(998,99,53),(999,99,21),(1000,99,27),(1001,99,28),(1002,99,40),(1003,104,47),(1004,104,53),(1005,104,21),(1006,104,27),(1007,104,40),(1008,103,46),(1009,103,40),(1010,105,27),(1011,105,29),(1012,108,28),(1013,111,26),(1014,140,22),(1015,141,22),(1016,143,40),(1017,144,49),(1018,145,49),(1019,146,49),(1020,147,49),(1021,149,49),(1022,149,18),(1023,149,21),(1024,149,29),(1025,149,40),(1026,150,49),(1027,150,18),(1028,150,21),(1029,150,29),(1030,150,40),(1031,151,49),(1032,151,18),(1033,151,21),(1034,151,29),(1035,151,40),(1036,152,47),(1037,152,49),(1038,152,18),(1039,152,21),(1040,152,29),(1041,152,40),(1042,153,47),(1043,153,49),(1044,153,18),(1045,153,21),(1046,153,29),(1047,153,40),(1048,154,47),(1049,154,49),(1050,154,18),(1051,154,21),(1052,154,29),(1053,154,40),(1054,155,40),(1055,164,49),(1056,166,22),(1063,183,41),(1064,183,14),(1065,183,47),(1066,183,46),(1070,135,59),(1071,135,24),(1072,141,57),(1073,141,25),(1074,142,49),(1075,142,57),(1076,142,56),(1077,143,49),(1078,143,59),(1079,194,14),(1080,194,18),(1081,194,22),(1082,194,58),(1083,194,27),(1084,194,28),(1085,194,29),(1086,194,66),(1087,195,14),(1088,195,18),(1089,195,22),(1090,195,57),(1091,195,29),(1092,195,66),(1093,196,49),(1094,196,19),(1095,196,21),(1096,196,59),(1097,196,58),(1098,196,26),(1099,196,30),(1100,196,37),(1101,197,49),(1102,197,18),(1103,197,21),(1104,197,59),(1105,197,58),(1106,197,25),(1107,197,26),(1108,197,30),(1109,198,14),(1110,198,18),(1111,198,22),(1112,198,58),(1113,198,26),(1114,198,66),(1115,198,30),(1116,199,14),(1117,199,20),(1118,199,22),(1119,199,59),(1120,199,57),(1121,199,26),(1122,199,66),(1123,200,14),(1124,200,18),(1125,200,22),(1126,200,59),(1127,200,25),(1128,200,26),(1129,200,66),(1130,201,49),(1131,201,18),(1132,201,21),(1133,201,56),(1134,201,29),(1135,201,30),(1136,202,14),(1137,202,18),(1138,202,22),(1139,202,59),(1140,202,56),(1141,202,25),(1142,202,26),(1143,202,66),(1144,203,14),(1145,203,46),(1146,203,20),(1147,203,22),(1148,203,59),(1149,203,58),(1150,203,29),(1151,203,66),(1152,205,14),(1153,205,46),(1154,205,18),(1155,205,22),(1156,205,27),(1157,205,28),(1158,205,66),(1159,206,14),(1160,206,46),(1161,206,18),(1162,206,22),(1163,206,56),(1164,206,28),(1165,206,29),(1166,206,66),(1167,207,14),(1168,207,46),(1169,207,20),(1170,207,59),(1171,207,58),(1172,207,25),(1173,207,66),(1174,209,41),(1175,209,14),(1176,209,20),(1177,209,22),(1178,209,58),(1179,209,25),(1180,209,66),(1181,210,41),(1182,210,14),(1183,210,20),(1184,210,22),(1185,210,59),(1186,210,58),(1187,210,25),(1188,210,26),(1189,210,66),(1190,211,41),(1191,211,14),(1192,211,20),(1193,211,23),(1194,211,31),(1195,211,37),(1196,212,41),(1197,212,14),(1198,212,20),(1199,212,59),(1200,212,25),(1201,212,26),(1202,212,66),(1203,212,30),(1204,213,41),(1205,213,14),(1206,213,46),(1207,213,20),(1208,213,23),(1209,213,59),(1210,213,58),(1211,213,29),(1212,213,66),(1213,213,30),(1216,214,25),(1218,214,41),(1219,214,20),(1220,214,22),(1221,214,23),(1222,214,58),(1223,214,56),(1224,214,26),(1225,214,38),(1226,215,41),(1227,215,20),(1228,215,22),(1229,215,23),(1230,215,56),(1231,215,26),(1232,215,38),(1233,216,41),(1234,216,20),(1235,216,22),(1236,216,23),(1237,216,56),(1238,216,26),(1239,216,38),(1240,217,41),(1241,217,14),(1242,217,20),(1243,217,22),(1244,217,59),(1245,217,58),(1246,217,25),(1247,217,66),(1248,218,41),(1249,218,14),(1250,218,20),(1251,218,23),(1252,218,59),(1253,218,25),(1254,218,26),(1255,218,66),(1256,219,41),(1257,219,14),(1258,219,20),(1259,219,23),(1260,219,59),(1261,219,58),(1262,219,29),(1263,219,66),(1264,220,41),(1265,220,14),(1266,220,20),(1267,220,23),(1268,220,59),(1269,220,58),(1270,220,25),(1271,220,26),(1272,220,66),(1273,221,41),(1274,221,14),(1275,221,20),(1276,221,23),(1277,221,58),(1278,221,25),(1279,221,66);
/*!40000 ALTER TABLE `exercises_tags` ENABLE KEYS */;
UNLOCK TABLES;

--
-- Table structure for table `meta`
--

DROP TABLE IF EXISTS `meta`;
/*!40101 SET @saved_cs_client     = @@character_set_client */;
/*!40101 SET character_set_client = utf8 */;
CREATE TABLE `meta` (
  `id` int(11) NOT NULL AUTO_INCREMENT,
  `key` varchar(255) NOT NULL,
  `method` varchar(32) DEFAULT NULL,
  `title` varchar(255) DEFAULT NULL,
  `description` varchar(255) DEFAULT NULL,
  `keywords` varchar(255) DEFAULT NULL,
  `hash` varchar(32) NOT NULL,
  `deleted` tinyint(1) DEFAULT '0',
  PRIMARY KEY (`id`),
  UNIQUE KEY `pk_key` (`key`),
  KEY `pk_method` (`method`)
) ENGINE=InnoDB AUTO_INCREMENT=7 DEFAULT CHARSET=utf8;
/*!40101 SET character_set_client = @saved_cs_client */;

--
-- Dumping data for table `meta`
--

LOCK TABLES `meta` WRITE;
/*!40000 ALTER TABLE `meta` DISABLE KEYS */;
INSERT INTO `meta` VALUES (1,'site/index/',NULL,'Главная','Описание главной страницы...','главная','4c76c6a8512dd2f8941e431e7ea8eb8a',0),(2,'site/feedback/','','Обратная связь','Описание страницы...','обратная связь','a0d78d8cbf011a82e410e6948547b2d2',0),(6,'user/login/','','Авторизация','Описание страницы....','','e4da3b7fbbce2345d7772b0674a318d5',0);
/*!40000 ALTER TABLE `meta` ENABLE KEYS */;
UNLOCK TABLES;

--
-- Table structure for table `programs`
--

DROP TABLE IF EXISTS `programs`;
/*!40101 SET @saved_cs_client     = @@character_set_client */;
/*!40101 SET character_set_client = utf8 */;
CREATE TABLE `programs` (
  `id` int(11) NOT NULL AUTO_INCREMENT,
  `name` varchar(255) NOT NULL,
  `mail` varchar(255) DEFAULT NULL,
  `image` varchar(255) DEFAULT NULL,
  `description` text,
  `user_id` int(11) NOT NULL,
  `order` int(11) DEFAULT '0',
  `created` timestamp NOT NULL DEFAULT '0000-00-00 00:00:00',
  `edited` timestamp NOT NULL DEFAULT CURRENT_TIMESTAMP,
  `hash` varchar(32) NOT NULL,
  `deleted` tinyint(1) DEFAULT '0',
  `params` text,
  `note` text,
  `category` varchar(255) DEFAULT NULL,
  PRIMARY KEY (`id`),
  KEY `fk_program_user` (`user_id`),
  KEY `pk_program_hash` (`hash`),
  CONSTRAINT `fk_program_user` FOREIGN KEY (`user_id`) REFERENCES `users` (`id`) ON DELETE CASCADE
) ENGINE=InnoDB AUTO_INCREMENT=132 DEFAULT CHARSET=utf8;
/*!40101 SET character_set_client = @saved_cs_client */;

--
-- Dumping data for table `programs`
--

LOCK TABLES `programs` WRITE;
/*!40000 ALTER TABLE `programs` DISABLE KEYS */;
INSERT INTO `programs` VALUES (35,'отведение, имитация, разгибание',NULL,'506c9d67a18426c27df66443d728f39b.png','<p>Следим за дыханием! В исходном положении- вдох. В момент наивысшего напряжения - выдох.</p>',1,2,'2016-02-10 17:41:56','2016-05-27 19:56:04','a130544d38f3bc90b4a073fe30710ffd',0,NULL,NULL,'Фитнес'),(36,'ноги 2',NULL,'7e21af6b9864895c86add13499096f01.png','<p>текстовый редактор, режет все атрибуты, разрешено только теги</p>',1,3,'2016-02-10 17:54:57','2016-06-24 12:56:33','c92d625b6aa7db02f4aa0650e3736d39',0,NULL,NULL,'Реабилитация'),(39,'Третья программа',NULL,'0de83c762b5f42d8cee0fa2ba6fef106.png','',1,4,'2016-02-10 18:52:12','2016-02-12 11:14:53','a2abd7dde2a648c76dd82d5eccf772f8',1,NULL,NULL,NULL),(40,'Порядок в списке 0 (Фитнес)',NULL,'6f419432d6eaf758ba0a431c4fa22830.png','ло',1,1,'2016-02-11 09:05:36','2016-09-12 06:05:19','6328b35cff6b212ce533e4be39b23830',0,NULL,NULL,'Фитнес'),(43,'коксатроз','k3456275@yandex.ru',NULL,'лечение коксартроза ',10,1,'2016-02-11 12:38:42','2016-02-12 11:14:53','21050a7555a3a3499e073d3d5f35230d',1,NULL,NULL,NULL),(44,'коксартроз','k3456275@yandex.ru',NULL,'sfghsthaefkgjaflihIF',10,1,'2016-02-11 12:39:42','2016-02-12 11:14:53','f2c1d2c81d73dcc6b9afe0493e2666d1',1,NULL,NULL,NULL),(45,'456','',NULL,'',10,1,'2016-02-11 12:42:17','2016-02-12 11:14:53','1d012c785e652bcab7b07dbf865acd94',1,NULL,NULL,NULL),(46,'123','',NULL,'',10,1,'2016-02-11 12:45:33','2016-02-12 11:14:53','a38ae509f3a7c65071240cb22ff74cb1',1,NULL,NULL,NULL),(47,'3455','',NULL,'',10,1,'2016-02-11 13:37:36','2016-02-11 14:23:07','f2a4d5fef1ce617b3a03b9bd28f3ae03',1,NULL,NULL,NULL),(48,'Комплекс упражнений ','',NULL,'ТБСМ упражнения для нижней параплегии ',10,1,'2016-02-11 13:55:58','2016-02-12 11:14:53','a555b5166d864dae9c722fd12d7abd84',0,NULL,NULL,NULL),(49,'Афаткина','',NULL,'',10,2,'2016-02-11 14:24:55','2016-04-14 16:06:21','e7989f5db925eb10c0eb4af8082a53f9',0,'{\"access\":[\"1\"]}',NULL,NULL),(52,'Иванов','',NULL,'Иван Петрович ',10,3,'2016-02-12 07:17:41','2016-02-12 07:19:41','64002e6570eb792d31623eda79cf6059',1,NULL,NULL,NULL),(53,'Петров','',NULL,'Аркадий ',10,3,'2016-02-12 07:18:44','2016-02-12 07:22:12','0e9b2d98fcc0da94a56d9babed630dfe',0,NULL,NULL,NULL),(54,'Васильев','k3456275@yandex.ru',NULL,'k3456275@yandex.ru',10,4,'2016-02-12 07:23:43','2016-02-12 13:48:57','7275504a1f31ac439f2c9fb8b7f88e71',0,NULL,NULL,NULL),(56,'Любоишиалгия','k3456275@yandex.ru',NULL,'стадия обострения ',10,6,'2016-02-12 13:59:27','2016-02-12 14:01:31','15e342c768a4a45dc79216b4f41b1f95',1,NULL,NULL,NULL),(57,'Параплегия ','',NULL,'Спастический тип',10,10,'2016-02-12 14:30:24','2016-02-12 14:30:25','6b14efd6a0454a74bbf0ae5b9410a0a2',1,NULL,NULL,NULL),(58,'Параплегия ','',NULL,'Спастический тип',10,11,'2016-02-12 14:30:26','2016-02-12 14:30:26','05529a55944b32d0df83911d3da0aebb',1,NULL,NULL,NULL),(59,'ТБСМ тетраплегия','k3456275@yandex.ru',NULL,'k3456275@yandex.ru',10,5,'2016-02-12 14:34:50','2016-06-18 11:13:23','7772c4b260fc2c945bd5ef459bceea36',1,'{\"tab\":\"8\",\"access\":[\"1\",\"1\"]}','','Тетраплегия'),(60,'Ситдиков','k3456275@yandex.ru',NULL,'k3456275@yandex.ru',10,5,'2016-02-12 14:37:29','2016-02-21 07:09:15','c6a65b13f674587762401d18f9f659d0',0,NULL,NULL,NULL),(61,'Коксартроз ','',NULL,'',10,6,'2016-02-12 14:42:20','2016-02-12 14:42:20','9318c3be81f2fa8725fabaed30b7d685',0,NULL,NULL,NULL),(62,'Шейный остеохондроз','',NULL,'Укрепление мышц  шеи на нестабильных опорах ',10,7,'2016-02-12 14:46:12','2016-02-12 14:50:31','5039496eaa92b2699acff4c96507a965',0,NULL,NULL,NULL),(63,'Зайцев ','',NULL,'ОНМК ',10,11,'2016-02-12 14:49:47','2016-02-12 14:49:47','2525d7e4bce52f46c6c21aed4c67417e',1,NULL,NULL,NULL),(64,'Rk','',NULL,'',10,10,'2016-02-12 15:27:27','2016-02-12 15:27:27','f557cc0c1e7334993b0baa45e8ee7643',1,NULL,NULL,NULL),(65,'Тренировка ходьбы','79198889134@yandex.ru',NULL,'Презентация',20,1,'2016-02-15 20:01:45','2016-09-12 06:51:32','5d5d3ec06514b9087919be3ef0a13db1',0,'{\"tab\":\"9\",\"access\":[\"1\",\"0\",\"1\"]}','Заметки, например диагноз<br>','Мой раздел'),(66,' c5-c7','krym-o@mail.ru',NULL,'',21,1,'2016-02-18 17:42:02','2016-02-18 17:42:03','7afa8430c9544f1c0dcfca9a457cce90',0,NULL,NULL,NULL),(67,'12',NULL,NULL,'',1,5,'2016-02-25 06:14:25','2016-02-25 06:14:25','14b1fd336b5e7f7043e33b580cfe9ab4',1,NULL,NULL,NULL),(68,'Новая программа','79198889134@ya.ru',NULL,'79198889134@ya.ru',20,2,'2016-03-01 04:58:21','2016-09-12 06:18:58','863aed13bbbe79f67584c9832b82fc37',0,'{\"tab\":\"\",\"access\":[\"1\",\"1\",\"0\",\"0\"]}','1010101010<br>','Пробел'),(69,'Иванов','',NULL,'',20,3,'2016-03-01 10:23:57','2016-08-30 07:08:26','4b7aaa960248463c8637660ae762af66',0,'{\"tab\":\"8\",\"access\":[\"1\"]}','сс','Реабилитация'),(70,'программа 1','',NULL,'',29,1,'2016-03-02 15:28:54','2016-03-02 15:28:54','6b6483ab7ea132e5b951d6b623106a77',0,NULL,NULL,NULL),(71,'test','',NULL,'',27,1,'2016-03-02 15:32:28','2016-04-27 21:17:34','f8c5bc232793f08540d80fc0ecc9c268',0,'{\"tab\":\"9\",\"access\":[\"1\",\"0\",\"1\"]}','kjhkjhjkhjkhkjhkj',NULL),(72,'Индольцев','k3456275@yandex.ru',NULL,'комплекс упражнений в положении лежа ',10,8,'2016-03-05 05:55:34','2016-03-05 05:55:34','1b6b9a168a4efabc9377fc6cf2b30bc6',0,NULL,NULL,NULL),(73,'234','',NULL,'',10,9,'2016-03-07 14:01:47','2016-03-07 14:01:47','8b22919ba364dc27d54015ec233a6e96',0,NULL,NULL,NULL),(74,'Ситдиков','k3456275@gmail.ru',NULL,'евозможно радоваться жизни, если при поворотах или наклонах у вас болит шея или спина. Ежедневные нагрузки на позвоночник внушительны и при несоблюдении правил пользования этой сложной структурой, он не всегда выдерживает. Самая главная опора нашего тела, от которой во многом зависит состояние всего нашего организма, в современных условиях жизни оказывается наиболее уязвима.\n\nКак избавиться от боли в спине? На этот вопрос пытаются ответить многие и лишь единицы знают, что сначала нужно понять причину и механизмы, которые сформировали индивидуальное патологическое состояние. \n\nКогда мы сидим, давление на межпозвонковые диски усиливается до 140кг на 1см2, по сравнению с вертикальным положением тела. Например представьте, что груз весом 140кг кто-то положил на ваш палец. Поэтому важно уделять внимание подвижному образу жизни и меньше находиться в статических позах.\n\nДля начала полезно знать как устроен и как функционирует позвоночный столб. Он состоит из более чем 30-ти позвонков и около 23 межпозвонковых дисков.\nВнутри позвоночника находится спинной мозг и нервные окончания - это часть нервной системы которая передает информацию о различных ощущениях и состояниях органов и тканей (чувствительные волокна), а также управляет работой мышц и функционированием внутренних органов (двигательные волокна).\nПозвонки расположены друг над другом таким образом, что отверстия в каждом из них образуют канал,  выполняющий защитную функцию спинного мозга.\nМежпозвонковые диски играют роль амортизаторов, поглощая нагрузки на позвоночник. Когда мы двигаемся правильно, давление в межпозвонковом диске уравновешивается по всему объему и происходит попеременная смена фаз сжатия-растяжения тканей меж',10,11,'2016-03-27 13:39:27','2016-03-27 14:59:09','69890a4ef50c6fa0d17c86eb52bc07b0',1,'{\"access\":[\"1\"]}',NULL,NULL),(75,'Ситдиков','k3456275@yandex.ru',NULL,'',10,10,'2016-03-27 13:40:18','2016-06-03 16:27:06','0c701ca3c620080152740a791b56f25b',1,'{\"tab\":\"\",\"access\":[\"1\"]}',NULL,'Сидоров'),(76,'Ситдиков','k3456275@yandex.ru',NULL,'',10,12,'2016-03-27 13:43:04','2016-05-30 21:00:10','4131bd468909c857bc56c1027c04a157',1,'{\"tab\":\"\",\"access\":[\"1\"]}','валоифцудклиадлуци','ОНМК'),(77,'Ситдиков Петр Алексеевич','k3456275@yandex.ru',NULL,'k3456275@yandex.ru',10,10,'2016-03-27 13:53:01','2016-03-27 15:08:13','a4d394c4b36ecaf7541060067d28ab6e',0,'{\"access\":[\"0\",\"0\",\"1\",\"1\"]}',NULL,NULL),(78,'123','',NULL,'',10,11,'2016-05-12 09:08:26','2016-05-12 09:08:26','dfed88c7514f08a8f5034b8f515501d1',0,'{\"tab\":\"8\",\"access\":[\"1\",\"1\",\"1\"]}',NULL,NULL),(79,'121','',NULL,'',20,4,'2016-06-08 10:53:50','2016-06-27 18:34:28','3c9ec9916ec4af403a65804d6967d1fa',1,'{\"tab\":\"save-as\",\"access\":[\"1\",\"1\",\"0\",\"1\",\"1\"]}','<br>','Реабилитация'),(80,'1','',NULL,'',20,5,'2016-06-23 04:56:57','2016-06-23 07:03:55','90f8537cf5e8f4e030a78c85244f4563',1,'{\"tab\":\"8\",\"access\":[\"1\"]}','','Реабилитация'),(81,'00','',NULL,'',20,5,'2016-06-23 06:21:43','2016-06-23 06:21:43','ee8b98e446f3ebf843f6222d0f68c77f',1,'null',NULL,'Реабилитация'),(82,'00000000','',NULL,'',20,7,'2016-06-23 06:22:08','2016-06-23 06:22:08','df70e3a16029a6075d5dabc0b52c9352',1,'null',NULL,'Мой раздел'),(83,'1010','',NULL,'',20,8,'2016-06-23 06:39:15','2016-06-23 06:39:40','e37f486ada255f1731279df0cd457379',1,'{\"tab\":\"8\",\"access\":[\"1\"]}','','Реабилитация'),(84,'1','',NULL,'',20,8,'2016-06-23 06:50:19','2016-06-23 07:04:08','ea67880f3437adbff27052442d67347f',1,'{\"tab\":\"8\",\"access\":[\"1\"]}','','Реабилитация'),(85,'1','',NULL,'',20,10,'2016-06-23 07:03:34','2016-06-23 07:04:49','e6f767bf91e5fa65a2a138e9a7c2bf56',1,'{\"tab\":\"9\",\"access\":[\"1\",\"1\"]}','','Реабилитация'),(86,'название','79198889134@yandex.by',NULL,'описание',20,11,'2016-06-23 07:06:28','2016-06-23 07:06:28','dce49349631ff7163ddb2e0868df95b6',1,'{\"tab\":\"detal\",\"access\":[\"1\",\"1\"]}',NULL,'Мой раздел'),(87,'yfpdfybt','79198889134@ya.ru',NULL,'10101',20,12,'2016-06-23 07:35:51','2016-06-23 07:35:51','41ce1fadc2502a70a55a0b4cc3376cb6',1,'{\"tab\":\"9\",\"access\":[\"1\",\"1\"]}',NULL,'Реабилитация'),(88,'10','',NULL,'',20,11,'2016-06-23 07:52:04','2016-06-23 07:52:11','e6aa456f8d383e700f82aec2fe773bcf',1,'{\"tab\":\"8\",\"access\":[\"1\"]}','','Мой раздел'),(89,'10','',NULL,'',20,14,'2016-06-23 07:52:41','2016-06-23 07:52:49','2258122ae8044fe5230e9c7bf7031646',1,'{\"tab\":\"detal\",\"access\":[\"0\"]}','','Реабилитация'),(90,'Упр лежа','',NULL,'',10,13,'2016-06-24 17:59:39','2016-06-24 17:59:39','4e7aa85e82c37b06c672058f0fbb7bde',1,'{\"tab\":\"9\",\"access\":[\"1\"]}',NULL,'Коксартроз'),(91,'Гоноартроз','',NULL,'',10,16,'2016-06-24 18:04:41','2016-06-24 18:04:41','a5e649ce88702c6e5bd34661964b3600',1,'{\"tab\":\"8\",\"access\":[\"1\"]}',NULL,'Реабилитация'),(92,'12','',NULL,'',20,4,'2016-06-25 09:54:18','2016-06-25 09:54:18','e6578f496e7f72bf895338d2b6cca060',1,'null',NULL,'Мой раздел'),(93,'лваощ','',NULL,'',10,14,'2016-06-27 18:30:50','2016-06-27 18:30:50','14a10e057f585295dde4df9413acfebe',1,'{\"tab\":\"8\",\"access\":[\"1\"]}',NULL,'Реабилитация'),(94,'ТБСМ шейный отдел','k3456275@yandex.ru',NULL,'',10,12,'2016-06-27 18:33:06','2016-08-29 19:48:16','d7791cb35be7198107f65bc5ea353b1f',0,'{\"tab\":\"detal\",\"access\":[\"1\",\"1\",\"1\",\"1\",\"1\"]}','','ТБСМ'),(95,'121','',NULL,'',20,4,'2016-06-27 18:35:22','2016-06-27 18:35:22','fb0db83e9c081afbb58e869b72cac7c3',1,'{\"tab\":\"save-as\",\"access\":[\"1\",\"1\",\"0\",\"1\",\"1\"]}','<br>','Реабилитация'),(96,'ТБСМ грудной отдел','k3456275@yandex.ru',NULL,'',10,13,'2016-06-27 18:38:37','2016-08-29 19:49:01','7c5fec67ace793e6f86d4fac98129c60',0,'{\"tab\":\"detal\",\"access\":[\"1\",\"1\"]}','','ТБСМ'),(97,'121','',NULL,'',20,6,'2016-06-27 18:38:40','2016-06-27 18:39:29','2133db9b9c39e7031991a396975f05c4',1,'{\"tab\":\"open\",\"access\":[\"1\",\"1\",\"0\",\"1\",\"1\"]}','<br>','Реабилитация'),(98,'123','321',NULL,'123',20,5,'2016-06-27 18:49:20','2016-06-27 18:49:20','2de16dc74f8719f84237c859194f5811',1,'{\"tab\":\"save-as\",\"access\":[\"1\",\"1\",\"0\",\"1\",\"1\"]}','<br>','Мой раздел'),(99,'hy','',NULL,'',20,6,'2016-06-27 18:49:42','2016-06-27 18:52:58','cacab2288b15777956e06713ac5b956d',1,'{\"tab\":\"8\",\"access\":[\"1\",\"1\",\"0\",\"1\",\"1\"]}','<br>','Мой раздел'),(100,'123hhhhhhhhhhhhhh','',NULL,'',20,7,'2016-06-27 18:50:35','2016-06-27 19:56:58','ffa93be65bd144e0aafb0ac07597e8d2',1,'{\"tab\":\"\"}','','Реабилитация'),(101,'п','',NULL,'',20,8,'2016-06-27 19:47:52','2016-06-27 19:47:52','1c68e9f32febce9c3aaec3756d73dabd',1,'{\"tab\":\"8\"}',NULL,'Реабилитация'),(102,'Кок','',NULL,'',10,14,'2016-06-27 19:48:58','2016-06-27 19:48:58','e803cfe6bf061959e39c25d45ca9a0f2',1,'{\"tab\":\"8\",\"access\":[\"1\"]}',NULL,'Артроз'),(103,'5',NULL,'93672c6a4622ce0e9176c4fd716fefc8.jpg','г',1,5,'2016-07-17 19:00:02','2016-07-17 19:01:08','70762b6b5070215573ad59fcdc0fcd8c',1,NULL,NULL,'Фитнес'),(104,'Кумскова Наталья','esk-kumskova@mail.ru',NULL,'',10,14,'2016-08-29 09:08:06','2016-08-29 09:18:22','46d66fcd0dcc4fa275464258abd96229',0,'{\"tab\":\"9\",\"access\":[\"1\"]}','','Реабилитация'),(105,'Strenght','',NULL,'',10,15,'2016-08-29 09:23:47','2016-08-29 10:46:40','5a70a2e0eb63c80c41b82bff703f0d63',0,'{\"tab\":\"8\"}','','Фитнес'),(106,'Warm up','',NULL,'',10,16,'2016-08-29 09:46:42','2016-08-29 09:46:42','befc6db0fc092b7e9d6553ed4877c1c9',0,'{\"tab\":\"8\",\"access\":[\"1\"]}',NULL,'Фитнес'),(107,'Strenght 1','',NULL,'',10,17,'2016-08-29 09:50:59','2016-08-29 10:47:40','1135312e9124f58de6243ffc405b1a24',0,'{\"tab\":\"9\",\"access\":[\"1\",\"1\"]}','','Фитнес'),(108,'Крепкий торс','k3456275@yandex.ru',NULL,'Нестабильные опоры',10,18,'2016-08-29 10:07:41','2016-08-29 19:41:46','d32da70a90560c05f0c7f2256199dec6',0,'{\"tab\":\"12\",\"access\":[\"1\",\"1\"]}','','Фитнес'),(109,'Петров','',NULL,'',20,4,'2016-08-29 19:23:55','2016-08-29 19:23:55','c62128091057d7a4a240740a1bb91789',1,'{\"tab\":\"save-as\",\"access\":[\"1\",\"1\"]}','сс','Реабилитация'),(110,'Улюкаев','',NULL,'',10,19,'2016-08-29 19:33:04','2016-08-29 19:33:04','392516f46a788939e90295205a5cfcd4',0,'{\"tab\":\"8\",\"access\":[\"1\"]}',NULL,'Пациенты'),(111,'Путин','',NULL,'',10,20,'2016-08-29 19:39:09','2016-08-31 06:25:01','8fc016116f3aa5eece7ff73fb6058936',0,'{\"tab\":\"8\",\"access\":[\"1\"]}','','Пациенты'),(112,'Ельцин','',NULL,'',10,21,'2016-08-29 19:40:54','2016-08-29 19:40:54','6a9c67b8024f4957dac9e09b104b8cd6',0,'{\"tab\":\"save-as\",\"access\":[\"1\"]}','','Реабилитация'),(113,'Медведев','',NULL,'',10,22,'2016-08-29 19:42:07','2016-08-29 19:42:07','01f99d15a44f796c18c0ba8c511b73db',0,'{\"tab\":\"save-as\",\"access\":[\"1\",\"1\",\"1\",\"1\"]}','','Фитнес'),(114,'Потанин','',NULL,'',10,23,'2016-08-29 19:45:44','2016-08-30 11:34:39','f50e41efd90ad0168b488c0192e87791',0,'{\"tab\":\"10\",\"access\":[\"1\",\"1\"]}','','Реабилитация'),(115,'888','',NULL,'',20,5,'2016-08-29 21:06:29','2016-08-29 21:13:38','e7f064648b91e7835293edef28f9d431',1,'{\"tab\":\"9\",\"access\":[\"1\",\"1\"]}','','Реабилитация'),(116,'77','',NULL,'',20,6,'2016-08-29 21:11:24','2016-08-29 21:11:24','9a7fb71ad53c2d5c209d3dc36dc70562',1,'{\"tab\":\"8\",\"access\":[\"1\"]}',NULL,'Реабилитация'),(117,'gdfg','',NULL,'',20,5,'2016-08-30 07:12:11','2016-08-30 07:12:11','0114a06286efdd1a0fb58abbde643c2e',1,'{\"tab\":\"detal\",\"access\":[\"1\"]}',NULL,'Реабилитация'),(118,'3213','',NULL,'',20,5,'2016-08-30 07:56:25','2016-08-30 07:57:54','1cb1a6a9261b53fe11f29f7e9a649311',1,'{\"tab\":\"8\"}','','Реабилитация'),(119,'gfh','',NULL,'',20,7,'2016-08-30 07:58:21','2016-08-30 07:58:21','bf61fcd8d8e51c5877e55b6f5dade791',1,'{\"tab\":\"8\",\"access\":[\"1\"]}',NULL,'Реабилитация'),(120,'Шибанов','',NULL,'ТБСМ шейного отдела позвоночника',10,24,'2016-08-30 11:41:23','2016-08-30 11:44:00','c9da4e6a23cfdaca4f0bd142083bddd0',0,'{\"tab\":\"8\",\"access\":[\"1\"]}','','Реабилитация'),(121,'Солуковцева','',NULL,'ЧМТ теменная, поликистоз',10,25,'2016-08-30 12:00:06','2016-08-31 06:37:32','c40e83117a87a8e709c2a76a934acf97',0,'{\"tab\":\"9\",\"access\":[\"1\",\"1\"]}','','Пациенты'),(122,'Лоскутов','',NULL,'Гиена-Баре',10,26,'2016-08-30 17:34:05','2016-08-30 17:34:05','6707094165cdc3ca979fc3b3c0868b1e',0,'{\"tab\":\"8\",\"access\":[\"1\"]}',NULL,'Пациенты'),(123,'Дрогунов','',NULL,'',10,27,'2016-08-30 18:07:37','2016-08-30 18:07:37','ff12f8cdde1198d23519cf98dd029c2d',0,'{\"tab\":\"8\",\"access\":[\"1\"]}',NULL,'Пациенты'),(124,'12','',NULL,'',10,28,'2016-08-31 03:49:15','2016-08-31 03:49:15','03ed470ab5d66567d6b8e5496d8517c1',1,'{\"tab\":\"8\",\"access\":[\"1\"]}',NULL,'ТБСМ'),(125,'ЛФК при травмах позвоночника','',NULL,'',10,28,'2016-08-31 05:52:57','2016-08-31 05:53:24','9add427121cf93b093441cbcf2f37fa2',0,'{\"tab\":\"8\",\"access\":[\"1\",\"1\",\"1\",\"1\"]}','','Реабилитация'),(126,'Перелом предплечья','',NULL,'',10,29,'2016-08-31 06:09:00','2016-09-06 12:17:21','085eb1d4f0d918070c55fe079aca26c6',0,'{\"tab\":\"8\",\"access\":[\"1\"]}','','Реабилитация'),(127,'Новая программа','79198889134@yandex.ru',NULL,'Название программы может относится как к конкретному заблования так и к конкретному пациету',20,4,'2016-09-04 16:35:16','2016-09-04 16:38:34','4587d56679fd875058bd7f767e6f5d2d',0,'{\"tab\":\"note\",\"access\":[\"1\",\"1\",\"0\",\"0\"]}','эпикриз, любая информация для данной программы','Реабилитация'),(128,'Название программы','79198889134@yandex.ru',NULL,'',20,5,'2016-09-04 16:45:31','2016-09-04 16:50:14','937ced7bc609b8cec3e18577bdf8af0c',1,'{\"tab\":\"9\",\"access\":[\"1\",\"1\",\"1\"]}','заметки, комментарии','Реабилитация'),(129,'Примерный комплекс упражнений','',NULL,'',34,1,'2016-09-07 19:49:10','2016-09-07 19:49:25','fa2daa6e2672f7d1f540134c3d8ab6ef',0,'{\"tab\":\"8\",\"access\":[\"1\"]}','','Реабилитация'),(130,'примерный комплекс Фитнес','',NULL,'',34,2,'2016-09-07 19:54:38','2016-09-07 19:54:38','0af9fab4fa297a107cf79c5fbf6e143f',0,'{\"tab\":\"8\",\"access\":[\"1\"]}',NULL,'Фитнес'),(131,'Рубахин Алексей','',NULL,'ЧМТ левая височная',10,30,'2016-09-14 14:59:44','2016-09-14 17:26:38','88f0f825862594d3ebefb186a57ec778',0,'{\"tab\":\"8\",\"access\":[\"1\"]}','','Реабилитация');
/*!40000 ALTER TABLE `programs` ENABLE KEYS */;
UNLOCK TABLES;

--
-- Table structure for table `programs_exercises`
--

DROP TABLE IF EXISTS `programs_exercises`;
/*!40101 SET @saved_cs_client     = @@character_set_client */;
/*!40101 SET character_set_client = utf8 */;
CREATE TABLE `programs_exercises` (
  `id` int(11) NOT NULL AUTO_INCREMENT,
  `program_id` int(11) NOT NULL,
  `tab_id` int(11) NOT NULL,
  `exercise_id` int(11) NOT NULL,
  `quantity` int(11) DEFAULT '0',
  `approaches` int(11) DEFAULT '0',
  `weight` float DEFAULT NULL,
  `comment` text,
  `order` int(11) DEFAULT '0',
  PRIMARY KEY (`id`),
  KEY `fk_program_exercises` (`exercise_id`),
  KEY `fk_program_tabs` (`tab_id`),
  KEY `fk_tab_exercise_program` (`program_id`),
  CONSTRAINT `fk_program_exercises` FOREIGN KEY (`exercise_id`) REFERENCES `exercises` (`id`) ON DELETE CASCADE,
  CONSTRAINT `fk_program_tabs` FOREIGN KEY (`tab_id`) REFERENCES `programs_tabs` (`id`) ON DELETE CASCADE,
  CONSTRAINT `fk_tab_exercise_program` FOREIGN KEY (`program_id`) REFERENCES `programs` (`id`) ON DELETE CASCADE
) ENGINE=InnoDB AUTO_INCREMENT=905 DEFAULT CHARSET=utf8;
/*!40101 SET character_set_client = @saved_cs_client */;

--
-- Dumping data for table `programs_exercises`
--

LOCK TABLES `programs_exercises` WRITE;
/*!40000 ALTER TABLE `programs_exercises` DISABLE KEYS */;
INSERT INTO `programs_exercises` VALUES (83,35,39,44,0,0,0,'',1),(84,35,39,42,0,0,0,'',2),(85,35,39,43,0,0,0,'',3),(86,36,40,45,0,0,0,'',1),(104,39,46,42,0,0,NULL,NULL,1),(110,46,54,42,0,0,NULL,NULL,1),(111,46,54,43,0,0,NULL,NULL,2),(112,46,54,44,0,0,NULL,NULL,3),(119,47,56,43,0,0,NULL,NULL,6),(120,47,56,43,0,0,NULL,NULL,6),(121,47,56,43,0,0,NULL,NULL,6),(122,47,56,43,0,0,NULL,NULL,6),(123,47,56,43,0,0,NULL,NULL,6),(124,47,56,43,0,0,NULL,NULL,6),(131,47,58,48,0,0,NULL,NULL,5),(132,47,58,48,0,0,NULL,NULL,5),(133,47,58,48,0,0,NULL,NULL,5),(134,47,58,48,0,0,NULL,NULL,5),(135,47,58,48,0,0,NULL,NULL,5),(136,47,59,54,0,0,NULL,NULL,6),(137,47,59,54,0,0,NULL,NULL,6),(138,47,59,54,0,0,NULL,NULL,6),(139,47,59,54,0,0,NULL,NULL,6),(140,47,59,54,0,0,NULL,NULL,6),(141,47,59,54,0,0,NULL,NULL,6),(142,47,55,43,0,0,0,'',4),(143,47,55,53,0,0,0,'',10),(144,47,55,51,0,0,0,'',5),(145,47,55,55,0,0,0,'',12),(146,47,55,51,0,0,NULL,NULL,5),(147,47,55,52,0,0,NULL,NULL,6),(148,47,55,53,0,0,NULL,NULL,10),(149,47,55,53,0,0,NULL,NULL,10),(150,47,55,53,0,0,NULL,NULL,10),(151,47,55,53,0,0,NULL,NULL,10),(152,47,55,56,0,0,NULL,NULL,11),(153,47,55,55,0,0,NULL,NULL,12),(154,47,55,48,0,0,NULL,NULL,14),(155,47,55,48,0,0,NULL,NULL,14),(156,47,55,46,0,0,NULL,NULL,15),(157,48,60,53,0,0,NULL,NULL,1),(158,48,60,55,0,0,NULL,NULL,2),(159,48,60,51,0,0,NULL,NULL,3),(160,48,60,43,0,0,NULL,NULL,4),(161,48,60,51,0,0,NULL,NULL,5),(162,48,60,52,0,0,NULL,NULL,6),(163,48,60,53,0,0,NULL,NULL,7),(164,48,60,53,0,0,NULL,NULL,8),(165,48,60,53,0,0,NULL,NULL,9),(166,48,60,53,0,0,NULL,NULL,10),(167,48,60,56,0,0,NULL,NULL,11),(168,48,60,55,0,0,NULL,NULL,12),(169,48,60,48,0,0,NULL,NULL,13),(170,48,60,48,0,0,NULL,NULL,14),(171,48,60,46,0,0,NULL,NULL,15),(172,48,61,43,0,0,NULL,NULL,1),(173,48,61,43,0,0,NULL,NULL,2),(174,48,61,43,0,0,NULL,NULL,3),(175,48,61,43,0,0,NULL,NULL,4),(176,48,61,43,0,0,NULL,NULL,5),(177,48,61,43,0,0,NULL,NULL,6),(178,48,62,50,0,0,NULL,NULL,1),(179,48,62,50,0,0,NULL,NULL,2),(180,48,62,50,0,0,NULL,NULL,3),(181,48,62,50,0,0,NULL,NULL,4),(182,48,62,50,0,0,NULL,NULL,5),(183,48,62,50,0,0,NULL,NULL,6),(184,48,63,48,0,0,NULL,NULL,1),(185,48,63,48,0,0,NULL,NULL,2),(186,48,63,48,0,0,NULL,NULL,3),(187,48,63,48,0,0,NULL,NULL,4),(188,48,63,48,0,0,NULL,NULL,5),(189,48,64,54,0,0,NULL,NULL,1),(190,48,64,54,0,0,NULL,NULL,2),(191,48,64,54,0,0,NULL,NULL,3),(192,48,64,54,0,0,NULL,NULL,4),(193,48,64,54,0,0,NULL,NULL,5),(194,48,64,54,0,0,NULL,NULL,6),(195,47,57,45,0,0,NULL,NULL,1),(196,47,57,44,0,0,NULL,NULL,9),(197,47,57,42,0,0,NULL,NULL,10),(198,47,57,43,0,0,NULL,NULL,11),(199,47,57,42,0,0,NULL,NULL,10),(200,47,57,44,0,0,NULL,NULL,9),(201,47,57,42,0,0,NULL,NULL,10),(202,47,57,43,0,0,NULL,NULL,11),(203,47,57,44,0,0,NULL,NULL,9),(204,47,57,42,0,0,NULL,NULL,10),(205,47,57,43,0,0,NULL,NULL,11),(219,54,70,44,0,0,0,'',4),(223,54,74,45,0,0,0,'',6),(224,54,74,54,12,45,45,'Следите за дыханием!',4),(228,54,74,51,0,0,0,'',5),(249,56,79,46,0,0,0,'',1),(250,56,79,46,0,0,0,'',2),(251,56,79,46,0,0,0,'',3),(252,56,79,46,0,0,0,'',4),(253,56,79,46,0,0,0,'',5),(254,56,79,46,0,0,0,'',6),(255,56,80,46,0,0,0,'',1),(256,56,80,46,0,0,0,'',2),(257,56,80,46,0,0,0,'',3),(258,56,80,46,0,0,0,'',4),(259,56,80,46,0,0,0,'',5),(260,56,80,46,0,0,0,'',6),(261,56,81,42,0,0,0,'',1),(262,56,81,42,0,0,0,'',2),(263,56,81,42,0,0,0,'',3),(264,56,81,42,0,0,0,'',4),(265,56,81,42,0,0,0,'',5),(272,63,93,46,0,0,0,'',1),(273,63,93,45,0,0,0,'',2),(274,63,93,48,0,0,0,'',3),(275,63,93,49,0,0,0,'',4),(276,62,92,44,0,0,0,'',1),(277,62,92,46,0,0,0,'',2),(278,62,92,48,0,0,0,'',3),(279,62,92,47,0,0,0,'',4),(281,60,94,42,0,0,0,'',1),(283,60,94,44,0,0,0,'',2),(284,60,94,45,0,0,0,'',3),(285,60,94,46,0,0,0,'',4),(289,60,95,46,0,0,0,'',1),(290,60,95,61,0,0,0,'',2),(291,60,95,56,0,0,0,'',3),(292,60,97,53,0,0,0,'',10),(293,60,97,55,0,0,0,'',12),(294,60,97,51,0,0,0,'',5),(295,60,97,43,0,0,0,'',19),(296,60,97,51,0,0,0,'',5),(297,60,97,52,0,0,0,'',6),(298,60,97,53,0,0,0,'',10),(299,60,97,53,0,0,0,'',10),(300,60,97,53,0,0,0,'',10),(301,60,97,53,0,0,0,'',10),(302,60,97,56,0,0,0,'',11),(303,60,97,55,0,0,0,'',12),(304,60,97,48,0,0,0,'',30),(305,60,97,43,0,0,0,'',19),(306,60,97,43,0,0,0,'',19),(307,60,97,43,0,0,0,'',19),(308,60,97,43,0,0,0,'',19),(309,60,97,43,0,0,0,'',19),(310,60,97,43,0,0,0,'',19),(311,60,97,50,0,0,0,'',25),(312,60,97,50,0,0,0,'',25),(313,60,97,50,0,0,0,'',25),(314,60,97,50,0,0,0,'',25),(315,60,97,50,0,0,0,'',25),(316,60,97,50,0,0,0,'',25),(317,60,97,48,0,0,0,'',30),(318,60,97,48,0,0,0,'',30),(319,60,97,48,0,0,0,'',30),(320,60,97,48,0,0,0,'',30),(321,60,97,48,0,0,0,'',30),(322,60,97,54,0,0,0,'',36),(323,60,97,54,0,0,0,'',36),(324,60,97,54,0,0,0,'',36),(325,60,97,54,0,0,0,'',36),(326,60,97,54,0,0,0,'',36),(327,60,97,54,0,0,0,'',36),(330,60,97,61,0,0,0,'',37),(335,66,99,53,0,0,0,'',1),(336,66,99,55,0,0,0,'',2),(337,66,99,70,0,0,0,'',3),(338,66,99,73,0,0,0,'',4),(339,66,99,71,0,0,0,'',5),(340,66,99,74,0,0,0,'',6),(341,66,99,80,0,0,0,'',7),(342,66,99,79,0,0,0,'',8),(343,66,99,54,0,0,0,'',9),(344,66,99,56,0,0,0,'',10),(345,66,99,72,0,0,0,'',11),(348,68,103,125,0,2,0,'',3),(349,68,103,124,0,0,3,'',4),(350,68,104,119,0,0,0,'',1),(354,70,106,42,0,0,0,'',1),(355,71,107,42,0,0,0,'',1),(356,71,108,44,0,0,0,'',1),(357,71,108,42,0,0,0,'',2),(358,71,108,43,0,0,0,'',3),(359,71,109,45,0,0,0,'',1),(363,72,110,44,12,5,0,'Движение: отведение согнутой ноги с кратковременной задержкой в положении максимального отведения\n\nРекомендации: следите за тем, чтобы пациент не разворачивал сильно  таз при отведении ноги. Обратите  внимание пациента  на перенос веса тела на опорную ногу. \n',1),(364,72,110,46,15,2,0,'Рекомендации: вместе с движением ног стараемся делать боковой наклон в одноименную сторону. Следим за дыханием! В исходном положении- вдох. В момент наивысшего напряжения - выдох.',2),(365,72,110,48,14,4,0,'Исходное положение: лежа на спине, ноги вместе , разгружены и немного приподняты над плоскостью кушетки, руки разведены в стороны ладонями в низ.\n\nДвижение: попеременное поднимание  ног, имитация шаговых движений прямыми ногами.',3),(366,72,110,47,0,0,0,'',4),(367,73,111,43,0,0,0,'',1),(368,73,111,46,0,0,0,'',2),(369,73,111,52,0,0,0,'',3),(373,68,113,42,0,0,0,'',1),(375,68,103,43,0,0,0,'',1),(376,68,103,44,0,0,0,'',2),(377,76,116,43,0,0,0,'',1),(378,76,116,44,0,0,0,'',2),(379,76,116,46,0,0,0,'',3),(380,77,118,43,0,0,0,'',5),(381,77,118,43,0,0,0,'',5),(382,77,118,43,0,0,0,'',5),(383,77,118,43,0,0,0,'',5),(384,77,118,43,0,0,0,'',5),(385,77,117,43,0,0,0,'',4),(386,77,117,43,0,0,0,'',4),(387,77,117,43,0,0,0,'',4),(388,77,117,43,0,0,0,'',4),(389,77,119,43,0,0,0,'',1),(390,77,119,43,0,0,0,'',2),(391,77,119,43,0,0,0,'',3),(392,77,119,43,0,0,0,'',4),(393,77,120,42,0,0,0,'',1),(394,77,120,42,0,0,0,'',2),(395,77,120,42,0,0,0,'',3),(396,77,120,42,0,0,0,'',4),(397,68,121,42,0,0,0,'',1),(398,71,107,45,0,0,0,'',2),(399,49,71,45,0,0,0,'',1),(400,49,71,69,0,0,0,'',2),(401,49,71,68,0,0,0,'',3),(402,49,71,50,0,0,0,'',4),(403,49,71,49,0,0,0,'',5),(404,49,71,42,0,0,0,'',6),(405,49,71,55,0,0,0,'',7),(406,68,103,42,0,0,0,'',9),(407,68,103,42,0,0,0,'',9),(408,68,103,42,0,0,0,'',9),(409,68,103,42,0,0,0,'',9),(410,68,103,42,0,0,0,'',9),(411,68,104,42,0,0,0,'',2),(412,59,84,43,12,2,34,'gh',1),(413,59,84,42,0,0,0,'',2),(415,59,84,53,0,0,0,'',5),(416,59,84,51,0,0,0,'',4),(418,59,84,80,0,0,0,'',7),(419,78,122,43,0,0,0,'',1),(420,78,122,42,0,0,0,'',2),(421,78,122,63,0,0,0,'',3),(422,78,122,53,0,0,0,'',4),(423,78,122,51,0,0,0,'',5),(424,78,122,54,0,0,0,'',6),(425,78,122,80,0,0,0,'',7),(426,59,84,61,0,0,0,'',8),(427,59,84,73,0,0,0,'',9),(428,59,84,76,0,0,0,'',10),(429,59,84,166,0,0,0,'',11),(430,59,84,168,0,0,0,'',3),(431,59,84,167,0,0,0,'',6),(448,75,115,43,0,0,0,'',1),(449,75,115,44,0,0,0,'',2),(450,79,132,43,0,0,0,'',1),(451,79,132,44,0,0,0,'',2),(452,79,132,125,0,2,0,'',3),(453,79,132,124,0,0,3,'',4),(454,79,132,42,0,0,0,'',9),(455,79,132,42,0,0,0,'',9),(456,79,132,42,0,0,0,'',9),(457,79,132,42,0,0,0,'',9),(458,79,132,42,0,0,0,'',9),(459,79,133,119,0,0,0,'',2),(460,79,133,42,0,0,0,'',1),(461,79,134,42,0,0,0,'',1),(463,79,135,42,0,0,0,'',1),(464,59,84,52,0,0,0,'',14),(465,59,84,52,0,0,0,'',14),(466,59,84,52,0,0,0,'',14),(471,59,84,45,0,0,0,NULL,15),(521,83,138,183,0,0,0,'',1),(522,84,139,183,0,0,0,'',1),(523,85,140,183,0,0,0,'',1),(524,80,137,42,0,0,0,'',1),(525,84,139,42,0,0,0,'',2),(529,86,142,42,0,0,0,'',1),(530,86,143,183,0,0,0,'',1),(531,86,143,43,111,0,0,'',2),(532,87,144,183,1,1,1,'1',1),(533,87,145,42,0,101,0,'000',1),(534,87,145,113,2,4,4,'5',2),(537,88,146,45,0,0,0,'',2),(538,36,40,46,0,0,0,'',2),(539,36,40,47,0,0,0,'',3),(540,68,113,119,0,0,0,'',2),(541,68,113,45,0,0,0,'',4),(542,68,113,46,0,0,0,'',6),(543,68,113,47,0,0,0,'',8),(544,68,113,45,0,0,0,'',4),(545,68,113,46,0,0,0,'',6),(546,68,113,47,0,0,0,'',8),(547,90,148,43,0,0,0,'',1),(548,90,148,44,0,0,0,'',2),(549,90,148,42,0,0,0,'',3),(550,90,148,47,0,0,0,'',4),(551,90,148,45,0,0,0,'',5),(552,90,148,48,0,0,0,'',6),(553,91,149,43,0,0,0,'',1),(554,91,149,44,0,0,0,'',2),(555,91,149,42,0,0,0,'',3),(556,91,149,47,0,0,0,'',4),(559,68,113,183,0,0,0,'',9),(570,94,152,48,0,0,0,'',1),(571,94,152,47,0,0,0,'',2),(572,94,152,42,0,0,0,'',3),(573,94,152,52,0,0,0,'',4),(574,94,152,61,0,0,0,'',5),(575,94,152,69,0,0,0,'',6),(576,94,152,68,0,0,0,'',7),(577,94,152,78,0,0,0,'',8),(578,94,152,79,0,0,0,'',9),(579,79,134,119,0,0,0,'',2),(580,79,153,183,0,0,0,'',1),(581,79,153,183,0,0,0,'',2),(582,79,153,45,0,0,0,'',3),(583,79,153,46,0,0,0,'',4),(584,79,153,47,0,0,0,'',5),(585,79,153,45,0,0,0,'',6),(586,79,153,46,0,0,0,'',7),(587,79,153,47,0,0,0,'',8),(588,79,153,45,0,0,0,'',9),(589,79,153,46,0,0,0,'',10),(590,79,153,47,0,0,0,'',11),(591,95,154,43,0,0,0,'',1),(592,95,154,44,0,0,0,'',2),(593,95,154,125,0,2,0,'',3),(594,95,154,124,0,0,3,'',4),(595,95,154,42,0,0,0,'',5),(596,95,154,42,0,0,0,'',6),(597,95,154,42,0,0,0,'',7),(598,95,154,42,0,0,0,'',8),(599,95,154,42,0,0,0,'',9),(600,95,155,42,0,0,0,'',1),(601,95,155,119,0,0,0,'',2),(602,95,156,42,0,0,0,'',1),(603,95,156,119,0,0,0,'',2),(604,95,157,42,0,0,0,'',1),(605,95,158,183,0,0,0,'',1),(606,95,158,183,0,0,0,'',2),(607,95,158,45,0,0,0,'',3),(608,95,158,46,0,0,0,'',4),(609,95,158,47,0,0,0,'',5),(610,95,158,45,0,0,0,'',6),(611,95,158,46,0,0,0,'',7),(612,95,158,47,0,0,0,'',8),(613,95,158,45,0,0,0,'',9),(614,95,158,46,0,0,0,'',10),(615,95,158,47,0,0,0,'',11),(616,96,159,68,0,0,0,'',1),(617,96,159,69,0,0,0,'',2),(618,96,159,61,0,0,0,'',5),(619,96,159,52,0,0,0,'',3),(620,96,159,62,0,0,0,'',7),(621,96,159,61,0,0,0,'',5),(622,96,159,62,0,0,0,'',7),(623,96,159,53,0,0,0,'',8),(624,97,161,43,0,0,0,'',1),(625,97,161,44,0,0,0,'',2),(626,97,161,125,0,2,0,'',3),(627,97,161,124,0,0,3,'',4),(628,97,161,42,0,0,0,'',9),(629,97,161,42,0,0,0,'',9),(630,97,161,42,0,0,0,'',9),(631,97,161,42,0,0,0,'',9),(632,97,161,42,0,0,0,'',9),(633,97,162,42,0,0,0,'',1),(634,97,162,119,0,0,0,'',2),(635,97,163,42,0,0,0,'',1),(636,97,163,119,0,0,0,'',2),(637,97,164,42,0,0,0,'',1),(638,97,165,183,0,0,0,'',2),(639,97,165,183,0,0,0,'',2),(640,97,165,45,0,0,0,'',9),(641,97,165,46,0,0,0,'',10),(642,97,165,47,0,0,0,'',11),(643,97,165,45,0,0,0,'',9),(644,97,165,46,0,0,0,'',10),(645,97,165,47,0,0,0,'',11),(646,97,165,45,0,0,0,'',9),(647,97,165,46,0,0,0,'',10),(648,97,165,47,0,0,0,'',11),(649,98,166,43,0,0,0,'',1),(650,98,166,44,0,0,0,'',2),(651,98,166,125,0,2,0,'',3),(652,98,166,124,0,0,3,'',4),(653,98,166,42,0,0,0,'',5),(654,98,166,42,0,0,0,'',6),(655,98,166,42,0,0,0,'',7),(656,98,166,42,0,0,0,'',8),(657,98,166,42,0,0,0,'',9),(658,98,167,42,0,0,0,'',1),(659,98,167,119,0,0,0,'',2),(660,98,168,42,0,0,0,'',1),(661,98,168,119,0,0,0,'',2),(662,98,169,42,0,0,0,'',1),(663,98,170,183,0,0,0,'',1),(664,98,170,183,0,0,0,'',2),(665,98,170,45,0,0,0,'',3),(666,98,170,46,0,0,0,'',4),(667,98,170,47,0,0,0,'',5),(668,98,170,45,0,0,0,'',6),(669,98,170,46,0,0,0,'',7),(670,98,170,47,0,0,0,'',8),(671,98,170,45,0,0,0,'',9),(672,98,170,46,0,0,0,'',10),(673,98,170,47,0,0,0,'',11),(674,99,171,43,0,0,0,'',1),(675,99,171,44,0,0,0,'',2),(676,99,171,125,0,2,0,'',3),(677,99,171,124,0,0,3,'',4),(678,99,171,42,0,0,0,'',9),(679,99,171,42,0,0,0,'',9),(680,99,171,42,0,0,0,'',9),(681,99,171,42,0,0,0,'',9),(682,99,171,42,0,0,0,'',9),(683,99,172,42,0,0,0,'',1),(684,99,172,119,0,0,0,'',2),(685,99,173,42,0,0,0,'',1),(686,99,173,119,0,0,0,'',2),(687,99,174,42,0,0,0,'',1),(688,99,175,183,0,0,0,'',2),(689,99,175,183,0,0,0,'',2),(690,99,175,45,0,0,0,'',9),(691,99,175,46,0,0,0,'',10),(692,99,175,47,0,0,0,'',11),(693,99,175,45,0,0,0,'',9),(694,99,175,46,0,0,0,'',10),(695,99,175,47,0,0,0,'',11),(696,99,175,45,0,0,0,'',9),(697,99,175,46,0,0,0,'',10),(698,99,175,47,0,0,0,'',11),(699,40,47,43,0,0,0,'',1),(700,40,47,46,0,0,0,'',2),(702,65,128,42,0,0,0,'',1),(703,65,128,43,0,0,0,'',2),(704,103,177,42,0,0,0,NULL,2),(705,103,177,42,0,0,0,NULL,2),(706,103,177,43,0,0,0,NULL,3),(707,96,159,43,0,0,0,'',9),(711,65,127,49,0,0,0,'',1),(712,65,127,48,0,0,0,'',2),(713,104,178,203,0,0,0,'',4),(714,104,178,219,0,0,0,'',3),(715,104,178,219,0,0,0,'',3),(716,104,178,203,0,0,0,'',4),(717,104,178,206,0,0,0,'',5),(718,104,178,213,0,0,0,'',6),(719,107,180,210,0,0,0,'',1),(720,107,180,209,0,0,0,'',2),(721,107,180,218,0,0,0,'',3),(722,107,180,219,0,0,0,'',4),(723,107,180,220,0,0,0,'',5),(724,107,180,221,0,0,0,'',6),(725,107,180,211,0,0,0,'',7),(726,108,181,210,0,0,0,'',1),(727,108,181,209,0,0,0,'',2),(728,108,181,218,0,0,0,'',3),(729,108,181,219,0,0,0,'',4),(730,108,181,220,0,0,0,'',5),(731,108,181,221,0,0,0,'',6),(732,108,181,211,0,0,0,'',7),(733,107,182,42,0,0,0,'',1),(734,107,182,45,0,0,0,'',2),(737,109,184,42,0,0,0,'',1),(738,109,184,42,0,0,0,'',2),(739,112,187,48,0,0,0,'',1),(740,112,187,47,0,0,0,'',2),(741,112,187,42,0,0,0,'',3),(742,112,187,52,0,0,0,'',4),(743,112,187,61,0,0,0,'',5),(744,112,187,69,0,0,0,'',6),(745,112,187,68,0,0,0,'',7),(746,112,187,78,0,0,0,'',8),(747,112,187,79,0,0,0,'',9),(748,113,191,210,0,0,0,'',1),(749,113,191,209,0,0,0,'',2),(750,113,191,218,0,0,0,'',3),(751,113,191,219,0,0,0,'',4),(752,113,191,220,0,0,0,'',5),(753,113,191,221,0,0,0,'',6),(754,113,191,211,0,0,0,'',7),(755,114,197,48,0,0,0,'',1),(756,114,197,47,0,0,0,'',2),(757,114,197,42,0,0,0,'',3),(758,114,197,52,0,0,0,'',11),(759,114,197,61,0,0,0,'',14),(760,114,197,69,0,0,0,'',9),(761,114,197,68,0,0,0,'',7),(762,114,197,78,0,0,0,'',4),(763,114,197,79,0,0,0,'',5),(764,94,201,43,0,0,0,'',3),(765,94,201,43,0,0,0,'',3),(766,94,201,43,0,0,0,'',3),(767,114,197,68,0,0,0,'',7),(768,114,197,69,0,0,0,'',9),(769,114,197,52,0,0,0,'',11),(770,114,197,61,0,0,0,'',14),(771,114,197,61,0,0,0,'',14),(772,114,197,62,0,0,0,'',16),(773,114,197,62,0,0,0,'',16),(774,114,197,53,0,0,0,'',17),(775,114,197,43,0,0,0,'',18),(776,115,202,42,0,0,0,'',6),(777,115,202,42,0,0,0,'',6),(778,115,202,42,0,0,0,'',6),(779,115,202,42,0,0,0,'',6),(780,115,202,42,0,0,0,'',6),(781,115,202,42,0,0,0,'',6),(782,116,204,183,0,0,0,'',1),(784,115,205,42,0,0,0,'',1),(785,69,105,183,0,0,0,'',2),(786,69,105,113,0,0,0,'',1),(787,69,105,44,0,0,0,'',3),(788,117,206,42,0,0,0,'',1),(789,119,207,183,0,0,0,'',1),(790,114,208,210,0,0,0,'',1),(791,114,208,209,0,0,0,'',2),(792,114,208,218,0,0,0,'',6),(793,114,208,221,0,0,0,'',4),(794,114,208,219,0,0,0,'',5),(795,114,208,218,0,0,0,'',6),(796,114,208,213,0,0,0,'',7),(797,114,208,206,0,0,0,'',8),(798,114,208,204,0,0,0,'',9),(799,121,212,103,0,0,0,'',1),(800,121,212,104,0,0,0,'',2),(801,121,212,99,0,0,0,'',3),(802,121,212,63,0,0,0,'',4),(803,121,213,121,0,0,0,'',4),(804,121,213,131,0,0,0,'',2),(805,121,213,129,0,0,0,'',3),(806,121,213,121,0,0,0,'',4),(807,121,213,130,0,0,0,'',5),(808,121,213,136,0,0,0,'',6),(809,121,213,135,0,0,0,'',7),(810,122,214,166,0,0,0,'',1),(811,122,214,199,0,0,0,'',2),(812,122,214,198,0,0,0,'',3),(813,122,214,202,0,0,0,'',4),(814,122,214,205,0,0,0,'',5),(815,122,214,206,0,0,0,'',6),(816,122,214,211,0,0,0,'',7),(817,125,217,73,0,0,0,'',1),(818,125,218,73,0,0,0,'',1),(819,125,218,74,0,0,0,'',2),(820,125,218,72,0,0,0,'',3),(821,125,218,51,0,0,0,'',4),(822,125,218,52,0,0,0,'',5),(823,125,218,49,0,0,0,'',6),(824,125,218,48,0,0,0,'',7),(825,125,217,84,0,0,0,'',2),(826,125,217,85,0,0,0,'',3),(827,125,217,82,0,0,0,'',4),(828,125,217,83,0,0,0,'',5),(829,125,217,86,0,0,0,'',6),(830,125,217,89,0,0,0,'',7),(831,125,217,87,0,0,0,'',8),(832,65,127,124,0,0,0,'',3),(833,65,222,123,5,3,0,'Держите равновесие',1),(834,65,222,119,12,2,0,'',2),(835,65,222,120,10,3,0,'',3),(836,65,222,122,10,3,0,'',4),(837,65,222,201,9,0,0,'',5),(838,127,223,93,0,0,0,'',1),(839,127,223,90,0,0,0,'',2),(840,127,223,195,0,0,0,'',3),(841,127,224,162,10,1,0,'балансируем',1),(842,127,224,196,6,2,0,'',2),(843,127,224,108,8,1,0,'',3),(844,127,224,109,5,2,0,'',4),(845,127,225,45,0,0,0,'',1),(846,127,225,46,0,0,0,'',2),(847,127,225,47,0,0,0,'',3),(848,127,226,143,0,0,0,'',1),(849,127,226,146,0,0,0,'',2),(850,127,226,160,0,0,0,'',3),(861,128,228,52,0,0,0,'',1),(862,128,228,51,0,0,0,'',2),(863,128,229,119,0,0,0,'',1),(864,128,229,152,0,0,0,'',2),(865,128,229,114,0,0,0,'',3),(866,128,229,115,0,0,0,'',4),(867,128,230,124,0,0,0,'',1),(868,128,230,203,0,0,0,'',2),(869,128,230,120,0,0,0,'',3),(870,126,221,70,0,0,0,'',1),(871,126,221,71,0,0,0,'',2),(872,126,221,67,0,0,0,'',3),(873,126,221,74,0,0,0,'',4),(874,126,221,82,0,0,0,'',5),(875,129,231,42,0,0,0,'',1),(876,129,231,43,0,0,0,'',2),(877,129,231,44,0,0,0,'',3),(878,129,231,47,0,0,0,'',4),(879,129,231,46,0,0,0,'',5),(880,129,231,45,0,0,0,'',6),(881,129,231,48,0,0,0,'',7),(882,129,231,49,0,0,0,'',8),(883,129,231,50,0,0,0,'',9),(884,130,232,166,0,0,0,'',1),(885,130,232,63,0,0,0,'',2),(886,130,232,194,0,0,0,'',3),(887,130,232,197,0,0,0,'',4),(888,130,232,196,0,0,0,'',5),(889,130,232,165,0,0,0,'',6),(891,131,233,210,12,2,0,'Следите за тем, чтобы при сгибании рук локти были разведены в стороны на уровень плеч. ',1),(893,131,233,205,0,0,0,'Подвеска на высоте 30-40 см от пола. Ноги и туловище образуют одну прямую линию. Поднимите таз вверх и удерживайте это положение 15-20сек',12),(894,131,233,209,12,2,0,'Ладони направлены к голове. Подтянуть тело вперед сгибая руки в локтях. ',5),(896,131,233,212,12,2,0,'Ладони сведены вместе и направлены от себя. Ноги на ширине плеч. Давайте ему возможность немного прогнуться в пояснице и отвести плечи вверх.',2),(897,131,233,221,12,1,0,'Удерживая себя в висе на одной руке, ноги шире ширины плеч согнуты в коленях. Потянитесь свободной рукой по диагонали к полу.',6),(898,131,233,220,12,2,0,'Ладони направлены от себя, руки выпрямлены.',3),(899,131,233,219,15,2,0,'Ноги на ширине плеч, стопы параллельно ',7),(900,131,233,218,12,2,0,'В исходном положении провиснуть на прямые руки, туловище выпрямлено, мыски если возможно подтянуть вверх, опора только на пятки. Развести руки в стороны и вытолкнуть тело немного вперед.',4),(901,131,233,178,12,1,0,'Внимательно читайте описание упражнения! Нажмите иконку \"Info\" в правом углу ',8),(902,131,233,170,12,1,0,'Рекомендации к выполнению аналогичны предыдущему упражнению.',9),(903,131,233,176,12,1,0,'Подвески на высоте 30 -40см от пола. Следите за тем, чтобы все тело было выпрямлено. Поочередно подтягивайте колени к груди.',10),(904,131,233,167,12,1,0,'Внимательно читайте описание! Нажмите иконку \"Info\" в правом углу ',11);
/*!40000 ALTER TABLE `programs_exercises` ENABLE KEYS */;
UNLOCK TABLES;

--
-- Table structure for table `programs_tabs`
--

DROP TABLE IF EXISTS `programs_tabs`;
/*!40101 SET @saved_cs_client     = @@character_set_client */;
/*!40101 SET character_set_client = utf8 */;
CREATE TABLE `programs_tabs` (
  `id` int(11) NOT NULL AUTO_INCREMENT,
  `tab_name` varchar(255) NOT NULL,
  `program_id` int(11) NOT NULL,
  `hash` varchar(32) NOT NULL,
  PRIMARY KEY (`id`),
  KEY `fk_tab_program` (`program_id`),
  CONSTRAINT `fk_tab_program` FOREIGN KEY (`program_id`) REFERENCES `programs` (`id`) ON DELETE CASCADE
) ENGINE=InnoDB AUTO_INCREMENT=234 DEFAULT CHARSET=utf8;
/*!40101 SET character_set_client = @saved_cs_client */;

--
-- Dumping data for table `programs_tabs`
--

LOCK TABLES `programs_tabs` WRITE;
/*!40000 ALTER TABLE `programs_tabs` DISABLE KEYS */;
INSERT INTO `programs_tabs` VALUES (39,'Упражнения',35,'1de9fe4df3075964eed037b0bcd8ad1d'),(40,'Упражнения',36,'8b542226bb74f3424f84277c5d755f35'),(46,'Упражнения',39,'38dfa30242c777c75b2e3eb169522f91'),(47,'Упражнения',40,'4a456037ec49f1e2baa39acf351186d3'),(50,'1',43,'c742d81fcb0925d96bdc9d82135db31a'),(51,'1',44,'0723c0ea5649da632bbce5c966e988a5'),(52,'2',44,'a4f2bbd3bf1c548b9fad55435f19043a'),(53,'1',45,'96203c3802a8d80ca65b01acbb757d5e'),(54,'1',46,'3b3e6bdbb20342833aa8a3ea8f3198f4'),(55,'сидя ',47,'3aabf0a84669057d2f0647676625ac4a'),(56,'лежа ',47,'7c70420da1af62beb1cca7e4aaeb1866'),(57,'стоя',47,'52b619636d0f724c874dc574d076491a'),(58,'Ходьба',47,'1640793861ba9f15b6e64e0934abc582'),(59,'Дыхательная гимнастика ',47,'9a0aa60ba5887114a073c8c0538d0a2a'),(60,'сидя ',48,'227eb18c1ea02287c4b54ee6706fd45a'),(61,'лежа ',48,'d1d60f224172a0376355fe9373647768'),(62,'стоя',48,'214a834c47f03e11addc726cac59747b'),(63,'Ходьба',48,'0a17a68652e692b5ac772224ecd84e18'),(64,'Дыхательная гимнастика ',48,'58c1bb7bdcfa847eae68c8d082d548f1'),(70,'лежа',54,'c76a0ae12853cfc0db723fd00a4801ce'),(71,'ходьба ',49,'40ef797675772bf34f68db2f2a955e96'),(73,'сидя ',54,'a6e47116740ce94de367aaec9e6f2d6d'),(74,'Стоя ',54,'6fc0484525734318a5d260d1291a153f'),(75,'Упражнения лежа ',56,'aac3984d263f4a5f21af860230ea2c24'),(76,'Упражнения лежа ',56,'1e25baecdeff26b1e85ef1900804fab9'),(77,'Упражнения лежа ',56,'ca2a5d0106a44bb53c28f8e4a55f6943'),(78,'Упражнения лежа ',56,'28e12b78bd05bf990230d396b778ff76'),(79,'Упражнения лежа ',56,'66b15c700e02fd38348a5feb80e48944'),(80,'Упражнения лежа ',56,'2eafa30594af3b7fbd29d11ce67446b7'),(81,'Упражнения лежа ',56,'8d957980f3bbfbbe558479eac6bc0fb4'),(82,'Лежа ',57,'9c8a9bd1aa14ac5ddcfe3ce473a4cb1b'),(83,'Лежа ',58,'f08719e45176767bda28fc5221f0f962'),(84,'Упр лежа ',59,'b7a0f7a1e1f811fba9b291d7f8db9945'),(85,'Упр сидя',59,'943a735abb91d88031a89d62941a7162'),(90,'Мобилизация ',61,'5981f66a1710e395d554fba55fd25302'),(91,'Укрепление',61,'6b52fbd2ce5617e27a378bc4b720070d'),(92,'ИП Лежа ',62,'7db1a8c401cde8c99d096934962d12fd'),(93,'Упр лежа ',63,'1b0f8a1aa6689ec192aaa809cebd648c'),(94,'123',60,'9061953bf3113031402c91426058ffd6'),(95,'456',60,'e9778f1e63b4b2626fde2deff358964d'),(96,'1',64,'f2b3c2b06bf107a6bcd48fe535c47baf'),(97,'678',60,'6ab0883afa18a7ae84dbe2eee12007be'),(99,'1',66,'9eb274bbafd7f7d7ec88f4e8f5115076'),(100,'1',60,'61c748e0a827a70ba91f2a70c3a68bbd'),(102,'Упражнения',67,'6f355f7b201b0da01d8bc668c0bd8b0b'),(103,'Первая вкладка',68,'383cbd38c5cf218da9eabb9a0039a19f'),(104,'Вторая вкладка',68,'7ed7c2a834331105b6f0d760ba27668e'),(105,'10',69,'35a46b181769c452efbbe348a0883028'),(106,'1',70,'bb11e33d9c648c62eeb42b21f8dafc2d'),(107,'test',71,'646af9206a2c45adb61c2b224f895bf0'),(108,'test2',71,'44da61c3d6833d5623d059e5a90182cc'),(109,'test 3',71,'455492197d9e1f7a6876b972944300d6'),(110,'ИП Лежа ',72,'df299860b9426b8934d0035e37b6fc45'),(111,'233',73,'4df27b16d64cef104f50c60abdc92bf9'),(112,'4566',73,'dcd724de39f699dcf2ef2a9fd1f4175e'),(113,'Третья вкладка',68,'6707191a7a829b9a93c112b277221592'),(114,'123',74,'541e811db9e3180edeaf15096d7a3667'),(115,'123',75,'47118ad81f4e10d08d0e87d3f32cfec8'),(116,'123',76,'311559d1b93d196c91f3f8603fd3a7da'),(117,'Комплекс упражнений лежа на животе ',77,'0438fc4d4162682fd2636b382ff91b3d'),(118,'Комплекс цупражнений лежа на спине ',77,'916b93ef566f4ee694ad588a29f57291'),(119,'Комплекс упражнений в положении сидя',77,'c515c7a9881d26f42827ff38970697c7'),(120,'Комплекс упражнений в положении стоя',77,'11bc47a96abfe46673a56a9a3bc94de8'),(121,'sds',68,'15b2d26bbdc7aca0d026a285a686cada'),(122,'Упр лежа ',78,'111e100528da873d5c16dd95b1b6cf9b'),(123,'Упр сидя',78,'c0957cf8d3406ad9112be2cb2eeca6bf'),(124,'Упр стоя',78,'d838d20ab66ffeba4105104c051564de'),(127,'Понедельник',65,'8578b1a2ad483b32f14cf2cf5981b5b6'),(128,'Вторник',65,'713e639385b1eb2c9c1c1e78161bc2ff'),(132,'Первая вкладка',79,'c2e6d61c7e8ff4f4fe80aabce512d679'),(133,'Вторая вкладка',79,'84db9de9c22c8bc0ae3c4645d15fc9f1'),(134,'Третья вкладка',79,'ecbe9421b155da9d29a1ebff90ce21b9'),(135,'sds',79,'783df25f1e4b187e3bb5ec78e5cbf6c0'),(137,'1',80,'c2fe41c8b9d7c0230664db105acf5df2'),(138,'1010',83,'61e3a1a1108b8b56a3c73b8ee7a433d9'),(139,'1',84,'a8ba790503e58aca6817ddbfcff48896'),(140,'1',85,'50e6ced4afa7cb2fa586aabdf620f4b8'),(141,'000',85,'6511ff603473c4630bc63fdf462cdebe'),(142,'первая',86,'01fecceb642957dc0931d19ae5845d62'),(143,'2',86,'d3b8b89facb8b209d1a7ac5cd806b42c'),(144,'10',87,'f6bb6b4b316e37d15d47658e36cae1a9'),(145,'2',87,'060a82ab72ad20fc745dc74a755f12d5'),(146,'10',88,'7f822534e4b35846929ee421de08cfff'),(147,'10',89,'9b3059f9b3aa0b26ddf8d28054efde1d'),(148,'Лежа',90,'22be06f48181ac6056d75772656edc7c'),(149,'Упр лежа',91,'3b43653da95b721f2af99ece778a6099'),(151,'вап',93,'a1a2e701ba07d8aa66ea31a893b0b263'),(152,'Упр лежа',94,'19c3c9a61affc9b7a5166f9aced5b734'),(153,';',79,'7bfd807608cf937ed3b98270709819dd'),(154,'Первая вкладка',95,'ba48813c7f7e51105b3b0ca65901faf2'),(155,'Вторая вкладка',95,'8e6f499cbb9356242edd7a5d05538275'),(156,'Третья вкладка',95,'80721d44134224a8cfeb3bd889a967f7'),(157,'sds',95,'db11d3329cd593a99b67761a0932557d'),(158,';',95,'f1f22e9c7ff92caf57f1e0639e0b04da'),(159,'Упр лежа ',96,'408a9d1cf93d75f3914e170fa1ac4844'),(160,'Упр стоя в вертикализаторе',96,'915de2def44c134a69df89f6fe4893ea'),(161,'Первая вкладка',97,'409b79cc21fad74f22f7ea37d77ea5d4'),(162,'Вторая вкладка',97,'4f5ebcff1942ffd40998e0ca93b4e78a'),(163,'Третья вкладка',97,'1c24e26e1fe95de634dd4bb796d0fcc7'),(164,'sds',97,'a0c7a21089fe04b0ca096b3b3e425e6c'),(165,';',97,'2fb339c79b47204c21c8f2ecc6195b47'),(166,'Первая вкладка',98,'2fa204680b34f5399db18b22d27e2f1d'),(167,'Вторая вкладка',98,'e5052eb5fd850cb9bf198f562ca4a7f1'),(168,'Третья вкладка',98,'5736a86d32929da590af22bd0faa667c'),(169,'sds',98,'3f40634b93133b0af26d839b7c2f2c22'),(170,';',98,'a0f3f9e0c1388d8e8fa64a4226fb7015'),(171,'Первая вкладка',99,'4e199e5096658851a1de54fe95864d20'),(172,'Вторая вкладка',99,'da249434e7ef0e0f23d6b98f171474d1'),(173,'Третья вкладка',99,'3d8958d343a7db09ba7b3f5eee21b8fe'),(174,'sds',99,'73f06af8343b0ddc2ea02df83e7113dc'),(175,';',99,'db3c65c217073453937d192e7f0ff4c0'),(176,'23',102,'084f6ad9443d550499777a3fba75bc0d'),(177,'Упражнения',103,'c919b005dfd101f2ce0a110d561ba3b8'),(178,'Упражнения  для ног',104,'16d9c48b2f5eefafca051f89a0d0de00'),(179,'All body Level 1',106,'dd35597a3a13b7beaf74d466184781aa'),(180,'Крепкий торс ',107,'7ce1746b0cdacb4c52bc6ba154729758'),(181,'Крепкий торс ',108,'c91a3ccf844af0d30f327a446a3c57c2'),(182,'hfhfh',107,'eba7f8d379beb94d06b8b1a1d39a2651'),(184,'10',109,'f38de4b89d56d4907e5bad70170f3f9c'),(185,'Утреннеяя гимначстика',109,'c56309fb580678bada2ba53a5100444c'),(186,'123',110,'c1800649221724aae09483746560d4be'),(187,'Упр лежа',112,'778af46b88b3273035f9ace8fae04f65'),(188,'123',108,'95b53cfb4296c19d7aeb8baae885d942'),(189,'456',108,'0ab77e2049206ec914ff45453abd5e32'),(190,'678',108,'c3619e0f53436d8358bf81d4b9822865'),(191,'Крепкий торс ',113,'d43577d31c1bcc783ebfc55279e81755'),(192,'123',113,'e1e36f6b1b83f8009f7973683e5742dc'),(193,'456',113,'8523fa648070cb473f0d3751433d7062'),(194,'678',113,'8266daccff655819c049ffd18fee7513'),(195,'345',94,'ade6609b50306c28c72cdf9aa567880c'),(196,'5677',94,'db04bab3908f5066e2dfdf42e9c0750e'),(197,'Упр лежа',114,'8388910f1d3169f1069c7508474ff78a'),(200,'123',94,'010b653da0a06efb1ffeec098c46c1e6'),(201,'897',94,'68786ba98aa23098a7de00c59cb28bcb'),(202,'888',115,'94706ab9887538a4628db7188eb0a7e1'),(204,'77',116,'8680b3bb4c75c4503567257643087089'),(205,'000000',115,'8f7ae215f77422a95781fc5f1f871385'),(206,'gdfg',117,'02b36ac019d2fa6627700d9b85ffd155'),(207,'gfh',119,'4f1dae2fd5619b48ecccf1bf189af70b'),(208,'Упр на подвесках',114,'7b759812f15660eeb96ffc04cd7b706b'),(212,'Разминка ',121,'ff3890ccdc79cecc9818d4944ea5fb15'),(213,'Баланс тренировки ',121,'aba3da9a607983d967930c7660cb6293'),(214,'Стабилизация постуры',122,'95c2a98db1c372c9d6d4a827d68878d0'),(215,'Баланс тренировки ',123,'b226df06dab7064ca536425cb16154e9'),(216,'12',124,'f68308fd0bc14d788f70ff3f534c6c7a'),(217,'Шейный отдел ',125,'d36492655092fbf7f75b9c9aa1669ae0'),(218,'Грудной отдел',125,'10525b5c5a833da8c6ddfc6a36694135'),(219,'Поясничный отдел',125,'8b841fbd492c47ac286ed1963305292b'),(220,'Крестец и копчик',125,'9abf91f21c79adfddb805acfeff4425d'),(221,'12243',126,'6cc156aa455b3cf50a2acff36c12801b'),(222,'Новая вкладка',65,'9aae38a8636101ff0ce5b1088c3b6bf4'),(223,'Вторник',127,'08faa2e941141b5b39550c781da1753c'),(224,'Среда',127,'5012c2b0275d68629c362d55cf74f7e1'),(225,'Утренняя гимнастика',127,'cb8eee184156548a35915e07e418cf41'),(226,'Вечерняя пробежка',127,'009c1cab0e68641a0e43db2ab5c9e889'),(228,'Вторая вкладка',128,'9fcad7d888b877e3e2ad2e2e2826d564'),(229,'Утренняя гимнастика',128,'61a51201ccf3ab81e3db9015012afce1'),(230,'Вечерняя прогулка',128,'79b2a35d78cffe15d9b64bdc16a2aa89'),(231,'Травма позвоночника ',129,'c4352dea213045f92eb3d0e3b2b35c24'),(232,'мобилизация лопаток',130,'27cf8c45810fd09e70d8bb148de02a49'),(233,'Баланс тренировки',131,'812227e5311d153fb02b6cda43f04211');
/*!40000 ALTER TABLE `programs_tabs` ENABLE KEYS */;
UNLOCK TABLES;

--
-- Table structure for table `settings`
--

DROP TABLE IF EXISTS `settings`;
/*!40101 SET @saved_cs_client     = @@character_set_client */;
/*!40101 SET character_set_client = utf8 */;
CREATE TABLE `settings` (
  `id` int(11) NOT NULL AUTO_INCREMENT,
  `key` varchar(20) NOT NULL,
  `value` text,
  `type` varchar(20) DEFAULT NULL,
  `validation` varchar(255) DEFAULT NULL,
  `show` tinyint(1) DEFAULT '1',
  `order` int(11) DEFAULT '0',
  PRIMARY KEY (`id`),
  UNIQUE KEY `pk_key` (`key`)
) ENGINE=InnoDB AUTO_INCREMENT=27 DEFAULT CHARSET=utf8;
/*!40101 SET character_set_client = @saved_cs_client */;

--
-- Dumping data for table `settings`
--

LOCK TABLES `settings` WRITE;
/*!40000 ALTER TABLE `settings` DISABLE KEYS */;
INSERT INTO `settings` VALUES (1,'site_name','Реабилитация и фитнес','input','required|trim',1,1),(2,'site_mail','info@reafit.ru','input','required|trim|valid_email',1,2),(3,'bot_mail','info@reafit.ru','input','required|trim|valid_email',1,3),(4,'recovery_text','{EMAIL}\n{SURNAME}\n{NAME}\n{MIDDLE_NAME}\n{REGION}\n{PHONE}\n{STATUS}\n{DATE}\n{PASSWORD}','textarea','required',1,4),(5,'regions','Москва и Московская область\nСанкт-Петербург\nАдыгея\nАлтай\nБашкортостан\nБурятия\nДагестан\nИнгушетия\nКабардино-Балкария\nКалмыкия\nКарачаево-Черкесия\nКарелия\nКоми\nКрым\nМарий Эл\nМордовия\nСаха (Якутия)\nСеверная Осетия — Алания\nТатарстан\nТыва\nУдмуртия\nХакасия\nЧечня\nЧувашия\nАлтайский край\nЗабайкальский край\nКамчатский край\nКраснодарский край\nКрасноярский край\nПермский край\nПриморский край\nСтавропольский край\nХабаровский край\nАмурская область\nАрхангельская область\nАстраханская область\nБелгородская область\nБрянская област\nВладимирская область\nВолгоградская область\nВологодская область\nВоронежская область\nИвановская область\nИркутская область\nКалининградская область\nКалужская область\nКемеровская область\nКировская область\nКостромская область\nКурганская область\nКурская область\nЛенинградская область\nЛипецкая область\nМагаданская область\nМосковская область\nМурманская область\nНижегородская область\nНовгородская область\nНовосибирская область\nОмская область\nОренбургская область\nОрловская область\nПензенская область\nПсковская область\nРостовская область\nРязанская область\nСамарская область\nСаратовская область\nСахалинская область\nСвердловская область\nСмоленская область\nТамбовская область\nТверская область\nТомская область\nТульская область\nТюменская область\nУльяновская область\nЧелябинская область\nЯрославская область\nСевастополь\nЕврейская АО\nНенецкий АО\nХанты-Мансийский АО — Югра\nЧукотский АО\nЯмало-Ненецкий АО','textarea','required',1,11),(6,'register_text','{EMAIL}\n{SURNAME}\n{NAME}\n{MIDDLE_NAME}\n{REGION}\n{PHONE}\n{STATUS}\n{LINK}\n{PASSWORD}','textarea','required',1,5),(8,'home_header','ReaFit-','input','trim',1,13),(9,'home_text','<h2>Создание индивидуальных программ тренировок  в реабилитации и фитнесе. </h2>\n<p>Найдите вдохновение, сохраните время и гарантируйте качество с более 1000 различных упражнений с  подробным описанием и рекомендациями. \nРедактируйте базовые упражнения  в соответствии с запросом клиента и создавайте новые, которые применяете только вы в своей практике.</p>','textarea','trim',1,14),(10,'home_video','<hr>\n<h2>Отправить тренировочную программу на электронную почту,  сохранить как PDF или распечатать.</h2>\n<p>Все это вы сможете сделать за несколько минут на любом персональном компьютере или планшете имеющего доступ в интернет, через браузер, без установки специальных программ и скачивания файлов.\nСоздав и сохранив  тренировочную программу  в вашем аккаунте вы можете с высокой точностью обеспечить профессиональный контроль и коррекцию тренировочного процесса вашего клиента.\nОтправляя готовые тренировочные программы на фирменном бланке вы подтверждаете свой профессиональный подход и индивидуальное отношение к каждому клиенту.\n</p>','textarea','trim',1,15),(11,'home_end_text','<hr><h2>Программа упражнений и дневник тренировок</h2>\n<p>С ReaFit  вы получите приоритетный обзор того, кто из ваших клиентов достиг положительной динамики. А также создавать дальнейший план тренировочного процесса, четко определив будущие цели.\nБлагодаря прямой связи через приложение,  ваш клиент может всегда поделиться своими впечатлениями, оставить комментарий  или получить ответ на интересующий вопрос.\n</p>','textarea','trim',1,16),(12,'forum_url','','input','trim',1,21),(13,'feedback_text','{SUBJECT}\n{EMAIL}\n{PHONE}\n{MESSAGE}\n{DATE}','textarea','required',1,7),(14,'changes_text','{SURNAME}\n{NAME}\n{MIDDLE_NAME}\n{REGION}\n{PHONE}\n{STATUS}\n{DATE}\n{EMAIL}\n{NEW_EMAIL}\n{NEW_SURNAME}\n{NEW_NAME}\n{NEW_MIDDLE_NAME}\n{NEW_REGION}\n{NEW_PHONE}\n{NEW_STATUS}\n{LINK}','textarea','required',1,8),(15,'main_add_prog','','textarea','trim',1,17),(16,'main_open_prog','','textarea','trim',1,18),(17,'main_add_app','','textarea','trim',1,19),(18,'main_open_app','','textarea','trim',1,20),(19,'image_width','280','input','required|trim|integer',1,22),(20,'image_height','280','input','required|trim|integer',1,23),(21,'program_mail_text','{SITE_NAME}\n{PROGRAM_NAME}\n{PROGRAM_DESC}\n{PROGRAM_MAIL}\n{PRINT_LINK}\n{VIEW_LINK}\n{DATE}','textarea','required|trim',1,10),(22,'program_mail_subject','{SITE_NAME} [{PROGRAM_NAME}] {DATE}','input','required|trim',1,9),(23,'status','Кинезитерапевт\nВрач реабилитолог\nИнструктор\nПациент\nДругое','textarea','required|trim',1,12),(24,'admin_register_text','{EMAIL}\n{SURNAME}\n{NAME}\n{MIDDLE_NAME}\n{REGION}\n{PHONE}\n{STATUS}\n{LINK}\n{PASSWORD}\n{IP}','textarea','required',1,6),(25,'tinypng_key','k9Mkqg1J0gx95U5g6g4vZbqBXcDT6uUm','input','required|trim',1,24),(26,'categories','Реабилитация\nФитнес\nТравматология\nОртопедия','textarea','required|trim',1,25);
/*!40000 ALTER TABLE `settings` ENABLE KEYS */;
UNLOCK TABLES;

--
-- Table structure for table `tags`
--

DROP TABLE IF EXISTS `tags`;
/*!40101 SET @saved_cs_client     = @@character_set_client */;
/*!40101 SET character_set_client = utf8 */;
CREATE TABLE `tags` (
  `id` int(11) NOT NULL AUTO_INCREMENT,
  `group_id` int(11) NOT NULL,
  `parent_id` int(11) DEFAULT NULL,
  `tag` varchar(255) NOT NULL,
  `order` int(11) DEFAULT '0',
  PRIMARY KEY (`id`),
  KEY `fk_tags_group` (`group_id`),
  KEY `fk_tags_parents` (`parent_id`),
  CONSTRAINT `fk_tags_group` FOREIGN KEY (`group_id`) REFERENCES `tags_groups` (`id`) ON DELETE CASCADE,
  CONSTRAINT `fk_tags_parents` FOREIGN KEY (`parent_id`) REFERENCES `tags` (`id`) ON DELETE CASCADE
) ENGINE=InnoDB AUTO_INCREMENT=67 DEFAULT CHARSET=utf8;
/*!40101 SET character_set_client = @saved_cs_client */;

--
-- Dumping data for table `tags`
--

LOCK TABLES `tags` WRITE;
/*!40000 ALTER TABLE `tags` DISABLE KEYS */;
INSERT INTO `tags` VALUES (9,1,NULL,'Ходьба',6),(14,1,NULL,'Укрепляющие упражнения',2),(18,2,NULL,'Лежа',1),(19,2,NULL,'Сидя',2),(20,2,NULL,'Стоя',3),(21,3,NULL,'Легкий',1),(22,3,NULL,'Средний',2),(23,3,NULL,'Высокий',3),(24,4,NULL,'шея',5),(25,4,NULL,'руки',6),(26,4,NULL,'плечи',7),(27,4,NULL,'спина',8),(28,4,NULL,'живот',9),(29,4,NULL,'ноги',10),(30,5,NULL,'Разгрузочный модуль',2),(31,5,NULL,'Силовой модуль',3),(32,5,NULL,'Вертикализатор',4),(33,5,NULL,'Многофункциональная скамья',6),(34,5,NULL,'Тренажер для стопы',5),(35,5,NULL,'Фитбол',7),(36,5,NULL,'Гимнастическая палка',12),(37,5,NULL,'Лента-эспандер',9),(38,5,NULL,'Гантели',10),(39,5,NULL,'Штанга',11),(40,5,NULL,'Без оборудования',13),(41,1,NULL,'Силовая тренировка ',1),(46,1,NULL,'Баланс и координация',4),(47,1,NULL,'Упражнения на развитие гибкости',3),(49,1,NULL,'Мобилизация ',5),(53,2,NULL,'Колено-кистевая стойка',4),(54,5,NULL,'Другое',14),(55,5,NULL,'Баланс подушка',8),(56,4,NULL,'Абдукторы',4),(57,4,NULL,'Аддукторы',3),(58,4,NULL,'Сгибатели ',2),(59,4,NULL,'Разгибатели',1),(64,1,NULL,'Ходунки ',7),(65,1,NULL,'Трости ',8),(66,5,NULL,'Нестабильные опоры',1);
/*!40000 ALTER TABLE `tags` ENABLE KEYS */;
UNLOCK TABLES;

--
-- Table structure for table `tags_groups`
--

DROP TABLE IF EXISTS `tags_groups`;
/*!40101 SET @saved_cs_client     = @@character_set_client */;
/*!40101 SET character_set_client = utf8 */;
CREATE TABLE `tags_groups` (
  `id` int(11) NOT NULL AUTO_INCREMENT,
  `name` varchar(255) NOT NULL,
  `colum` tinyint(1) DEFAULT '0',
  PRIMARY KEY (`id`)
) ENGINE=InnoDB AUTO_INCREMENT=6 DEFAULT CHARSET=utf8;
/*!40101 SET character_set_client = @saved_cs_client */;

--
-- Dumping data for table `tags_groups`
--

LOCK TABLES `tags_groups` WRITE;
/*!40000 ALTER TABLE `tags_groups` DISABLE KEYS */;
INSERT INTO `tags_groups` VALUES (1,'Тип упражнений',1),(2,'Исходное положение',1),(3,'Уровень сложности',2),(4,'Фокус упражнений',2),(5,'Оборудование',3);
/*!40000 ALTER TABLE `tags_groups` ENABLE KEYS */;
UNLOCK TABLES;

--
-- Table structure for table `users`
--

DROP TABLE IF EXISTS `users`;
/*!40101 SET @saved_cs_client     = @@character_set_client */;
/*!40101 SET character_set_client = utf8 */;
CREATE TABLE `users` (
  `id` int(11) NOT NULL AUTO_INCREMENT,
  `email` varchar(255) NOT NULL,
  `hash` varchar(512) NOT NULL,
  `surname` varchar(255) DEFAULT NULL,
  `name` varchar(255) DEFAULT NULL,
  `middle_name` varchar(255) DEFAULT NULL,
  `region` varchar(255) DEFAULT NULL,
  `phone` varchar(50) DEFAULT NULL,
  `is_admin` tinyint(1) DEFAULT '0',
  `registration` timestamp NOT NULL DEFAULT CURRENT_TIMESTAMP,
  `last_login` timestamp NOT NULL DEFAULT '0000-00-00 00:00:00',
  `type` varchar(255) DEFAULT NULL,
  `status` tinyint(1) DEFAULT '0',
  `confirm` varchar(32) DEFAULT NULL,
  `changes` text,
  `autologin` varchar(32) DEFAULT NULL,
  `url` varchar(32) DEFAULT NULL,
  `params` text,
  PRIMARY KEY (`id`),
  UNIQUE KEY `pk_mail` (`email`),
  KEY `pk_status` (`status`),
  KEY `pk_admin` (`is_admin`),
  KEY `pk_type` (`type`),
  KEY `pk_confirm` (`confirm`),
  KEY `pk_url` (`url`)
) ENGINE=InnoDB AUTO_INCREMENT=35 DEFAULT CHARSET=utf8;
/*!40101 SET character_set_client = @saved_cs_client */;

--
-- Dumping data for table `users`
--

LOCK TABLES `users` WRITE;
/*!40000 ALTER TABLE `users` DISABLE KEYS */;
INSERT INTO `users` VALUES (1,'79198889134@ya.ru','7847e798c12605e9f065c3dce0280f11ad528db706a967b4a0010f08ef27e5502467accd74436ac88867746fec929f6391e22c998fd8f9950b1865a15a823d58','Ковригин','Юрий','Леонидович','Ростовская область','79198889134',1,'2016-01-29 21:24:13','2016-09-14 18:54:12','',1,'f0b554c34be80753e22ae21671df84d3','{\"params\":\"null\"}',NULL,'b51cff9aaf6dc8a08920ffd28851e569',NULL),(10,'k3456275@yandex.ru','c041d754721798186594bf2bc0021d525327d643a8d057d640e735c5d9c027c9a3892cc349647696f056299def30db815d4c9783a450b94021ac0bf7f6d2cd70','','Юрий','','Москва и Московская область','3456275',0,'2016-02-11 12:05:22','2016-09-14 16:34:42','',1,NULL,NULL,NULL,'8cfff49a346652e3dfbd152ac4f3d074','{\"categories\":[\"\\u0420\\u0435\\u0430\\u0431\\u0438\\u043b\\u0438\\u0442\\u0430\\u0446\\u0438\\u044f\",\"\\u0424\\u0438\\u0442\\u043d\\u0435\\u0441\",\"\\u0422\\u0440\\u0430\\u0432\\u043c\\u0430\\u0442\\u043e\\u043b\\u043e\\u0433\\u0438\\u044f\",\"\\u041e\\u0440\\u0442\\u043e\\u043f\\u0435\\u0434\\u0438\\u044f\"]}'),(20,'79198889134@yandex.ru','5cd84275d6b0c701cccf7c411c917e4b4fe4d96538cda29f3ebd3c9379f3eff330aceb1ac758ddc1e6d8f1d7948b7c74094521efbd03e45b7908cbf4112698d8','Ковригин','Юрий','1','Москва и Московская область','2',0,'2016-02-15 19:56:39','2016-09-12 06:56:19','',1,NULL,NULL,NULL,'77e3dc380a37726b850720ec2b57036b','{\"categories\":[\"\\u0420\\u0435\\u0430\\u0431\\u0438\\u043b\\u0438\\u0442\\u0430\\u0446\\u0438\\u044f\"]}'),(21,'krym-o@mail.ru','f6c6b78837589ea450b821ebfd9f520e1647c41365260fec890ccc28c1ee40af24c6cc4bb20e0945d48baf9519629ca6f3f56884077a67203ab3f167111270fd','','','','','',0,'2016-02-15 20:36:33','2016-02-18 17:33:52','',1,'',NULL,NULL,'66a883fef0633d2e38e8e6eae6f1f37a',NULL),(22,'serg-borodinov@yandex.ru','b0412597dcea813655574dc54a5b74967cf85317f0332a2591be7953a016f8de56200eb37d5ba593b1e4aa27cea5ca27100f94dccd5b04bae5cadd4454dba67d','','','','','',0,'2016-02-16 17:10:56','2016-02-16 17:12:44','Пациент',1,'',NULL,'979c36aa676b2bd6c6fff233cbd394c6','459fb7505cad7374819fbe689197515f',NULL),(23,'mishazaitsev@mail.ru','eaee3a8d30bd8427fa5dc2da910474c716c58910f68250803ffd66094544904bbc81c659453a4b6020dba90e69075fd9e4aedda7179b0c94ff1359c4047c0d50','Зайцев','Михаил','Сергеевич','Москва и Московская область','499 159 83 39',0,'2016-02-20 15:49:02','2016-02-25 18:13:02','Пациент',1,'',NULL,'ddb7b081a2de09f3e410bf038413d840','726d097ced46801f56982b36ca157ac8',NULL),(27,'test@test.com','ee26b0dd4af7e749aa1a8ee3c10ae9923f618980772e473f8819a5d4940e0db27ac185f8a0e1d5f84f88bc887fd67b143732c304cc5fa9ad8e6f57f50028a8ff','','','','','',0,'2016-03-01 16:56:52','2016-09-12 11:35:49','',1,'c0bdf94612a25504662476966d7f0360',NULL,'945c6e75085a24b1484b1a435b110925','45d0f4172df69368d042f1b444e788e4',NULL),(29,'79198889134@ya.by','ab9dfe8c6c77e3b23468b66a5f1daa1dad3ba05b2bd8a16ad88bd5bbc788991305b6a491f674dbe496a86be3e483f236e6657b47edcfc1f0b7b9536a1eb13797','','','','','',0,'2016-03-02 15:26:08','2016-03-03 09:05:46','',1,'',NULL,NULL,'4c4f0915851034399d9dba0a34cfec44',NULL),(31,'ivn.aleksandr@gmail.com','13a804b9acf343bef09c654bbed2fc56c001e02b26eb8caf715504ca94f76f988ebc85ceffb855a4b3f26ad8d4c4400dc84d88395a7343ed5846615644665af5','Иванов','Александр','','Калужская область','',0,'2016-03-25 15:06:36','2016-07-19 12:40:10','Другое',1,'',NULL,NULL,'640484f08d17fbaada9b789f0dbef0dd',NULL),(32,'damirsalakhov@gmail.com','527f8511c09b3c38e74668d5b3101a3b2dd2eef0ef256048417e035f4f533acccac65251bd22263b4a2a56de67fa47245c5809dde2768eaeaf886d5a58ee9279','Salakhov','Damir','','','+79065077171',0,'2016-03-27 18:30:27','2016-03-27 18:45:19','Другое',1,'',NULL,'5d9380caf2c4ae794f02cc2971ab7bc8','42b5b75e7780a0b81373f3567ef05832',NULL),(33,'manager@reafit.ru','5fc2ca6f085919f2f77626f1e280fab9cc92b4edc9edc53ac6eee3f72c5c508e869ee9d67a96d63986d14c1c2b82c35ff5f31494bea831015424f59c96fff664','manager','','','','',2,'2016-04-25 21:19:09','2016-09-06 07:55:39','',1,'20e3392c3b452bd8ac3c7c0e69c23b52','{\"params\":\"null\",\"hash\":\"managermanager\"}',NULL,'e7515cafee3088e0da15da849a0ed0b2',NULL),(34,'info@reafit.ru','c041d754721798186594bf2bc0021d525327d643a8d057d640e735c5d9c027c9a3892cc349647696f056299def30db815d4c9783a450b94021ac0bf7f6d2cd70','Иванов','Петр','Сидорович','Москва и Московская область','',0,'2016-09-07 10:59:45','2016-09-10 18:38:44','Другое',1,NULL,NULL,NULL,'7126b7a0fd7b646f63f7c9f4b2df5b7f','{\"categories\":[\"\\u0420\\u0435\\u0430\\u0431\\u0438\\u043b\\u0438\\u0442\\u0430\\u0446\\u0438\\u044f\",\"\\u0424\\u0438\\u0442\\u043d\\u0435\\u0441\",\"\\u0422\\u0440\\u0430\\u0432\\u043c\\u0430\\u0442\\u043e\\u043b\\u043e\\u0433\\u0438\\u044f\",\"\\u041e\\u0440\\u0442\\u043e\\u043f\\u0435\\u0434\\u0438\\u044f\"]}');
/*!40000 ALTER TABLE `users` ENABLE KEYS */;
UNLOCK TABLES;

--
-- Table structure for table `users_favorites`
--

DROP TABLE IF EXISTS `users_favorites`;
/*!40101 SET @saved_cs_client     = @@character_set_client */;
/*!40101 SET character_set_client = utf8 */;
CREATE TABLE `users_favorites` (
  `id` int(11) NOT NULL AUTO_INCREMENT,
  `user_id` int(11) NOT NULL,
  `exercise_id` int(11) NOT NULL,
  PRIMARY KEY (`id`),
  KEY `fk_favorite_user` (`user_id`),
  KEY `fk_favorite_exercise` (`exercise_id`),
  CONSTRAINT `fk_favorite_exercise` FOREIGN KEY (`exercise_id`) REFERENCES `exercises` (`id`) ON DELETE CASCADE,
  CONSTRAINT `fk_favorite_user` FOREIGN KEY (`user_id`) REFERENCES `users` (`id`) ON DELETE CASCADE
) ENGINE=InnoDB AUTO_INCREMENT=37 DEFAULT CHARSET=utf8;
/*!40101 SET character_set_client = @saved_cs_client */;

--
-- Dumping data for table `users_favorites`
--

LOCK TABLES `users_favorites` WRITE;
/*!40000 ALTER TABLE `users_favorites` DISABLE KEYS */;
INSERT INTO `users_favorites` VALUES (26,22,54),(27,10,43),(28,10,44),(29,20,42),(30,31,70),(31,20,183),(36,20,113);
/*!40000 ALTER TABLE `users_favorites` ENABLE KEYS */;
UNLOCK TABLES;

--
-- Table structure for table `users_favorites_programs`
--

DROP TABLE IF EXISTS `users_favorites_programs`;
/*!40101 SET @saved_cs_client     = @@character_set_client */;
/*!40101 SET character_set_client = utf8 */;
CREATE TABLE `users_favorites_programs` (
  `id` int(11) NOT NULL AUTO_INCREMENT,
  `user_id` int(11) NOT NULL,
  `program_id` int(11) NOT NULL,
  PRIMARY KEY (`id`),
  KEY `fk_favorite_prog_user` (`user_id`),
  KEY `fk_favorite_program` (`program_id`),
  CONSTRAINT `fk_favorite_program` FOREIGN KEY (`program_id`) REFERENCES `programs` (`id`) ON DELETE CASCADE,
  CONSTRAINT `fk_favorite_prog_user` FOREIGN KEY (`user_id`) REFERENCES `users` (`id`) ON DELETE CASCADE
) ENGINE=InnoDB AUTO_INCREMENT=54 DEFAULT CHARSET=utf8;
/*!40101 SET character_set_client = @saved_cs_client */;

--
-- Dumping data for table `users_favorites_programs`
--

LOCK TABLES `users_favorites_programs` WRITE;
/*!40000 ALTER TABLE `users_favorites_programs` DISABLE KEYS */;
INSERT INTO `users_favorites_programs` VALUES (26,10,48),(27,10,61),(29,10,62),(33,20,36),(47,10,35),(48,10,40),(49,10,94),(50,10,96),(51,10,104),(53,10,121);
/*!40000 ALTER TABLE `users_favorites_programs` ENABLE KEYS */;
UNLOCK TABLES;

--
-- Dumping routines for database 'gb_rafit'
--
/*!40103 SET TIME_ZONE=@OLD_TIME_ZONE */;

/*!40101 SET SQL_MODE=@OLD_SQL_MODE */;
/*!40014 SET FOREIGN_KEY_CHECKS=@OLD_FOREIGN_KEY_CHECKS */;
/*!40014 SET UNIQUE_CHECKS=@OLD_UNIQUE_CHECKS */;
/*!40101 SET CHARACTER_SET_CLIENT=@OLD_CHARACTER_SET_CLIENT */;
/*!40101 SET CHARACTER_SET_RESULTS=@OLD_CHARACTER_SET_RESULTS */;
/*!40101 SET COLLATION_CONNECTION=@OLD_COLLATION_CONNECTION */;
/*!40111 SET SQL_NOTES=@OLD_SQL_NOTES */;

-- Dump completed on 2016-09-20  8:38:48
